participante_id;jogo_id;gols_a;gols_b
cc1a8b9b-d27a-4709-afc4-f98dc5b39814;00804107-d265-4ce0-8fa0-ddbe68e8163d;2;1
cc1a8b9b-d27a-4709-afc4-f98dc5b39814;eeb974eb-67fc-4260-a4ea-0a9450cd4bc7;1;0
cc1a8b9b-d27a-4709-afc4-f98dc5b39814;51f0ff44-15d4-4669-a082-050405194406;0;1
cc1a8b9b-d27a-4709-afc4-f98dc5b39814;e5044fff-3542-4b24-9331-b3c3bd84692d;1;1
cc1a8b9b-d27a-4709-afc4-f98dc5b39814;f2e46b5c-6866-492b-b8b3-f6cae34f7ec7;1;2
cc1a8b9b-d27a-4709-afc4-f98dc5b39814;f0e9ba93-8a74-429c-be82-31adef64970b;1;3
cc1a8b9b-d27a-4709-afc4-f98dc5b39814;2c237b79-380c-4474-b377-275e67b9c3a4;0;0
cc1a8b9b-d27a-4709-afc4-f98dc5b39814;1dc15474-5c90-41fd-833a-5bf953fc1a62;0;2
cc1a8b9b-d27a-4709-afc4-f98dc5b39814;ed124ab7-1f57-4c61-ae5b-85f327355a54;1;0
cc1a8b9b-d27a-4709-afc4-f98dc5b39814;bed268f0-cf7e-405c-a096-7cf8a582c7e2;1;1
cc1a8b9b-d27a-4709-afc4-f98dc5b39814;b6ed7065-a307-4e7d-b9f8-f454cdbdf5a8;3;2
cc1a8b9b-d27a-4709-afc4-f98dc5b39814;72b48638-ef0f-4645-92c8-51ec6218ed9a;0;1
cc1a8b9b-d27a-4709-afc4-f98dc5b39814;c6d40e5f-a57d-49c7-8a85-c6524e5629b6;2;1
cc1a8b9b-d27a-4709-afc4-f98dc5b39814;02f0c2c3-b0ec-4dc8-9286-274dc62d85b7;0;1
cc1a8b9b-d27a-4709-afc4-f98dc5b39814;46507557-7c9f-4c02-a1a1-6e23f971e923;1;1
cc1a8b9b-d27a-4709-afc4-f98dc5b39814;3e2e3c77-f016-493b-bf16-07e31fe91466;2;0
cc1a8b9b-d27a-4709-afc4-f98dc5b39814;558195d2-5afb-439d-b3ff-bd8aaa0d05ad;2;3
cc1a8b9b-d27a-4709-afc4-f98dc5b39814;790cc44b-d80a-4fa0-9dff-60a47c367dcc;0;0
cc1a8b9b-d27a-4709-afc4-f98dc5b39814;d15617ab-21a0-4233-b0c7-d81e9c4fe168;1;0
cc1a8b9b-d27a-4709-afc4-f98dc5b39814;8d6f9e88-4f45-4613-bed8-1104fed67e81;1;0
cc1a8b9b-d27a-4709-afc4-f98dc5b39814;38e77705-c9dd-4340-b07b-1a602079c785;2;1
cc1a8b9b-d27a-4709-afc4-f98dc5b39814;7029238d-800f-474c-a1a1-6e39f6426826;1;0
cc1a8b9b-d27a-4709-afc4-f98dc5b39814;b9fe6496-64c2-44a6-9e68-7faa1dbabf94;2;1
cc1a8b9b-d27a-4709-afc4-f98dc5b39814;e7c8da36-b6ff-47fa-9904-06af82e7ade4;1;1
cc1a8b9b-d27a-4709-afc4-f98dc5b39814;35f389be-886f-421b-a0da-6244a230cfc3;3;1
cc1a8b9b-d27a-4709-afc4-f98dc5b39814;9976821a-b7c4-45e4-90e1-4718a8ea498d;1;2
cc1a8b9b-d27a-4709-afc4-f98dc5b39814;4a3ff2cf-924a-40b2-8540-6213eacd2460;2;0
cc1a8b9b-d27a-4709-afc4-f98dc5b39814;bc757dba-eae9-449c-8986-3a7423db361b;3;0
cc1a8b9b-d27a-4709-afc4-f98dc5b39814;4a6a222f-45d8-46dc-a479-9e2862c5ec04;2;3
cc1a8b9b-d27a-4709-afc4-f98dc5b39814;ac7f16c1-b9ac-4471-bbc1-d224f3dea0eb;1;1
cc1a8b9b-d27a-4709-afc4-f98dc5b39814;720ea640-677c-40ea-b0f0-2349c14f43e9;1;2
cc1a8b9b-d27a-4709-afc4-f98dc5b39814;221524df-de81-4c62-b5fc-07692a7a6701;1;0
cc1a8b9b-d27a-4709-afc4-f98dc5b39814;7401aacf-a513-4899-add1-9020af17c085;1;0
cc1a8b9b-d27a-4709-afc4-f98dc5b39814;eb71238e-8f11-4b6c-b3d8-4f073dde25cb;0;2
cc1a8b9b-d27a-4709-afc4-f98dc5b39814;15ccd2e2-ff62-44af-9cdc-4ba734802b4c;0;0
cc1a8b9b-d27a-4709-afc4-f98dc5b39814;b89d061b-211b-468d-8df1-00be0ad11e3b;2;1
cc1a8b9b-d27a-4709-afc4-f98dc5b39814;cc216780-5af6-48e5-ba90-40b2b5095f6f;2;1
cc1a8b9b-d27a-4709-afc4-f98dc5b39814;23c37287-e2a9-46bd-8462-d93e552f7f02;1;0
cc1a8b9b-d27a-4709-afc4-f98dc5b39814;d1baa0fe-6f5b-4c77-ab18-cf3879a35202;2;0
cc1a8b9b-d27a-4709-afc4-f98dc5b39814;48233635-63c8-4c8e-9e24-f5fea034d578;0;1
cc1a8b9b-d27a-4709-afc4-f98dc5b39814;a0ed30bf-d2ba-4f20-b3ff-9235725a2828;0;1
cc1a8b9b-d27a-4709-afc4-f98dc5b39814;dbe94e5e-1ac1-483b-b3e3-b1837bd07b69;2;1
cc1a8b9b-d27a-4709-afc4-f98dc5b39814;b4c8645f-7fda-4983-9b85-79c70621e255;3;1
cc1a8b9b-d27a-4709-afc4-f98dc5b39814;fbafc025-bbef-4e8f-8c24-3168b7c94609;1;2
cc1a8b9b-d27a-4709-afc4-f98dc5b39814;577621d7-41f9-42e9-bc72-7cd5eb642329;3;2
cc1a8b9b-d27a-4709-afc4-f98dc5b39814;2e780d25-f1f5-4e6b-bed3-a2c17e245885;2;0
cc1a8b9b-d27a-4709-afc4-f98dc5b39814;c9bb33fd-91e7-4fba-b13a-32c8f574bac9;3;1
cc1a8b9b-d27a-4709-afc4-f98dc5b39814;4ed786d2-f903-4cfc-8bad-0b1c03757811;0;2
cc1a8b9b-d27a-4709-afc4-f98dc5b39814;ec8fa0cd-da44-4bb1-8124-94c0f54837cf;3;1
cc1a8b9b-d27a-4709-afc4-f98dc5b39814;4fbf144a-faa9-4928-aa94-424246daf5c2;1;1
cc1a8b9b-d27a-4709-afc4-f98dc5b39814;aefa3302-baf2-4aa1-84f3-c1b37212b1fd;2;1
cc1a8b9b-d27a-4709-afc4-f98dc5b39814;ffa9e78d-d28b-4f50-8147-10d459414ece;1;0
cc1a8b9b-d27a-4709-afc4-f98dc5b39814;e234852c-1749-439a-81a0-9714c2de6884;1;2
cc1a8b9b-d27a-4709-afc4-f98dc5b39814;617b2750-c295-4c2c-8947-16e4dfe3e4c3;1;0
cc1a8b9b-d27a-4709-afc4-f98dc5b39814;1af918bd-ec32-4802-bad5-4f631af54133;2;0
cc1a8b9b-d27a-4709-afc4-f98dc5b39814;84295db2-1e91-48de-9c8c-da77f961b366;1;0
cc1a8b9b-d27a-4709-afc4-f98dc5b39814;63ca3b21-8ae6-4694-b5d9-847f594847ca;2;1
cc1a8b9b-d27a-4709-afc4-f98dc5b39814;b16dc9f2-3dd6-4477-950f-33306996710f;0;0
cc1a8b9b-d27a-4709-afc4-f98dc5b39814;417bb761-fee7-4064-91c1-c0ac7f067f27;1;2
cc1a8b9b-d27a-4709-afc4-f98dc5b39814;39a3507d-d9d6-496f-b1d2-1b17699bdcff;0;1
cc1a8b9b-d27a-4709-afc4-f98dc5b39814;c5b846f6-0e5f-488f-8db9-903cf600effb;1;0
cc1a8b9b-d27a-4709-afc4-f98dc5b39814;05922653-dbb1-4d88-9481-81d45a2a89d4;0;2
cc1a8b9b-d27a-4709-afc4-f98dc5b39814;99412f67-a0f5-4a96-a16c-8d79249bbfef;2;0
cc1a8b9b-d27a-4709-afc4-f98dc5b39814;fc1a59d4-4b43-412c-a8cf-df27888531b1;2;1
cc1a8b9b-d27a-4709-afc4-f98dc5b39814;0a1b2929-b031-4c05-9f44-eb05cc63e024;0;3
cc1a8b9b-d27a-4709-afc4-f98dc5b39814;9fa9c061-bbc6-494a-a0b1-3b04e740478e;2;1
cc1a8b9b-d27a-4709-afc4-f98dc5b39814;c4fdc0dc-d354-4607-bf5d-9663d8ffcb63;0;1
cc1a8b9b-d27a-4709-afc4-f98dc5b39814;75669d9e-deb8-4a01-8f82-efcafd8e3cad;1;1
cc1a8b9b-d27a-4709-afc4-f98dc5b39814;214de929-fd81-4d39-9c4a-8833663e4fe1;2;0
cc1a8b9b-d27a-4709-afc4-f98dc5b39814;0aa2ebcd-70de-412a-9441-b8b8075500f9;0;1
cc1a8b9b-d27a-4709-afc4-f98dc5b39814;3bce09a8-fe18-493f-bba3-75b418219afc;1;2
cc1a8b9b-d27a-4709-afc4-f98dc5b39814;c69858fe-95a6-4da7-b0ed-a1c58b2d06b3;1;1
dfe8cfcb-f864-4352-ac4c-e5cf39457a05;00804107-d265-4ce0-8fa0-ddbe68e8163d;1;2
dfe8cfcb-f864-4352-ac4c-e5cf39457a05;eeb974eb-67fc-4260-a4ea-0a9450cd4bc7;0;1
dfe8cfcb-f864-4352-ac4c-e5cf39457a05;51f0ff44-15d4-4669-a082-050405194406;2;1
dfe8cfcb-f864-4352-ac4c-e5cf39457a05;e5044fff-3542-4b24-9331-b3c3bd84692d;1;1
dfe8cfcb-f864-4352-ac4c-e5cf39457a05;f2e46b5c-6866-492b-b8b3-f6cae34f7ec7;1;0
dfe8cfcb-f864-4352-ac4c-e5cf39457a05;f0e9ba93-8a74-429c-be82-31adef64970b;2;1
dfe8cfcb-f864-4352-ac4c-e5cf39457a05;2c237b79-380c-4474-b377-275e67b9c3a4;0;1
dfe8cfcb-f864-4352-ac4c-e5cf39457a05;1dc15474-5c90-41fd-833a-5bf953fc1a62;0;3
dfe8cfcb-f864-4352-ac4c-e5cf39457a05;ed124ab7-1f57-4c61-ae5b-85f327355a54;1;1
dfe8cfcb-f864-4352-ac4c-e5cf39457a05;bed268f0-cf7e-405c-a096-7cf8a582c7e2;1;0
dfe8cfcb-f864-4352-ac4c-e5cf39457a05;b6ed7065-a307-4e7d-b9f8-f454cdbdf5a8;2;1
dfe8cfcb-f864-4352-ac4c-e5cf39457a05;72b48638-ef0f-4645-92c8-51ec6218ed9a;1;2
dfe8cfcb-f864-4352-ac4c-e5cf39457a05;c6d40e5f-a57d-49c7-8a85-c6524e5629b6;1;1
dfe8cfcb-f864-4352-ac4c-e5cf39457a05;02f0c2c3-b0ec-4dc8-9286-274dc62d85b7;0;6
dfe8cfcb-f864-4352-ac4c-e5cf39457a05;46507557-7c9f-4c02-a1a1-6e23f971e923;0;0
dfe8cfcb-f864-4352-ac4c-e5cf39457a05;3e2e3c77-f016-493b-bf16-07e31fe91466;8;0
dfe8cfcb-f864-4352-ac4c-e5cf39457a05;558195d2-5afb-439d-b3ff-bd8aaa0d05ad;0;1
dfe8cfcb-f864-4352-ac4c-e5cf39457a05;790cc44b-d80a-4fa0-9dff-60a47c367dcc;5;0
dfe8cfcb-f864-4352-ac4c-e5cf39457a05;d15617ab-21a0-4233-b0c7-d81e9c4fe168;0;0
dfe8cfcb-f864-4352-ac4c-e5cf39457a05;8d6f9e88-4f45-4613-bed8-1104fed67e81;0;3
dfe8cfcb-f864-4352-ac4c-e5cf39457a05;38e77705-c9dd-4340-b07b-1a602079c785;3;0
dfe8cfcb-f864-4352-ac4c-e5cf39457a05;7029238d-800f-474c-a1a1-6e39f6426826;1;1
dfe8cfcb-f864-4352-ac4c-e5cf39457a05;b9fe6496-64c2-44a6-9e68-7faa1dbabf94;2;1
dfe8cfcb-f864-4352-ac4c-e5cf39457a05;e7c8da36-b6ff-47fa-9904-06af82e7ade4;1;0
dfe8cfcb-f864-4352-ac4c-e5cf39457a05;35f389be-886f-421b-a0da-6244a230cfc3;3;0
dfe8cfcb-f864-4352-ac4c-e5cf39457a05;9976821a-b7c4-45e4-90e1-4718a8ea498d;1;1
dfe8cfcb-f864-4352-ac4c-e5cf39457a05;4a3ff2cf-924a-40b2-8540-6213eacd2460;3;1
dfe8cfcb-f864-4352-ac4c-e5cf39457a05;bc757dba-eae9-449c-8986-3a7423db361b;2;0
dfe8cfcb-f864-4352-ac4c-e5cf39457a05;4a6a222f-45d8-46dc-a479-9e2862c5ec04;1;3
dfe8cfcb-f864-4352-ac4c-e5cf39457a05;ac7f16c1-b9ac-4471-bbc1-d224f3dea0eb;0;3
dfe8cfcb-f864-4352-ac4c-e5cf39457a05;720ea640-677c-40ea-b0f0-2349c14f43e9;2;2
dfe8cfcb-f864-4352-ac4c-e5cf39457a05;221524df-de81-4c62-b5fc-07692a7a6701;1;1
dfe8cfcb-f864-4352-ac4c-e5cf39457a05;7401aacf-a513-4899-add1-9020af17c085;2;1
dfe8cfcb-f864-4352-ac4c-e5cf39457a05;eb71238e-8f11-4b6c-b3d8-4f073dde25cb;1;2
dfe8cfcb-f864-4352-ac4c-e5cf39457a05;15ccd2e2-ff62-44af-9cdc-4ba734802b4c;0;3
dfe8cfcb-f864-4352-ac4c-e5cf39457a05;b89d061b-211b-468d-8df1-00be0ad11e3b;2;1
dfe8cfcb-f864-4352-ac4c-e5cf39457a05;cc216780-5af6-48e5-ba90-40b2b5095f6f;2;0
dfe8cfcb-f864-4352-ac4c-e5cf39457a05;23c37287-e2a9-46bd-8462-d93e552f7f02;2;0
dfe8cfcb-f864-4352-ac4c-e5cf39457a05;d1baa0fe-6f5b-4c77-ab18-cf3879a35202;3;1
dfe8cfcb-f864-4352-ac4c-e5cf39457a05;48233635-63c8-4c8e-9e24-f5fea034d578;0;2
dfe8cfcb-f864-4352-ac4c-e5cf39457a05;a0ed30bf-d2ba-4f20-b3ff-9235725a2828;0;3
dfe8cfcb-f864-4352-ac4c-e5cf39457a05;dbe94e5e-1ac1-483b-b3e3-b1837bd07b69;2;1
dfe8cfcb-f864-4352-ac4c-e5cf39457a05;b4c8645f-7fda-4983-9b85-79c70621e255;2;0
dfe8cfcb-f864-4352-ac4c-e5cf39457a05;fbafc025-bbef-4e8f-8c24-3168b7c94609;0;1
dfe8cfcb-f864-4352-ac4c-e5cf39457a05;577621d7-41f9-42e9-bc72-7cd5eb642329;2;0
dfe8cfcb-f864-4352-ac4c-e5cf39457a05;2e780d25-f1f5-4e6b-bed3-a2c17e245885;3;0
dfe8cfcb-f864-4352-ac4c-e5cf39457a05;c9bb33fd-91e7-4fba-b13a-32c8f574bac9;0;1
dfe8cfcb-f864-4352-ac4c-e5cf39457a05;4ed786d2-f903-4cfc-8bad-0b1c03757811;1;1
dfe8cfcb-f864-4352-ac4c-e5cf39457a05;ec8fa0cd-da44-4bb1-8124-94c0f54837cf;2;1
dfe8cfcb-f864-4352-ac4c-e5cf39457a05;4fbf144a-faa9-4928-aa94-424246daf5c2;1;3
dfe8cfcb-f864-4352-ac4c-e5cf39457a05;aefa3302-baf2-4aa1-84f3-c1b37212b1fd;4;0
dfe8cfcb-f864-4352-ac4c-e5cf39457a05;ffa9e78d-d28b-4f50-8147-10d459414ece;1;1
dfe8cfcb-f864-4352-ac4c-e5cf39457a05;e234852c-1749-439a-81a0-9714c2de6884;0;2
dfe8cfcb-f864-4352-ac4c-e5cf39457a05;617b2750-c295-4c2c-8947-16e4dfe3e4c3;2;0
dfe8cfcb-f864-4352-ac4c-e5cf39457a05;1af918bd-ec32-4802-bad5-4f631af54133;1;0
dfe8cfcb-f864-4352-ac4c-e5cf39457a05;84295db2-1e91-48de-9c8c-da77f961b366;1;0
dfe8cfcb-f864-4352-ac4c-e5cf39457a05;63ca3b21-8ae6-4694-b5d9-847f594847ca;2;0
dfe8cfcb-f864-4352-ac4c-e5cf39457a05;b16dc9f2-3dd6-4477-950f-33306996710f;1;1
dfe8cfcb-f864-4352-ac4c-e5cf39457a05;417bb761-fee7-4064-91c1-c0ac7f067f27;0;3
dfe8cfcb-f864-4352-ac4c-e5cf39457a05;39a3507d-d9d6-496f-b1d2-1b17699bdcff;1;1
dfe8cfcb-f864-4352-ac4c-e5cf39457a05;c5b846f6-0e5f-488f-8db9-903cf600effb;3;0
dfe8cfcb-f864-4352-ac4c-e5cf39457a05;05922653-dbb1-4d88-9481-81d45a2a89d4;0;1
dfe8cfcb-f864-4352-ac4c-e5cf39457a05;99412f67-a0f5-4a96-a16c-8d79249bbfef;3;0
dfe8cfcb-f864-4352-ac4c-e5cf39457a05;fc1a59d4-4b43-412c-a8cf-df27888531b1;2;1
dfe8cfcb-f864-4352-ac4c-e5cf39457a05;0a1b2929-b031-4c05-9f44-eb05cc63e024;1;2
dfe8cfcb-f864-4352-ac4c-e5cf39457a05;9fa9c061-bbc6-494a-a0b1-3b04e740478e;2;2
dfe8cfcb-f864-4352-ac4c-e5cf39457a05;c4fdc0dc-d354-4607-bf5d-9663d8ffcb63;1;1
dfe8cfcb-f864-4352-ac4c-e5cf39457a05;75669d9e-deb8-4a01-8f82-efcafd8e3cad;3;0
dfe8cfcb-f864-4352-ac4c-e5cf39457a05;214de929-fd81-4d39-9c4a-8833663e4fe1;1;0
dfe8cfcb-f864-4352-ac4c-e5cf39457a05;0aa2ebcd-70de-412a-9441-b8b8075500f9;0;2
dfe8cfcb-f864-4352-ac4c-e5cf39457a05;3bce09a8-fe18-493f-bba3-75b418219afc;0;1
dfe8cfcb-f864-4352-ac4c-e5cf39457a05;c69858fe-95a6-4da7-b0ed-a1c58b2d06b3;1;1
31627d83-fa50-4425-877f-ceb010be03c5;00804107-d265-4ce0-8fa0-ddbe68e8163d;0;1
31627d83-fa50-4425-877f-ceb010be03c5;eeb974eb-67fc-4260-a4ea-0a9450cd4bc7;2;0
31627d83-fa50-4425-877f-ceb010be03c5;51f0ff44-15d4-4669-a082-050405194406;0;0
31627d83-fa50-4425-877f-ceb010be03c5;e5044fff-3542-4b24-9331-b3c3bd84692d;1;2
31627d83-fa50-4425-877f-ceb010be03c5;f2e46b5c-6866-492b-b8b3-f6cae34f7ec7;0;1
31627d83-fa50-4425-877f-ceb010be03c5;f0e9ba93-8a74-429c-be82-31adef64970b;1;2
31627d83-fa50-4425-877f-ceb010be03c5;2c237b79-380c-4474-b377-275e67b9c3a4;2;0
31627d83-fa50-4425-877f-ceb010be03c5;1dc15474-5c90-41fd-833a-5bf953fc1a62;0;2
31627d83-fa50-4425-877f-ceb010be03c5;ed124ab7-1f57-4c61-ae5b-85f327355a54;2;1
31627d83-fa50-4425-877f-ceb010be03c5;bed268f0-cf7e-405c-a096-7cf8a582c7e2;2;1
31627d83-fa50-4425-877f-ceb010be03c5;b6ed7065-a307-4e7d-b9f8-f454cdbdf5a8;3;2
31627d83-fa50-4425-877f-ceb010be03c5;72b48638-ef0f-4645-92c8-51ec6218ed9a;1;0
31627d83-fa50-4425-877f-ceb010be03c5;c6d40e5f-a57d-49c7-8a85-c6524e5629b6;2;0
31627d83-fa50-4425-877f-ceb010be03c5;02f0c2c3-b0ec-4dc8-9286-274dc62d85b7;1;2
31627d83-fa50-4425-877f-ceb010be03c5;46507557-7c9f-4c02-a1a1-6e23f971e923;1;2
31627d83-fa50-4425-877f-ceb010be03c5;3e2e3c77-f016-493b-bf16-07e31fe91466;4;0
31627d83-fa50-4425-877f-ceb010be03c5;558195d2-5afb-439d-b3ff-bd8aaa0d05ad;0;2
31627d83-fa50-4425-877f-ceb010be03c5;790cc44b-d80a-4fa0-9dff-60a47c367dcc;2;1
31627d83-fa50-4425-877f-ceb010be03c5;d15617ab-21a0-4233-b0c7-d81e9c4fe168;2;1
31627d83-fa50-4425-877f-ceb010be03c5;8d6f9e88-4f45-4613-bed8-1104fed67e81;2;1
31627d83-fa50-4425-877f-ceb010be03c5;38e77705-c9dd-4340-b07b-1a602079c785;1;1
31627d83-fa50-4425-877f-ceb010be03c5;7029238d-800f-474c-a1a1-6e39f6426826;0;2
31627d83-fa50-4425-877f-ceb010be03c5;b9fe6496-64c2-44a6-9e68-7faa1dbabf94;1;3
31627d83-fa50-4425-877f-ceb010be03c5;e7c8da36-b6ff-47fa-9904-06af82e7ade4;2;1
31627d83-fa50-4425-877f-ceb010be03c5;35f389be-886f-421b-a0da-6244a230cfc3;4;0
31627d83-fa50-4425-877f-ceb010be03c5;9976821a-b7c4-45e4-90e1-4718a8ea498d;1;3
31627d83-fa50-4425-877f-ceb010be03c5;4a3ff2cf-924a-40b2-8540-6213eacd2460;3;0
31627d83-fa50-4425-877f-ceb010be03c5;bc757dba-eae9-449c-8986-3a7423db361b;2;0
31627d83-fa50-4425-877f-ceb010be03c5;4a6a222f-45d8-46dc-a479-9e2862c5ec04;1;1
31627d83-fa50-4425-877f-ceb010be03c5;ac7f16c1-b9ac-4471-bbc1-d224f3dea0eb;1;2
31627d83-fa50-4425-877f-ceb010be03c5;720ea640-677c-40ea-b0f0-2349c14f43e9;2;1
31627d83-fa50-4425-877f-ceb010be03c5;221524df-de81-4c62-b5fc-07692a7a6701;1;1
31627d83-fa50-4425-877f-ceb010be03c5;7401aacf-a513-4899-add1-9020af17c085;2;0
31627d83-fa50-4425-877f-ceb010be03c5;eb71238e-8f11-4b6c-b3d8-4f073dde25cb;0;1
31627d83-fa50-4425-877f-ceb010be03c5;15ccd2e2-ff62-44af-9cdc-4ba734802b4c;0;3
31627d83-fa50-4425-877f-ceb010be03c5;b89d061b-211b-468d-8df1-00be0ad11e3b;2;1
31627d83-fa50-4425-877f-ceb010be03c5;cc216780-5af6-48e5-ba90-40b2b5095f6f;2;1
31627d83-fa50-4425-877f-ceb010be03c5;23c37287-e2a9-46bd-8462-d93e552f7f02;0;0
31627d83-fa50-4425-877f-ceb010be03c5;d1baa0fe-6f5b-4c77-ab18-cf3879a35202;1;0
31627d83-fa50-4425-877f-ceb010be03c5;48233635-63c8-4c8e-9e24-f5fea034d578;2;1
31627d83-fa50-4425-877f-ceb010be03c5;a0ed30bf-d2ba-4f20-b3ff-9235725a2828;1;1
31627d83-fa50-4425-877f-ceb010be03c5;dbe94e5e-1ac1-483b-b3e3-b1837bd07b69;1;1
31627d83-fa50-4425-877f-ceb010be03c5;b4c8645f-7fda-4983-9b85-79c70621e255;5;0
31627d83-fa50-4425-877f-ceb010be03c5;fbafc025-bbef-4e8f-8c24-3168b7c94609;1;2
31627d83-fa50-4425-877f-ceb010be03c5;577621d7-41f9-42e9-bc72-7cd5eb642329;2;0
31627d83-fa50-4425-877f-ceb010be03c5;2e780d25-f1f5-4e6b-bed3-a2c17e245885;3;0
31627d83-fa50-4425-877f-ceb010be03c5;c9bb33fd-91e7-4fba-b13a-32c8f574bac9;1;2
31627d83-fa50-4425-877f-ceb010be03c5;4ed786d2-f903-4cfc-8bad-0b1c03757811;0;2
31627d83-fa50-4425-877f-ceb010be03c5;ec8fa0cd-da44-4bb1-8124-94c0f54837cf;2;0
31627d83-fa50-4425-877f-ceb010be03c5;4fbf144a-faa9-4928-aa94-424246daf5c2;1;0
31627d83-fa50-4425-877f-ceb010be03c5;aefa3302-baf2-4aa1-84f3-c1b37212b1fd;2;1
31627d83-fa50-4425-877f-ceb010be03c5;ffa9e78d-d28b-4f50-8147-10d459414ece;1;2
31627d83-fa50-4425-877f-ceb010be03c5;e234852c-1749-439a-81a0-9714c2de6884;0;3
31627d83-fa50-4425-877f-ceb010be03c5;617b2750-c295-4c2c-8947-16e4dfe3e4c3;1;0
31627d83-fa50-4425-877f-ceb010be03c5;1af918bd-ec32-4802-bad5-4f631af54133;3;1
31627d83-fa50-4425-877f-ceb010be03c5;84295db2-1e91-48de-9c8c-da77f961b366;1;0
31627d83-fa50-4425-877f-ceb010be03c5;63ca3b21-8ae6-4694-b5d9-847f594847ca;2;0
31627d83-fa50-4425-877f-ceb010be03c5;b16dc9f2-3dd6-4477-950f-33306996710f;1;1
31627d83-fa50-4425-877f-ceb010be03c5;417bb761-fee7-4064-91c1-c0ac7f067f27;0;3
31627d83-fa50-4425-877f-ceb010be03c5;39a3507d-d9d6-496f-b1d2-1b17699bdcff;0;0
31627d83-fa50-4425-877f-ceb010be03c5;c5b846f6-0e5f-488f-8db9-903cf600effb;3;1
31627d83-fa50-4425-877f-ceb010be03c5;05922653-dbb1-4d88-9481-81d45a2a89d4;0;2
31627d83-fa50-4425-877f-ceb010be03c5;99412f67-a0f5-4a96-a16c-8d79249bbfef;2;0
31627d83-fa50-4425-877f-ceb010be03c5;fc1a59d4-4b43-412c-a8cf-df27888531b1;2;1
31627d83-fa50-4425-877f-ceb010be03c5;0a1b2929-b031-4c05-9f44-eb05cc63e024;1;2
31627d83-fa50-4425-877f-ceb010be03c5;9fa9c061-bbc6-494a-a0b1-3b04e740478e;1;0
31627d83-fa50-4425-877f-ceb010be03c5;c4fdc0dc-d354-4607-bf5d-9663d8ffcb63;2;1
31627d83-fa50-4425-877f-ceb010be03c5;75669d9e-deb8-4a01-8f82-efcafd8e3cad;2;0
31627d83-fa50-4425-877f-ceb010be03c5;214de929-fd81-4d39-9c4a-8833663e4fe1;3;1
31627d83-fa50-4425-877f-ceb010be03c5;0aa2ebcd-70de-412a-9441-b8b8075500f9;0;2
31627d83-fa50-4425-877f-ceb010be03c5;3bce09a8-fe18-493f-bba3-75b418219afc;0;4
31627d83-fa50-4425-877f-ceb010be03c5;c69858fe-95a6-4da7-b0ed-a1c58b2d06b3;1;1
8c9f3e03-8a66-4590-949d-4597c07b4f9b;00804107-d265-4ce0-8fa0-ddbe68e8163d;2;1
8c9f3e03-8a66-4590-949d-4597c07b4f9b;eeb974eb-67fc-4260-a4ea-0a9450cd4bc7;1;2
8c9f3e03-8a66-4590-949d-4597c07b4f9b;51f0ff44-15d4-4669-a082-050405194406;3;1
8c9f3e03-8a66-4590-949d-4597c07b4f9b;e5044fff-3542-4b24-9331-b3c3bd84692d;1;1
8c9f3e03-8a66-4590-949d-4597c07b4f9b;f2e46b5c-6866-492b-b8b3-f6cae34f7ec7;1;0
8c9f3e03-8a66-4590-949d-4597c07b4f9b;f0e9ba93-8a74-429c-be82-31adef64970b;1;0
8c9f3e03-8a66-4590-949d-4597c07b4f9b;2c237b79-380c-4474-b377-275e67b9c3a4;2;2
8c9f3e03-8a66-4590-949d-4597c07b4f9b;1dc15474-5c90-41fd-833a-5bf953fc1a62;1;3
8c9f3e03-8a66-4590-949d-4597c07b4f9b;ed124ab7-1f57-4c61-ae5b-85f327355a54;2;0
8c9f3e03-8a66-4590-949d-4597c07b4f9b;bed268f0-cf7e-405c-a096-7cf8a582c7e2;2;1
8c9f3e03-8a66-4590-949d-4597c07b4f9b;b6ed7065-a307-4e7d-b9f8-f454cdbdf5a8;2;1
8c9f3e03-8a66-4590-949d-4597c07b4f9b;72b48638-ef0f-4645-92c8-51ec6218ed9a;1;0
8c9f3e03-8a66-4590-949d-4597c07b4f9b;c6d40e5f-a57d-49c7-8a85-c6524e5629b6;2;0
8c9f3e03-8a66-4590-949d-4597c07b4f9b;02f0c2c3-b0ec-4dc8-9286-274dc62d85b7;0;2
8c9f3e03-8a66-4590-949d-4597c07b4f9b;46507557-7c9f-4c02-a1a1-6e23f971e923;1;0
8c9f3e03-8a66-4590-949d-4597c07b4f9b;3e2e3c77-f016-493b-bf16-07e31fe91466;3;0
8c9f3e03-8a66-4590-949d-4597c07b4f9b;558195d2-5afb-439d-b3ff-bd8aaa0d05ad;1;2
8c9f3e03-8a66-4590-949d-4597c07b4f9b;790cc44b-d80a-4fa0-9dff-60a47c367dcc;1;1
8c9f3e03-8a66-4590-949d-4597c07b4f9b;d15617ab-21a0-4233-b0c7-d81e9c4fe168;2;3
8c9f3e03-8a66-4590-949d-4597c07b4f9b;8d6f9e88-4f45-4613-bed8-1104fed67e81;2;2
8c9f3e03-8a66-4590-949d-4597c07b4f9b;38e77705-c9dd-4340-b07b-1a602079c785;1;0
8c9f3e03-8a66-4590-949d-4597c07b4f9b;7029238d-800f-474c-a1a1-6e39f6426826;1;3
8c9f3e03-8a66-4590-949d-4597c07b4f9b;b9fe6496-64c2-44a6-9e68-7faa1dbabf94;1;2
8c9f3e03-8a66-4590-949d-4597c07b4f9b;e7c8da36-b6ff-47fa-9904-06af82e7ade4;1;0
8c9f3e03-8a66-4590-949d-4597c07b4f9b;35f389be-886f-421b-a0da-6244a230cfc3;3;0
8c9f3e03-8a66-4590-949d-4597c07b4f9b;9976821a-b7c4-45e4-90e1-4718a8ea498d;1;2
8c9f3e03-8a66-4590-949d-4597c07b4f9b;4a3ff2cf-924a-40b2-8540-6213eacd2460;2;0
8c9f3e03-8a66-4590-949d-4597c07b4f9b;bc757dba-eae9-449c-8986-3a7423db361b;2;0
8c9f3e03-8a66-4590-949d-4597c07b4f9b;4a6a222f-45d8-46dc-a479-9e2862c5ec04;1;1
8c9f3e03-8a66-4590-949d-4597c07b4f9b;ac7f16c1-b9ac-4471-bbc1-d224f3dea0eb;1;2
8c9f3e03-8a66-4590-949d-4597c07b4f9b;720ea640-677c-40ea-b0f0-2349c14f43e9;1;0
8c9f3e03-8a66-4590-949d-4597c07b4f9b;221524df-de81-4c62-b5fc-07692a7a6701;2;0
8c9f3e03-8a66-4590-949d-4597c07b4f9b;7401aacf-a513-4899-add1-9020af17c085;2;2
8c9f3e03-8a66-4590-949d-4597c07b4f9b;eb71238e-8f11-4b6c-b3d8-4f073dde25cb;1;2
8c9f3e03-8a66-4590-949d-4597c07b4f9b;15ccd2e2-ff62-44af-9cdc-4ba734802b4c;0;3
8c9f3e03-8a66-4590-949d-4597c07b4f9b;b89d061b-211b-468d-8df1-00be0ad11e3b;2;1
8c9f3e03-8a66-4590-949d-4597c07b4f9b;cc216780-5af6-48e5-ba90-40b2b5095f6f;2;0
8c9f3e03-8a66-4590-949d-4597c07b4f9b;23c37287-e2a9-46bd-8462-d93e552f7f02;0;1
8c9f3e03-8a66-4590-949d-4597c07b4f9b;d1baa0fe-6f5b-4c77-ab18-cf3879a35202;3;0
8c9f3e03-8a66-4590-949d-4597c07b4f9b;48233635-63c8-4c8e-9e24-f5fea034d578;1;0
8c9f3e03-8a66-4590-949d-4597c07b4f9b;a0ed30bf-d2ba-4f20-b3ff-9235725a2828;1;2
8c9f3e03-8a66-4590-949d-4597c07b4f9b;dbe94e5e-1ac1-483b-b3e3-b1837bd07b69;2;1
8c9f3e03-8a66-4590-949d-4597c07b4f9b;b4c8645f-7fda-4983-9b85-79c70621e255;3;1
8c9f3e03-8a66-4590-949d-4597c07b4f9b;fbafc025-bbef-4e8f-8c24-3168b7c94609;1;2
8c9f3e03-8a66-4590-949d-4597c07b4f9b;577621d7-41f9-42e9-bc72-7cd5eb642329;2;0
8c9f3e03-8a66-4590-949d-4597c07b4f9b;2e780d25-f1f5-4e6b-bed3-a2c17e245885;3;0
8c9f3e03-8a66-4590-949d-4597c07b4f9b;c9bb33fd-91e7-4fba-b13a-32c8f574bac9;2;2
8c9f3e03-8a66-4590-949d-4597c07b4f9b;4ed786d2-f903-4cfc-8bad-0b1c03757811;1;2
8c9f3e03-8a66-4590-949d-4597c07b4f9b;ec8fa0cd-da44-4bb1-8124-94c0f54837cf;2;0
8c9f3e03-8a66-4590-949d-4597c07b4f9b;4fbf144a-faa9-4928-aa94-424246daf5c2;1;3
8c9f3e03-8a66-4590-949d-4597c07b4f9b;aefa3302-baf2-4aa1-84f3-c1b37212b1fd;3;0
8c9f3e03-8a66-4590-949d-4597c07b4f9b;ffa9e78d-d28b-4f50-8147-10d459414ece;2;2
8c9f3e03-8a66-4590-949d-4597c07b4f9b;e234852c-1749-439a-81a0-9714c2de6884;1;2
8c9f3e03-8a66-4590-949d-4597c07b4f9b;617b2750-c295-4c2c-8947-16e4dfe3e4c3;2;1
8c9f3e03-8a66-4590-949d-4597c07b4f9b;1af918bd-ec32-4802-bad5-4f631af54133;3;1
8c9f3e03-8a66-4590-949d-4597c07b4f9b;84295db2-1e91-48de-9c8c-da77f961b366;2;1
8c9f3e03-8a66-4590-949d-4597c07b4f9b;63ca3b21-8ae6-4694-b5d9-847f594847ca;2;1
8c9f3e03-8a66-4590-949d-4597c07b4f9b;b16dc9f2-3dd6-4477-950f-33306996710f;0;1
8c9f3e03-8a66-4590-949d-4597c07b4f9b;417bb761-fee7-4064-91c1-c0ac7f067f27;1;2
8c9f3e03-8a66-4590-949d-4597c07b4f9b;39a3507d-d9d6-496f-b1d2-1b17699bdcff;1;1
8c9f3e03-8a66-4590-949d-4597c07b4f9b;c5b846f6-0e5f-488f-8db9-903cf600effb;3;0
8c9f3e03-8a66-4590-949d-4597c07b4f9b;05922653-dbb1-4d88-9481-81d45a2a89d4;0;3
8c9f3e03-8a66-4590-949d-4597c07b4f9b;99412f67-a0f5-4a96-a16c-8d79249bbfef;4;1
8c9f3e03-8a66-4590-949d-4597c07b4f9b;fc1a59d4-4b43-412c-a8cf-df27888531b1;2;0
8c9f3e03-8a66-4590-949d-4597c07b4f9b;0a1b2929-b031-4c05-9f44-eb05cc63e024;2;2
8c9f3e03-8a66-4590-949d-4597c07b4f9b;9fa9c061-bbc6-494a-a0b1-3b04e740478e;3;2
8c9f3e03-8a66-4590-949d-4597c07b4f9b;c4fdc0dc-d354-4607-bf5d-9663d8ffcb63;1;0
8c9f3e03-8a66-4590-949d-4597c07b4f9b;75669d9e-deb8-4a01-8f82-efcafd8e3cad;2;2
8c9f3e03-8a66-4590-949d-4597c07b4f9b;214de929-fd81-4d39-9c4a-8833663e4fe1;3;1
8c9f3e03-8a66-4590-949d-4597c07b4f9b;0aa2ebcd-70de-412a-9441-b8b8075500f9;1;1
8c9f3e03-8a66-4590-949d-4597c07b4f9b;3bce09a8-fe18-493f-bba3-75b418219afc;1;2
8c9f3e03-8a66-4590-949d-4597c07b4f9b;c69858fe-95a6-4da7-b0ed-a1c58b2d06b3;3;1
58568bdd-5e50-4fc9-a383-443e2b7686c1;00804107-d265-4ce0-8fa0-ddbe68e8163d;2;0
58568bdd-5e50-4fc9-a383-443e2b7686c1;eeb974eb-67fc-4260-a4ea-0a9450cd4bc7;1;0
58568bdd-5e50-4fc9-a383-443e2b7686c1;51f0ff44-15d4-4669-a082-050405194406;1;1
58568bdd-5e50-4fc9-a383-443e2b7686c1;e5044fff-3542-4b24-9331-b3c3bd84692d;2;1
58568bdd-5e50-4fc9-a383-443e2b7686c1;f2e46b5c-6866-492b-b8b3-f6cae34f7ec7;0;1
58568bdd-5e50-4fc9-a383-443e2b7686c1;f0e9ba93-8a74-429c-be82-31adef64970b;1;2
58568bdd-5e50-4fc9-a383-443e2b7686c1;2c237b79-380c-4474-b377-275e67b9c3a4;1;1
58568bdd-5e50-4fc9-a383-443e2b7686c1;1dc15474-5c90-41fd-833a-5bf953fc1a62;3;0
58568bdd-5e50-4fc9-a383-443e2b7686c1;ed124ab7-1f57-4c61-ae5b-85f327355a54;2;0
58568bdd-5e50-4fc9-a383-443e2b7686c1;bed268f0-cf7e-405c-a096-7cf8a582c7e2;2;0
58568bdd-5e50-4fc9-a383-443e2b7686c1;b6ed7065-a307-4e7d-b9f8-f454cdbdf5a8;2;1
58568bdd-5e50-4fc9-a383-443e2b7686c1;72b48638-ef0f-4645-92c8-51ec6218ed9a;1;1
58568bdd-5e50-4fc9-a383-443e2b7686c1;c6d40e5f-a57d-49c7-8a85-c6524e5629b6;2;0
58568bdd-5e50-4fc9-a383-443e2b7686c1;02f0c2c3-b0ec-4dc8-9286-274dc62d85b7;0;3
58568bdd-5e50-4fc9-a383-443e2b7686c1;46507557-7c9f-4c02-a1a1-6e23f971e923;1;2
58568bdd-5e50-4fc9-a383-443e2b7686c1;3e2e3c77-f016-493b-bf16-07e31fe91466;3;0
58568bdd-5e50-4fc9-a383-443e2b7686c1;558195d2-5afb-439d-b3ff-bd8aaa0d05ad;0;2
58568bdd-5e50-4fc9-a383-443e2b7686c1;790cc44b-d80a-4fa0-9dff-60a47c367dcc;2;0
58568bdd-5e50-4fc9-a383-443e2b7686c1;d15617ab-21a0-4233-b0c7-d81e9c4fe168;2;1
58568bdd-5e50-4fc9-a383-443e2b7686c1;8d6f9e88-4f45-4613-bed8-1104fed67e81;1;3
58568bdd-5e50-4fc9-a383-443e2b7686c1;38e77705-c9dd-4340-b07b-1a602079c785;2;0
58568bdd-5e50-4fc9-a383-443e2b7686c1;7029238d-800f-474c-a1a1-6e39f6426826;1;1
58568bdd-5e50-4fc9-a383-443e2b7686c1;b9fe6496-64c2-44a6-9e68-7faa1dbabf94;2;2
58568bdd-5e50-4fc9-a383-443e2b7686c1;e7c8da36-b6ff-47fa-9904-06af82e7ade4;1;1
58568bdd-5e50-4fc9-a383-443e2b7686c1;35f389be-886f-421b-a0da-6244a230cfc3;4;0
58568bdd-5e50-4fc9-a383-443e2b7686c1;9976821a-b7c4-45e4-90e1-4718a8ea498d;1;0
58568bdd-5e50-4fc9-a383-443e2b7686c1;4a3ff2cf-924a-40b2-8540-6213eacd2460;2;1
58568bdd-5e50-4fc9-a383-443e2b7686c1;bc757dba-eae9-449c-8986-3a7423db361b;2;0
58568bdd-5e50-4fc9-a383-443e2b7686c1;4a6a222f-45d8-46dc-a479-9e2862c5ec04;0;2
58568bdd-5e50-4fc9-a383-443e2b7686c1;ac7f16c1-b9ac-4471-bbc1-d224f3dea0eb;0;3
58568bdd-5e50-4fc9-a383-443e2b7686c1;720ea640-677c-40ea-b0f0-2349c14f43e9;2;2
58568bdd-5e50-4fc9-a383-443e2b7686c1;221524df-de81-4c62-b5fc-07692a7a6701;2;0
58568bdd-5e50-4fc9-a383-443e2b7686c1;7401aacf-a513-4899-add1-9020af17c085;2;1
58568bdd-5e50-4fc9-a383-443e2b7686c1;eb71238e-8f11-4b6c-b3d8-4f073dde25cb;0;2
58568bdd-5e50-4fc9-a383-443e2b7686c1;15ccd2e2-ff62-44af-9cdc-4ba734802b4c;0;1
58568bdd-5e50-4fc9-a383-443e2b7686c1;b89d061b-211b-468d-8df1-00be0ad11e3b;1;0
58568bdd-5e50-4fc9-a383-443e2b7686c1;cc216780-5af6-48e5-ba90-40b2b5095f6f;3;0
58568bdd-5e50-4fc9-a383-443e2b7686c1;23c37287-e2a9-46bd-8462-d93e552f7f02;2;1
58568bdd-5e50-4fc9-a383-443e2b7686c1;d1baa0fe-6f5b-4c77-ab18-cf3879a35202;2;0
58568bdd-5e50-4fc9-a383-443e2b7686c1;48233635-63c8-4c8e-9e24-f5fea034d578;0;2
58568bdd-5e50-4fc9-a383-443e2b7686c1;a0ed30bf-d2ba-4f20-b3ff-9235725a2828;0;2
58568bdd-5e50-4fc9-a383-443e2b7686c1;dbe94e5e-1ac1-483b-b3e3-b1837bd07b69;2;2
58568bdd-5e50-4fc9-a383-443e2b7686c1;b4c8645f-7fda-4983-9b85-79c70621e255;3;0
58568bdd-5e50-4fc9-a383-443e2b7686c1;fbafc025-bbef-4e8f-8c24-3168b7c94609;2;2
58568bdd-5e50-4fc9-a383-443e2b7686c1;577621d7-41f9-42e9-bc72-7cd5eb642329;2;0
58568bdd-5e50-4fc9-a383-443e2b7686c1;2e780d25-f1f5-4e6b-bed3-a2c17e245885;3;1
58568bdd-5e50-4fc9-a383-443e2b7686c1;c9bb33fd-91e7-4fba-b13a-32c8f574bac9;1;2
58568bdd-5e50-4fc9-a383-443e2b7686c1;4ed786d2-f903-4cfc-8bad-0b1c03757811;2;3
58568bdd-5e50-4fc9-a383-443e2b7686c1;ec8fa0cd-da44-4bb1-8124-94c0f54837cf;2;0
58568bdd-5e50-4fc9-a383-443e2b7686c1;4fbf144a-faa9-4928-aa94-424246daf5c2;0;2
58568bdd-5e50-4fc9-a383-443e2b7686c1;aefa3302-baf2-4aa1-84f3-c1b37212b1fd;3;0
58568bdd-5e50-4fc9-a383-443e2b7686c1;ffa9e78d-d28b-4f50-8147-10d459414ece;2;1
58568bdd-5e50-4fc9-a383-443e2b7686c1;e234852c-1749-439a-81a0-9714c2de6884;0;2
58568bdd-5e50-4fc9-a383-443e2b7686c1;617b2750-c295-4c2c-8947-16e4dfe3e4c3;1;0
58568bdd-5e50-4fc9-a383-443e2b7686c1;1af918bd-ec32-4802-bad5-4f631af54133;2;0
58568bdd-5e50-4fc9-a383-443e2b7686c1;84295db2-1e91-48de-9c8c-da77f961b366;3;1
58568bdd-5e50-4fc9-a383-443e2b7686c1;63ca3b21-8ae6-4694-b5d9-847f594847ca;2;1
58568bdd-5e50-4fc9-a383-443e2b7686c1;b16dc9f2-3dd6-4477-950f-33306996710f;0;1
58568bdd-5e50-4fc9-a383-443e2b7686c1;417bb761-fee7-4064-91c1-c0ac7f067f27;0;3
58568bdd-5e50-4fc9-a383-443e2b7686c1;39a3507d-d9d6-496f-b1d2-1b17699bdcff;1;0
58568bdd-5e50-4fc9-a383-443e2b7686c1;c5b846f6-0e5f-488f-8db9-903cf600effb;2;0
58568bdd-5e50-4fc9-a383-443e2b7686c1;05922653-dbb1-4d88-9481-81d45a2a89d4;1;2
58568bdd-5e50-4fc9-a383-443e2b7686c1;99412f67-a0f5-4a96-a16c-8d79249bbfef;3;1
58568bdd-5e50-4fc9-a383-443e2b7686c1;fc1a59d4-4b43-412c-a8cf-df27888531b1;2;0
58568bdd-5e50-4fc9-a383-443e2b7686c1;0a1b2929-b031-4c05-9f44-eb05cc63e024;1;2
58568bdd-5e50-4fc9-a383-443e2b7686c1;9fa9c061-bbc6-494a-a0b1-3b04e740478e;1;1
58568bdd-5e50-4fc9-a383-443e2b7686c1;c4fdc0dc-d354-4607-bf5d-9663d8ffcb63;2;2
58568bdd-5e50-4fc9-a383-443e2b7686c1;75669d9e-deb8-4a01-8f82-efcafd8e3cad;2;1
58568bdd-5e50-4fc9-a383-443e2b7686c1;214de929-fd81-4d39-9c4a-8833663e4fe1;3;1
58568bdd-5e50-4fc9-a383-443e2b7686c1;0aa2ebcd-70de-412a-9441-b8b8075500f9;1;3
58568bdd-5e50-4fc9-a383-443e2b7686c1;3bce09a8-fe18-493f-bba3-75b418219afc;0;3
58568bdd-5e50-4fc9-a383-443e2b7686c1;c69858fe-95a6-4da7-b0ed-a1c58b2d06b3;2;1
3a8e46c8-91fa-47f2-bb96-f4ec1e76ac8e;00804107-d265-4ce0-8fa0-ddbe68e8163d;1;0
3a8e46c8-91fa-47f2-bb96-f4ec1e76ac8e;eeb974eb-67fc-4260-a4ea-0a9450cd4bc7;1;0
3a8e46c8-91fa-47f2-bb96-f4ec1e76ac8e;51f0ff44-15d4-4669-a082-050405194406;0;1
3a8e46c8-91fa-47f2-bb96-f4ec1e76ac8e;e5044fff-3542-4b24-9331-b3c3bd84692d;0;2
3a8e46c8-91fa-47f2-bb96-f4ec1e76ac8e;f2e46b5c-6866-492b-b8b3-f6cae34f7ec7;0;2
3a8e46c8-91fa-47f2-bb96-f4ec1e76ac8e;f0e9ba93-8a74-429c-be82-31adef64970b;1;2
3a8e46c8-91fa-47f2-bb96-f4ec1e76ac8e;2c237b79-380c-4474-b377-275e67b9c3a4;0;0
3a8e46c8-91fa-47f2-bb96-f4ec1e76ac8e;1dc15474-5c90-41fd-833a-5bf953fc1a62;0;1
3a8e46c8-91fa-47f2-bb96-f4ec1e76ac8e;ed124ab7-1f57-4c61-ae5b-85f327355a54;2;0
3a8e46c8-91fa-47f2-bb96-f4ec1e76ac8e;bed268f0-cf7e-405c-a096-7cf8a582c7e2;1;1
3a8e46c8-91fa-47f2-bb96-f4ec1e76ac8e;b6ed7065-a307-4e7d-b9f8-f454cdbdf5a8;0;0
3a8e46c8-91fa-47f2-bb96-f4ec1e76ac8e;72b48638-ef0f-4645-92c8-51ec6218ed9a;1;1
3a8e46c8-91fa-47f2-bb96-f4ec1e76ac8e;c6d40e5f-a57d-49c7-8a85-c6524e5629b6;2;0
3a8e46c8-91fa-47f2-bb96-f4ec1e76ac8e;02f0c2c3-b0ec-4dc8-9286-274dc62d85b7;1;1
3a8e46c8-91fa-47f2-bb96-f4ec1e76ac8e;46507557-7c9f-4c02-a1a1-6e23f971e923;0;2
3a8e46c8-91fa-47f2-bb96-f4ec1e76ac8e;3e2e3c77-f016-493b-bf16-07e31fe91466;3;1
3a8e46c8-91fa-47f2-bb96-f4ec1e76ac8e;558195d2-5afb-439d-b3ff-bd8aaa0d05ad;1;2
3a8e46c8-91fa-47f2-bb96-f4ec1e76ac8e;790cc44b-d80a-4fa0-9dff-60a47c367dcc;1;1
3a8e46c8-91fa-47f2-bb96-f4ec1e76ac8e;d15617ab-21a0-4233-b0c7-d81e9c4fe168;0;2
3a8e46c8-91fa-47f2-bb96-f4ec1e76ac8e;8d6f9e88-4f45-4613-bed8-1104fed67e81;0;1
3a8e46c8-91fa-47f2-bb96-f4ec1e76ac8e;38e77705-c9dd-4340-b07b-1a602079c785;1;0
3a8e46c8-91fa-47f2-bb96-f4ec1e76ac8e;7029238d-800f-474c-a1a1-6e39f6426826;0;1
3a8e46c8-91fa-47f2-bb96-f4ec1e76ac8e;b9fe6496-64c2-44a6-9e68-7faa1dbabf94;1;1
3a8e46c8-91fa-47f2-bb96-f4ec1e76ac8e;e7c8da36-b6ff-47fa-9904-06af82e7ade4;2;1
3a8e46c8-91fa-47f2-bb96-f4ec1e76ac8e;35f389be-886f-421b-a0da-6244a230cfc3;2;0
3a8e46c8-91fa-47f2-bb96-f4ec1e76ac8e;9976821a-b7c4-45e4-90e1-4718a8ea498d;0;1
3a8e46c8-91fa-47f2-bb96-f4ec1e76ac8e;4a3ff2cf-924a-40b2-8540-6213eacd2460;2;1
3a8e46c8-91fa-47f2-bb96-f4ec1e76ac8e;bc757dba-eae9-449c-8986-3a7423db361b;2;0
3a8e46c8-91fa-47f2-bb96-f4ec1e76ac8e;4a6a222f-45d8-46dc-a479-9e2862c5ec04;1;1
3a8e46c8-91fa-47f2-bb96-f4ec1e76ac8e;ac7f16c1-b9ac-4471-bbc1-d224f3dea0eb;1;2
3a8e46c8-91fa-47f2-bb96-f4ec1e76ac8e;720ea640-677c-40ea-b0f0-2349c14f43e9;1;2
3a8e46c8-91fa-47f2-bb96-f4ec1e76ac8e;221524df-de81-4c62-b5fc-07692a7a6701;1;1
3a8e46c8-91fa-47f2-bb96-f4ec1e76ac8e;7401aacf-a513-4899-add1-9020af17c085;1;0
3a8e46c8-91fa-47f2-bb96-f4ec1e76ac8e;eb71238e-8f11-4b6c-b3d8-4f073dde25cb;0;2
3a8e46c8-91fa-47f2-bb96-f4ec1e76ac8e;15ccd2e2-ff62-44af-9cdc-4ba734802b4c;1;2
3a8e46c8-91fa-47f2-bb96-f4ec1e76ac8e;b89d061b-211b-468d-8df1-00be0ad11e3b;1;0
3a8e46c8-91fa-47f2-bb96-f4ec1e76ac8e;cc216780-5af6-48e5-ba90-40b2b5095f6f;2;1
3a8e46c8-91fa-47f2-bb96-f4ec1e76ac8e;23c37287-e2a9-46bd-8462-d93e552f7f02;0;0
3a8e46c8-91fa-47f2-bb96-f4ec1e76ac8e;d1baa0fe-6f5b-4c77-ab18-cf3879a35202;2;1
3a8e46c8-91fa-47f2-bb96-f4ec1e76ac8e;48233635-63c8-4c8e-9e24-f5fea034d578;1;1
3a8e46c8-91fa-47f2-bb96-f4ec1e76ac8e;a0ed30bf-d2ba-4f20-b3ff-9235725a2828;0;1
3a8e46c8-91fa-47f2-bb96-f4ec1e76ac8e;dbe94e5e-1ac1-483b-b3e3-b1837bd07b69;1;0
3a8e46c8-91fa-47f2-bb96-f4ec1e76ac8e;b4c8645f-7fda-4983-9b85-79c70621e255;2;0
3a8e46c8-91fa-47f2-bb96-f4ec1e76ac8e;fbafc025-bbef-4e8f-8c24-3168b7c94609;0;1
3a8e46c8-91fa-47f2-bb96-f4ec1e76ac8e;577621d7-41f9-42e9-bc72-7cd5eb642329;1;1
3a8e46c8-91fa-47f2-bb96-f4ec1e76ac8e;2e780d25-f1f5-4e6b-bed3-a2c17e245885;2;0
3a8e46c8-91fa-47f2-bb96-f4ec1e76ac8e;c9bb33fd-91e7-4fba-b13a-32c8f574bac9;1;1
3a8e46c8-91fa-47f2-bb96-f4ec1e76ac8e;4ed786d2-f903-4cfc-8bad-0b1c03757811;1;2
3a8e46c8-91fa-47f2-bb96-f4ec1e76ac8e;ec8fa0cd-da44-4bb1-8124-94c0f54837cf;3;0
3a8e46c8-91fa-47f2-bb96-f4ec1e76ac8e;4fbf144a-faa9-4928-aa94-424246daf5c2;1;1
3a8e46c8-91fa-47f2-bb96-f4ec1e76ac8e;aefa3302-baf2-4aa1-84f3-c1b37212b1fd;2;0
3a8e46c8-91fa-47f2-bb96-f4ec1e76ac8e;ffa9e78d-d28b-4f50-8147-10d459414ece;1;1
3a8e46c8-91fa-47f2-bb96-f4ec1e76ac8e;e234852c-1749-439a-81a0-9714c2de6884;1;3
3a8e46c8-91fa-47f2-bb96-f4ec1e76ac8e;617b2750-c295-4c2c-8947-16e4dfe3e4c3;1;1
3a8e46c8-91fa-47f2-bb96-f4ec1e76ac8e;1af918bd-ec32-4802-bad5-4f631af54133;2;0
3a8e46c8-91fa-47f2-bb96-f4ec1e76ac8e;84295db2-1e91-48de-9c8c-da77f961b366;0;0
3a8e46c8-91fa-47f2-bb96-f4ec1e76ac8e;63ca3b21-8ae6-4694-b5d9-847f594847ca;1;0
3a8e46c8-91fa-47f2-bb96-f4ec1e76ac8e;b16dc9f2-3dd6-4477-950f-33306996710f;0;0
3a8e46c8-91fa-47f2-bb96-f4ec1e76ac8e;417bb761-fee7-4064-91c1-c0ac7f067f27;1;3
3a8e46c8-91fa-47f2-bb96-f4ec1e76ac8e;39a3507d-d9d6-496f-b1d2-1b17699bdcff;1;1
3a8e46c8-91fa-47f2-bb96-f4ec1e76ac8e;c5b846f6-0e5f-488f-8db9-903cf600effb;2;0
3a8e46c8-91fa-47f2-bb96-f4ec1e76ac8e;05922653-dbb1-4d88-9481-81d45a2a89d4;0;2
3a8e46c8-91fa-47f2-bb96-f4ec1e76ac8e;99412f67-a0f5-4a96-a16c-8d79249bbfef;1;0
3a8e46c8-91fa-47f2-bb96-f4ec1e76ac8e;fc1a59d4-4b43-412c-a8cf-df27888531b1;1;0
3a8e46c8-91fa-47f2-bb96-f4ec1e76ac8e;0a1b2929-b031-4c05-9f44-eb05cc63e024;1;1
3a8e46c8-91fa-47f2-bb96-f4ec1e76ac8e;9fa9c061-bbc6-494a-a0b1-3b04e740478e;1;1
3a8e46c8-91fa-47f2-bb96-f4ec1e76ac8e;c4fdc0dc-d354-4607-bf5d-9663d8ffcb63;2;2
3a8e46c8-91fa-47f2-bb96-f4ec1e76ac8e;75669d9e-deb8-4a01-8f82-efcafd8e3cad;1;0
3a8e46c8-91fa-47f2-bb96-f4ec1e76ac8e;214de929-fd81-4d39-9c4a-8833663e4fe1;2;1
3a8e46c8-91fa-47f2-bb96-f4ec1e76ac8e;0aa2ebcd-70de-412a-9441-b8b8075500f9;1;2
3a8e46c8-91fa-47f2-bb96-f4ec1e76ac8e;3bce09a8-fe18-493f-bba3-75b418219afc;1;1
3a8e46c8-91fa-47f2-bb96-f4ec1e76ac8e;c69858fe-95a6-4da7-b0ed-a1c58b2d06b3;2;0
5c6b9e1f-1aba-4438-83df-9628c3c3f53f;00804107-d265-4ce0-8fa0-ddbe68e8163d;3;0
5c6b9e1f-1aba-4438-83df-9628c3c3f53f;eeb974eb-67fc-4260-a4ea-0a9450cd4bc7;1;1
5c6b9e1f-1aba-4438-83df-9628c3c3f53f;51f0ff44-15d4-4669-a082-050405194406;1;2
5c6b9e1f-1aba-4438-83df-9628c3c3f53f;e5044fff-3542-4b24-9331-b3c3bd84692d;2;1
5c6b9e1f-1aba-4438-83df-9628c3c3f53f;f2e46b5c-6866-492b-b8b3-f6cae34f7ec7;1;0
5c6b9e1f-1aba-4438-83df-9628c3c3f53f;f0e9ba93-8a74-429c-be82-31adef64970b;1;1
5c6b9e1f-1aba-4438-83df-9628c3c3f53f;2c237b79-380c-4474-b377-275e67b9c3a4;0;1
5c6b9e1f-1aba-4438-83df-9628c3c3f53f;1dc15474-5c90-41fd-833a-5bf953fc1a62;0;2
5c6b9e1f-1aba-4438-83df-9628c3c3f53f;ed124ab7-1f57-4c61-ae5b-85f327355a54;2;1
5c6b9e1f-1aba-4438-83df-9628c3c3f53f;bed268f0-cf7e-405c-a096-7cf8a582c7e2;1;1
5c6b9e1f-1aba-4438-83df-9628c3c3f53f;b6ed7065-a307-4e7d-b9f8-f454cdbdf5a8;2;0
5c6b9e1f-1aba-4438-83df-9628c3c3f53f;72b48638-ef0f-4645-92c8-51ec6218ed9a;1;0
5c6b9e1f-1aba-4438-83df-9628c3c3f53f;c6d40e5f-a57d-49c7-8a85-c6524e5629b6;1;2
5c6b9e1f-1aba-4438-83df-9628c3c3f53f;02f0c2c3-b0ec-4dc8-9286-274dc62d85b7;0;2
5c6b9e1f-1aba-4438-83df-9628c3c3f53f;46507557-7c9f-4c02-a1a1-6e23f971e923;0;3
5c6b9e1f-1aba-4438-83df-9628c3c3f53f;3e2e3c77-f016-493b-bf16-07e31fe91466;3;0
5c6b9e1f-1aba-4438-83df-9628c3c3f53f;558195d2-5afb-439d-b3ff-bd8aaa0d05ad;1;3
5c6b9e1f-1aba-4438-83df-9628c3c3f53f;790cc44b-d80a-4fa0-9dff-60a47c367dcc;3;0
5c6b9e1f-1aba-4438-83df-9628c3c3f53f;d15617ab-21a0-4233-b0c7-d81e9c4fe168;0;2
5c6b9e1f-1aba-4438-83df-9628c3c3f53f;8d6f9e88-4f45-4613-bed8-1104fed67e81;0;3
5c6b9e1f-1aba-4438-83df-9628c3c3f53f;38e77705-c9dd-4340-b07b-1a602079c785;2;0
5c6b9e1f-1aba-4438-83df-9628c3c3f53f;7029238d-800f-474c-a1a1-6e39f6426826;2;1
5c6b9e1f-1aba-4438-83df-9628c3c3f53f;b9fe6496-64c2-44a6-9e68-7faa1dbabf94;3;1
5c6b9e1f-1aba-4438-83df-9628c3c3f53f;e7c8da36-b6ff-47fa-9904-06af82e7ade4;2;0
5c6b9e1f-1aba-4438-83df-9628c3c3f53f;35f389be-886f-421b-a0da-6244a230cfc3;4;0
5c6b9e1f-1aba-4438-83df-9628c3c3f53f;9976821a-b7c4-45e4-90e1-4718a8ea498d;1;2
5c6b9e1f-1aba-4438-83df-9628c3c3f53f;4a3ff2cf-924a-40b2-8540-6213eacd2460;3;0
5c6b9e1f-1aba-4438-83df-9628c3c3f53f;bc757dba-eae9-449c-8986-3a7423db361b;2;0
5c6b9e1f-1aba-4438-83df-9628c3c3f53f;4a6a222f-45d8-46dc-a479-9e2862c5ec04;1;2
5c6b9e1f-1aba-4438-83df-9628c3c3f53f;ac7f16c1-b9ac-4471-bbc1-d224f3dea0eb;1;1
5c6b9e1f-1aba-4438-83df-9628c3c3f53f;720ea640-677c-40ea-b0f0-2349c14f43e9;1;2
5c6b9e1f-1aba-4438-83df-9628c3c3f53f;221524df-de81-4c62-b5fc-07692a7a6701;2;1
5c6b9e1f-1aba-4438-83df-9628c3c3f53f;7401aacf-a513-4899-add1-9020af17c085;2;1
5c6b9e1f-1aba-4438-83df-9628c3c3f53f;eb71238e-8f11-4b6c-b3d8-4f073dde25cb;1;1
5c6b9e1f-1aba-4438-83df-9628c3c3f53f;15ccd2e2-ff62-44af-9cdc-4ba734802b4c;0;2
5c6b9e1f-1aba-4438-83df-9628c3c3f53f;b89d061b-211b-468d-8df1-00be0ad11e3b;1;1
5c6b9e1f-1aba-4438-83df-9628c3c3f53f;cc216780-5af6-48e5-ba90-40b2b5095f6f;2;0
5c6b9e1f-1aba-4438-83df-9628c3c3f53f;23c37287-e2a9-46bd-8462-d93e552f7f02;3;0
5c6b9e1f-1aba-4438-83df-9628c3c3f53f;d1baa0fe-6f5b-4c77-ab18-cf3879a35202;2;1
5c6b9e1f-1aba-4438-83df-9628c3c3f53f;48233635-63c8-4c8e-9e24-f5fea034d578;0;2
5c6b9e1f-1aba-4438-83df-9628c3c3f53f;a0ed30bf-d2ba-4f20-b3ff-9235725a2828;0;3
5c6b9e1f-1aba-4438-83df-9628c3c3f53f;dbe94e5e-1ac1-483b-b3e3-b1837bd07b69;1;2
5c6b9e1f-1aba-4438-83df-9628c3c3f53f;b4c8645f-7fda-4983-9b85-79c70621e255;4;0
5c6b9e1f-1aba-4438-83df-9628c3c3f53f;fbafc025-bbef-4e8f-8c24-3168b7c94609;1;3
5c6b9e1f-1aba-4438-83df-9628c3c3f53f;577621d7-41f9-42e9-bc72-7cd5eb642329;2;0
5c6b9e1f-1aba-4438-83df-9628c3c3f53f;2e780d25-f1f5-4e6b-bed3-a2c17e245885;2;0
5c6b9e1f-1aba-4438-83df-9628c3c3f53f;c9bb33fd-91e7-4fba-b13a-32c8f574bac9;1;2
5c6b9e1f-1aba-4438-83df-9628c3c3f53f;4ed786d2-f903-4cfc-8bad-0b1c03757811;1;2
5c6b9e1f-1aba-4438-83df-9628c3c3f53f;ec8fa0cd-da44-4bb1-8124-94c0f54837cf;3;0
5c6b9e1f-1aba-4438-83df-9628c3c3f53f;4fbf144a-faa9-4928-aa94-424246daf5c2;1;2
5c6b9e1f-1aba-4438-83df-9628c3c3f53f;aefa3302-baf2-4aa1-84f3-c1b37212b1fd;3;1
5c6b9e1f-1aba-4438-83df-9628c3c3f53f;ffa9e78d-d28b-4f50-8147-10d459414ece;1;2
5c6b9e1f-1aba-4438-83df-9628c3c3f53f;e234852c-1749-439a-81a0-9714c2de6884;0;2
5c6b9e1f-1aba-4438-83df-9628c3c3f53f;617b2750-c295-4c2c-8947-16e4dfe3e4c3;1;1
5c6b9e1f-1aba-4438-83df-9628c3c3f53f;1af918bd-ec32-4802-bad5-4f631af54133;3;0
5c6b9e1f-1aba-4438-83df-9628c3c3f53f;84295db2-1e91-48de-9c8c-da77f961b366;1;1
5c6b9e1f-1aba-4438-83df-9628c3c3f53f;63ca3b21-8ae6-4694-b5d9-847f594847ca;2;0
5c6b9e1f-1aba-4438-83df-9628c3c3f53f;b16dc9f2-3dd6-4477-950f-33306996710f;1;1
5c6b9e1f-1aba-4438-83df-9628c3c3f53f;417bb761-fee7-4064-91c1-c0ac7f067f27;0;2
5c6b9e1f-1aba-4438-83df-9628c3c3f53f;39a3507d-d9d6-496f-b1d2-1b17699bdcff;1;2
5c6b9e1f-1aba-4438-83df-9628c3c3f53f;c5b846f6-0e5f-488f-8db9-903cf600effb;3;0
5c6b9e1f-1aba-4438-83df-9628c3c3f53f;05922653-dbb1-4d88-9481-81d45a2a89d4;1;1
5c6b9e1f-1aba-4438-83df-9628c3c3f53f;99412f67-a0f5-4a96-a16c-8d79249bbfef;2;0
5c6b9e1f-1aba-4438-83df-9628c3c3f53f;fc1a59d4-4b43-412c-a8cf-df27888531b1;1;0
5c6b9e1f-1aba-4438-83df-9628c3c3f53f;0a1b2929-b031-4c05-9f44-eb05cc63e024;1;2
5c6b9e1f-1aba-4438-83df-9628c3c3f53f;9fa9c061-bbc6-494a-a0b1-3b04e740478e;1;1
5c6b9e1f-1aba-4438-83df-9628c3c3f53f;c4fdc0dc-d354-4607-bf5d-9663d8ffcb63;2;1
5c6b9e1f-1aba-4438-83df-9628c3c3f53f;75669d9e-deb8-4a01-8f82-efcafd8e3cad;2;1
5c6b9e1f-1aba-4438-83df-9628c3c3f53f;214de929-fd81-4d39-9c4a-8833663e4fe1;3;0
5c6b9e1f-1aba-4438-83df-9628c3c3f53f;0aa2ebcd-70de-412a-9441-b8b8075500f9;1;3
5c6b9e1f-1aba-4438-83df-9628c3c3f53f;3bce09a8-fe18-493f-bba3-75b418219afc;0;3
5c6b9e1f-1aba-4438-83df-9628c3c3f53f;c69858fe-95a6-4da7-b0ed-a1c58b2d06b3;3;1
d8de6a69-b8fc-47be-aced-1de7c19d4277;00804107-d265-4ce0-8fa0-ddbe68e8163d;2;0
d8de6a69-b8fc-47be-aced-1de7c19d4277;eeb974eb-67fc-4260-a4ea-0a9450cd4bc7;3;0
d8de6a69-b8fc-47be-aced-1de7c19d4277;51f0ff44-15d4-4669-a082-050405194406;0;1
d8de6a69-b8fc-47be-aced-1de7c19d4277;e5044fff-3542-4b24-9331-b3c3bd84692d;1;0
d8de6a69-b8fc-47be-aced-1de7c19d4277;f2e46b5c-6866-492b-b8b3-f6cae34f7ec7;0;2
d8de6a69-b8fc-47be-aced-1de7c19d4277;f0e9ba93-8a74-429c-be82-31adef64970b;0;0
d8de6a69-b8fc-47be-aced-1de7c19d4277;2c237b79-380c-4474-b377-275e67b9c3a4;2;0
d8de6a69-b8fc-47be-aced-1de7c19d4277;1dc15474-5c90-41fd-833a-5bf953fc1a62;0;3
d8de6a69-b8fc-47be-aced-1de7c19d4277;ed124ab7-1f57-4c61-ae5b-85f327355a54;1;0
d8de6a69-b8fc-47be-aced-1de7c19d4277;bed268f0-cf7e-405c-a096-7cf8a582c7e2;1;1
d8de6a69-b8fc-47be-aced-1de7c19d4277;b6ed7065-a307-4e7d-b9f8-f454cdbdf5a8;1;0
d8de6a69-b8fc-47be-aced-1de7c19d4277;72b48638-ef0f-4645-92c8-51ec6218ed9a;0;2
d8de6a69-b8fc-47be-aced-1de7c19d4277;c6d40e5f-a57d-49c7-8a85-c6524e5629b6;3;0
d8de6a69-b8fc-47be-aced-1de7c19d4277;02f0c2c3-b0ec-4dc8-9286-274dc62d85b7;2;1
d8de6a69-b8fc-47be-aced-1de7c19d4277;46507557-7c9f-4c02-a1a1-6e23f971e923;1;1
d8de6a69-b8fc-47be-aced-1de7c19d4277;3e2e3c77-f016-493b-bf16-07e31fe91466;2;1
d8de6a69-b8fc-47be-aced-1de7c19d4277;558195d2-5afb-439d-b3ff-bd8aaa0d05ad;0;1
d8de6a69-b8fc-47be-aced-1de7c19d4277;790cc44b-d80a-4fa0-9dff-60a47c367dcc;1;0
d8de6a69-b8fc-47be-aced-1de7c19d4277;d15617ab-21a0-4233-b0c7-d81e9c4fe168;1;0
d8de6a69-b8fc-47be-aced-1de7c19d4277;8d6f9e88-4f45-4613-bed8-1104fed67e81;2;0
d8de6a69-b8fc-47be-aced-1de7c19d4277;38e77705-c9dd-4340-b07b-1a602079c785;1;0
d8de6a69-b8fc-47be-aced-1de7c19d4277;7029238d-800f-474c-a1a1-6e39f6426826;1;0
d8de6a69-b8fc-47be-aced-1de7c19d4277;b9fe6496-64c2-44a6-9e68-7faa1dbabf94;1;1
d8de6a69-b8fc-47be-aced-1de7c19d4277;e7c8da36-b6ff-47fa-9904-06af82e7ade4;3;1
d8de6a69-b8fc-47be-aced-1de7c19d4277;35f389be-886f-421b-a0da-6244a230cfc3;4;0
d8de6a69-b8fc-47be-aced-1de7c19d4277;9976821a-b7c4-45e4-90e1-4718a8ea498d;0;2
d8de6a69-b8fc-47be-aced-1de7c19d4277;4a3ff2cf-924a-40b2-8540-6213eacd2460;3;0
d8de6a69-b8fc-47be-aced-1de7c19d4277;bc757dba-eae9-449c-8986-3a7423db361b;3;0
d8de6a69-b8fc-47be-aced-1de7c19d4277;4a6a222f-45d8-46dc-a479-9e2862c5ec04;1;4
d8de6a69-b8fc-47be-aced-1de7c19d4277;ac7f16c1-b9ac-4471-bbc1-d224f3dea0eb;0;2
d8de6a69-b8fc-47be-aced-1de7c19d4277;720ea640-677c-40ea-b0f0-2349c14f43e9;1;0
d8de6a69-b8fc-47be-aced-1de7c19d4277;221524df-de81-4c62-b5fc-07692a7a6701;1;1
d8de6a69-b8fc-47be-aced-1de7c19d4277;7401aacf-a513-4899-add1-9020af17c085;2;1
d8de6a69-b8fc-47be-aced-1de7c19d4277;eb71238e-8f11-4b6c-b3d8-4f073dde25cb;2;0
d8de6a69-b8fc-47be-aced-1de7c19d4277;15ccd2e2-ff62-44af-9cdc-4ba734802b4c;2;2
d8de6a69-b8fc-47be-aced-1de7c19d4277;b89d061b-211b-468d-8df1-00be0ad11e3b;1;1
d8de6a69-b8fc-47be-aced-1de7c19d4277;cc216780-5af6-48e5-ba90-40b2b5095f6f;3;2
d8de6a69-b8fc-47be-aced-1de7c19d4277;23c37287-e2a9-46bd-8462-d93e552f7f02;0;1
d8de6a69-b8fc-47be-aced-1de7c19d4277;d1baa0fe-6f5b-4c77-ab18-cf3879a35202;1;1
d8de6a69-b8fc-47be-aced-1de7c19d4277;48233635-63c8-4c8e-9e24-f5fea034d578;1;2
d8de6a69-b8fc-47be-aced-1de7c19d4277;a0ed30bf-d2ba-4f20-b3ff-9235725a2828;0;3
d8de6a69-b8fc-47be-aced-1de7c19d4277;dbe94e5e-1ac1-483b-b3e3-b1837bd07b69;1;1
d8de6a69-b8fc-47be-aced-1de7c19d4277;b4c8645f-7fda-4983-9b85-79c70621e255;2;0
d8de6a69-b8fc-47be-aced-1de7c19d4277;fbafc025-bbef-4e8f-8c24-3168b7c94609;2;2
d8de6a69-b8fc-47be-aced-1de7c19d4277;577621d7-41f9-42e9-bc72-7cd5eb642329;3;1
d8de6a69-b8fc-47be-aced-1de7c19d4277;2e780d25-f1f5-4e6b-bed3-a2c17e245885;2;1
d8de6a69-b8fc-47be-aced-1de7c19d4277;c9bb33fd-91e7-4fba-b13a-32c8f574bac9;0;3
d8de6a69-b8fc-47be-aced-1de7c19d4277;4ed786d2-f903-4cfc-8bad-0b1c03757811;0;2
d8de6a69-b8fc-47be-aced-1de7c19d4277;ec8fa0cd-da44-4bb1-8124-94c0f54837cf;2;1
d8de6a69-b8fc-47be-aced-1de7c19d4277;4fbf144a-faa9-4928-aa94-424246daf5c2;0;2
d8de6a69-b8fc-47be-aced-1de7c19d4277;aefa3302-baf2-4aa1-84f3-c1b37212b1fd;3;0
d8de6a69-b8fc-47be-aced-1de7c19d4277;ffa9e78d-d28b-4f50-8147-10d459414ece;0;0
d8de6a69-b8fc-47be-aced-1de7c19d4277;e234852c-1749-439a-81a0-9714c2de6884;2;4
d8de6a69-b8fc-47be-aced-1de7c19d4277;617b2750-c295-4c2c-8947-16e4dfe3e4c3;1;1
d8de6a69-b8fc-47be-aced-1de7c19d4277;1af918bd-ec32-4802-bad5-4f631af54133;3;0
d8de6a69-b8fc-47be-aced-1de7c19d4277;84295db2-1e91-48de-9c8c-da77f961b366;0;0
d8de6a69-b8fc-47be-aced-1de7c19d4277;63ca3b21-8ae6-4694-b5d9-847f594847ca;2;1
d8de6a69-b8fc-47be-aced-1de7c19d4277;b16dc9f2-3dd6-4477-950f-33306996710f;2;2
d8de6a69-b8fc-47be-aced-1de7c19d4277;417bb761-fee7-4064-91c1-c0ac7f067f27;1;4
d8de6a69-b8fc-47be-aced-1de7c19d4277;39a3507d-d9d6-496f-b1d2-1b17699bdcff;1;3
d8de6a69-b8fc-47be-aced-1de7c19d4277;c5b846f6-0e5f-488f-8db9-903cf600effb;4;2
d8de6a69-b8fc-47be-aced-1de7c19d4277;05922653-dbb1-4d88-9481-81d45a2a89d4;2;3
d8de6a69-b8fc-47be-aced-1de7c19d4277;99412f67-a0f5-4a96-a16c-8d79249bbfef;2;0
d8de6a69-b8fc-47be-aced-1de7c19d4277;fc1a59d4-4b43-412c-a8cf-df27888531b1;2;1
d8de6a69-b8fc-47be-aced-1de7c19d4277;0a1b2929-b031-4c05-9f44-eb05cc63e024;2;3
d8de6a69-b8fc-47be-aced-1de7c19d4277;9fa9c061-bbc6-494a-a0b1-3b04e740478e;3;3
d8de6a69-b8fc-47be-aced-1de7c19d4277;c4fdc0dc-d354-4607-bf5d-9663d8ffcb63;3;2
d8de6a69-b8fc-47be-aced-1de7c19d4277;75669d9e-deb8-4a01-8f82-efcafd8e3cad;1;1
d8de6a69-b8fc-47be-aced-1de7c19d4277;214de929-fd81-4d39-9c4a-8833663e4fe1;2;1
d8de6a69-b8fc-47be-aced-1de7c19d4277;0aa2ebcd-70de-412a-9441-b8b8075500f9;1;3
d8de6a69-b8fc-47be-aced-1de7c19d4277;3bce09a8-fe18-493f-bba3-75b418219afc;2;2
d8de6a69-b8fc-47be-aced-1de7c19d4277;c69858fe-95a6-4da7-b0ed-a1c58b2d06b3;2;0
23078c85-892e-4078-b088-2548597ce236;00804107-d265-4ce0-8fa0-ddbe68e8163d;2;1
23078c85-892e-4078-b088-2548597ce236;eeb974eb-67fc-4260-a4ea-0a9450cd4bc7;1;1
23078c85-892e-4078-b088-2548597ce236;51f0ff44-15d4-4669-a082-050405194406;2;0
23078c85-892e-4078-b088-2548597ce236;e5044fff-3542-4b24-9331-b3c3bd84692d;2;1
23078c85-892e-4078-b088-2548597ce236;f2e46b5c-6866-492b-b8b3-f6cae34f7ec7;0;1
23078c85-892e-4078-b088-2548597ce236;f0e9ba93-8a74-429c-be82-31adef64970b;1;2
23078c85-892e-4078-b088-2548597ce236;2c237b79-380c-4474-b377-275e67b9c3a4;2;0
23078c85-892e-4078-b088-2548597ce236;1dc15474-5c90-41fd-833a-5bf953fc1a62;0;2
23078c85-892e-4078-b088-2548597ce236;ed124ab7-1f57-4c61-ae5b-85f327355a54;1;0
23078c85-892e-4078-b088-2548597ce236;bed268f0-cf7e-405c-a096-7cf8a582c7e2;2;1
23078c85-892e-4078-b088-2548597ce236;b6ed7065-a307-4e7d-b9f8-f454cdbdf5a8;1;1
23078c85-892e-4078-b088-2548597ce236;72b48638-ef0f-4645-92c8-51ec6218ed9a;1;1
23078c85-892e-4078-b088-2548597ce236;c6d40e5f-a57d-49c7-8a85-c6524e5629b6;2;1
23078c85-892e-4078-b088-2548597ce236;02f0c2c3-b0ec-4dc8-9286-274dc62d85b7;0;2
23078c85-892e-4078-b088-2548597ce236;46507557-7c9f-4c02-a1a1-6e23f971e923;0;2
23078c85-892e-4078-b088-2548597ce236;3e2e3c77-f016-493b-bf16-07e31fe91466;3;0
23078c85-892e-4078-b088-2548597ce236;558195d2-5afb-439d-b3ff-bd8aaa0d05ad;0;2
23078c85-892e-4078-b088-2548597ce236;790cc44b-d80a-4fa0-9dff-60a47c367dcc;3;1
23078c85-892e-4078-b088-2548597ce236;d15617ab-21a0-4233-b0c7-d81e9c4fe168;3;1
23078c85-892e-4078-b088-2548597ce236;8d6f9e88-4f45-4613-bed8-1104fed67e81;1;1
23078c85-892e-4078-b088-2548597ce236;38e77705-c9dd-4340-b07b-1a602079c785;2;0
23078c85-892e-4078-b088-2548597ce236;7029238d-800f-474c-a1a1-6e39f6426826;2;1
23078c85-892e-4078-b088-2548597ce236;b9fe6496-64c2-44a6-9e68-7faa1dbabf94;1;1
23078c85-892e-4078-b088-2548597ce236;e7c8da36-b6ff-47fa-9904-06af82e7ade4;2;1
23078c85-892e-4078-b088-2548597ce236;35f389be-886f-421b-a0da-6244a230cfc3;4;0
23078c85-892e-4078-b088-2548597ce236;9976821a-b7c4-45e4-90e1-4718a8ea498d;1;2
23078c85-892e-4078-b088-2548597ce236;4a3ff2cf-924a-40b2-8540-6213eacd2460;3;1
23078c85-892e-4078-b088-2548597ce236;bc757dba-eae9-449c-8986-3a7423db361b;2;0
23078c85-892e-4078-b088-2548597ce236;4a6a222f-45d8-46dc-a479-9e2862c5ec04;0;2
23078c85-892e-4078-b088-2548597ce236;ac7f16c1-b9ac-4471-bbc1-d224f3dea0eb;0;2
23078c85-892e-4078-b088-2548597ce236;720ea640-677c-40ea-b0f0-2349c14f43e9;2;1
23078c85-892e-4078-b088-2548597ce236;221524df-de81-4c62-b5fc-07692a7a6701;2;0
23078c85-892e-4078-b088-2548597ce236;7401aacf-a513-4899-add1-9020af17c085;2;1
23078c85-892e-4078-b088-2548597ce236;eb71238e-8f11-4b6c-b3d8-4f073dde25cb;0;1
23078c85-892e-4078-b088-2548597ce236;15ccd2e2-ff62-44af-9cdc-4ba734802b4c;1;1
23078c85-892e-4078-b088-2548597ce236;b89d061b-211b-468d-8df1-00be0ad11e3b;1;2
23078c85-892e-4078-b088-2548597ce236;cc216780-5af6-48e5-ba90-40b2b5095f6f;2;0
23078c85-892e-4078-b088-2548597ce236;23c37287-e2a9-46bd-8462-d93e552f7f02;1;1
23078c85-892e-4078-b088-2548597ce236;d1baa0fe-6f5b-4c77-ab18-cf3879a35202;2;0
23078c85-892e-4078-b088-2548597ce236;48233635-63c8-4c8e-9e24-f5fea034d578;0;2
23078c85-892e-4078-b088-2548597ce236;a0ed30bf-d2ba-4f20-b3ff-9235725a2828;1;1
23078c85-892e-4078-b088-2548597ce236;dbe94e5e-1ac1-483b-b3e3-b1837bd07b69;1;1
23078c85-892e-4078-b088-2548597ce236;b4c8645f-7fda-4983-9b85-79c70621e255;3;0
23078c85-892e-4078-b088-2548597ce236;fbafc025-bbef-4e8f-8c24-3168b7c94609;0;2
23078c85-892e-4078-b088-2548597ce236;577621d7-41f9-42e9-bc72-7cd5eb642329;2;0
23078c85-892e-4078-b088-2548597ce236;2e780d25-f1f5-4e6b-bed3-a2c17e245885;2;0
23078c85-892e-4078-b088-2548597ce236;c9bb33fd-91e7-4fba-b13a-32c8f574bac9;1;2
23078c85-892e-4078-b088-2548597ce236;4ed786d2-f903-4cfc-8bad-0b1c03757811;1;1
23078c85-892e-4078-b088-2548597ce236;ec8fa0cd-da44-4bb1-8124-94c0f54837cf;2;0
23078c85-892e-4078-b088-2548597ce236;4fbf144a-faa9-4928-aa94-424246daf5c2;0;2
23078c85-892e-4078-b088-2548597ce236;aefa3302-baf2-4aa1-84f3-c1b37212b1fd;2;0
23078c85-892e-4078-b088-2548597ce236;ffa9e78d-d28b-4f50-8147-10d459414ece;1;1
23078c85-892e-4078-b088-2548597ce236;e234852c-1749-439a-81a0-9714c2de6884;1;2
23078c85-892e-4078-b088-2548597ce236;617b2750-c295-4c2c-8947-16e4dfe3e4c3;2;0
23078c85-892e-4078-b088-2548597ce236;1af918bd-ec32-4802-bad5-4f631af54133;3;0
23078c85-892e-4078-b088-2548597ce236;84295db2-1e91-48de-9c8c-da77f961b366;2;0
23078c85-892e-4078-b088-2548597ce236;63ca3b21-8ae6-4694-b5d9-847f594847ca;2;1
23078c85-892e-4078-b088-2548597ce236;b16dc9f2-3dd6-4477-950f-33306996710f;0;2
23078c85-892e-4078-b088-2548597ce236;417bb761-fee7-4064-91c1-c0ac7f067f27;0;3
23078c85-892e-4078-b088-2548597ce236;39a3507d-d9d6-496f-b1d2-1b17699bdcff;1;1
23078c85-892e-4078-b088-2548597ce236;c5b846f6-0e5f-488f-8db9-903cf600effb;3;1
23078c85-892e-4078-b088-2548597ce236;05922653-dbb1-4d88-9481-81d45a2a89d4;0;2
23078c85-892e-4078-b088-2548597ce236;99412f67-a0f5-4a96-a16c-8d79249bbfef;1;0
23078c85-892e-4078-b088-2548597ce236;fc1a59d4-4b43-412c-a8cf-df27888531b1;2;0
23078c85-892e-4078-b088-2548597ce236;0a1b2929-b031-4c05-9f44-eb05cc63e024;1;2
23078c85-892e-4078-b088-2548597ce236;9fa9c061-bbc6-494a-a0b1-3b04e740478e;1;1
23078c85-892e-4078-b088-2548597ce236;c4fdc0dc-d354-4607-bf5d-9663d8ffcb63;1;0
23078c85-892e-4078-b088-2548597ce236;75669d9e-deb8-4a01-8f82-efcafd8e3cad;2;1
23078c85-892e-4078-b088-2548597ce236;214de929-fd81-4d39-9c4a-8833663e4fe1;3;0
23078c85-892e-4078-b088-2548597ce236;0aa2ebcd-70de-412a-9441-b8b8075500f9;0;2
23078c85-892e-4078-b088-2548597ce236;3bce09a8-fe18-493f-bba3-75b418219afc;1;1
23078c85-892e-4078-b088-2548597ce236;c69858fe-95a6-4da7-b0ed-a1c58b2d06b3;2;1
083cb0e1-8a6e-4126-aa59-6c43d12d7ee4;00804107-d265-4ce0-8fa0-ddbe68e8163d;2;1
083cb0e1-8a6e-4126-aa59-6c43d12d7ee4;eeb974eb-67fc-4260-a4ea-0a9450cd4bc7;1;2
083cb0e1-8a6e-4126-aa59-6c43d12d7ee4;51f0ff44-15d4-4669-a082-050405194406;2;1
083cb0e1-8a6e-4126-aa59-6c43d12d7ee4;e5044fff-3542-4b24-9331-b3c3bd84692d;1;1
083cb0e1-8a6e-4126-aa59-6c43d12d7ee4;f2e46b5c-6866-492b-b8b3-f6cae34f7ec7;0;0
083cb0e1-8a6e-4126-aa59-6c43d12d7ee4;f0e9ba93-8a74-429c-be82-31adef64970b;2;1
083cb0e1-8a6e-4126-aa59-6c43d12d7ee4;2c237b79-380c-4474-b377-275e67b9c3a4;0;1
083cb0e1-8a6e-4126-aa59-6c43d12d7ee4;1dc15474-5c90-41fd-833a-5bf953fc1a62;0;3
083cb0e1-8a6e-4126-aa59-6c43d12d7ee4;ed124ab7-1f57-4c61-ae5b-85f327355a54;2;0
083cb0e1-8a6e-4126-aa59-6c43d12d7ee4;bed268f0-cf7e-405c-a096-7cf8a582c7e2;2;0
083cb0e1-8a6e-4126-aa59-6c43d12d7ee4;b6ed7065-a307-4e7d-b9f8-f454cdbdf5a8;2;1
083cb0e1-8a6e-4126-aa59-6c43d12d7ee4;72b48638-ef0f-4645-92c8-51ec6218ed9a;3;1
083cb0e1-8a6e-4126-aa59-6c43d12d7ee4;c6d40e5f-a57d-49c7-8a85-c6524e5629b6;2;1
083cb0e1-8a6e-4126-aa59-6c43d12d7ee4;02f0c2c3-b0ec-4dc8-9286-274dc62d85b7;0;2
083cb0e1-8a6e-4126-aa59-6c43d12d7ee4;46507557-7c9f-4c02-a1a1-6e23f971e923;1;2
083cb0e1-8a6e-4126-aa59-6c43d12d7ee4;3e2e3c77-f016-493b-bf16-07e31fe91466;3;0
083cb0e1-8a6e-4126-aa59-6c43d12d7ee4;558195d2-5afb-439d-b3ff-bd8aaa0d05ad;1;2
083cb0e1-8a6e-4126-aa59-6c43d12d7ee4;790cc44b-d80a-4fa0-9dff-60a47c367dcc;2;1
083cb0e1-8a6e-4126-aa59-6c43d12d7ee4;d15617ab-21a0-4233-b0c7-d81e9c4fe168;1;0
083cb0e1-8a6e-4126-aa59-6c43d12d7ee4;8d6f9e88-4f45-4613-bed8-1104fed67e81;1;1
083cb0e1-8a6e-4126-aa59-6c43d12d7ee4;38e77705-c9dd-4340-b07b-1a602079c785;1;0
083cb0e1-8a6e-4126-aa59-6c43d12d7ee4;7029238d-800f-474c-a1a1-6e39f6426826;1;2
083cb0e1-8a6e-4126-aa59-6c43d12d7ee4;b9fe6496-64c2-44a6-9e68-7faa1dbabf94;1;1
083cb0e1-8a6e-4126-aa59-6c43d12d7ee4;e7c8da36-b6ff-47fa-9904-06af82e7ade4;1;0
083cb0e1-8a6e-4126-aa59-6c43d12d7ee4;35f389be-886f-421b-a0da-6244a230cfc3;3;0
083cb0e1-8a6e-4126-aa59-6c43d12d7ee4;9976821a-b7c4-45e4-90e1-4718a8ea498d;1;2
083cb0e1-8a6e-4126-aa59-6c43d12d7ee4;4a3ff2cf-924a-40b2-8540-6213eacd2460;2;1
083cb0e1-8a6e-4126-aa59-6c43d12d7ee4;bc757dba-eae9-449c-8986-3a7423db361b;2;0
083cb0e1-8a6e-4126-aa59-6c43d12d7ee4;4a6a222f-45d8-46dc-a479-9e2862c5ec04;2;1
083cb0e1-8a6e-4126-aa59-6c43d12d7ee4;ac7f16c1-b9ac-4471-bbc1-d224f3dea0eb;0;2
083cb0e1-8a6e-4126-aa59-6c43d12d7ee4;720ea640-677c-40ea-b0f0-2349c14f43e9;1;1
083cb0e1-8a6e-4126-aa59-6c43d12d7ee4;221524df-de81-4c62-b5fc-07692a7a6701;2;1
083cb0e1-8a6e-4126-aa59-6c43d12d7ee4;7401aacf-a513-4899-add1-9020af17c085;2;0
083cb0e1-8a6e-4126-aa59-6c43d12d7ee4;eb71238e-8f11-4b6c-b3d8-4f073dde25cb;0;2
083cb0e1-8a6e-4126-aa59-6c43d12d7ee4;15ccd2e2-ff62-44af-9cdc-4ba734802b4c;0;2
083cb0e1-8a6e-4126-aa59-6c43d12d7ee4;b89d061b-211b-468d-8df1-00be0ad11e3b;1;0
083cb0e1-8a6e-4126-aa59-6c43d12d7ee4;cc216780-5af6-48e5-ba90-40b2b5095f6f;2;0
083cb0e1-8a6e-4126-aa59-6c43d12d7ee4;23c37287-e2a9-46bd-8462-d93e552f7f02;1;1
083cb0e1-8a6e-4126-aa59-6c43d12d7ee4;d1baa0fe-6f5b-4c77-ab18-cf3879a35202;3;0
083cb0e1-8a6e-4126-aa59-6c43d12d7ee4;48233635-63c8-4c8e-9e24-f5fea034d578;1;2
083cb0e1-8a6e-4126-aa59-6c43d12d7ee4;a0ed30bf-d2ba-4f20-b3ff-9235725a2828;1;3
083cb0e1-8a6e-4126-aa59-6c43d12d7ee4;dbe94e5e-1ac1-483b-b3e3-b1837bd07b69;2;1
083cb0e1-8a6e-4126-aa59-6c43d12d7ee4;b4c8645f-7fda-4983-9b85-79c70621e255;3;0
083cb0e1-8a6e-4126-aa59-6c43d12d7ee4;fbafc025-bbef-4e8f-8c24-3168b7c94609;1;1
083cb0e1-8a6e-4126-aa59-6c43d12d7ee4;577621d7-41f9-42e9-bc72-7cd5eb642329;2;0
083cb0e1-8a6e-4126-aa59-6c43d12d7ee4;2e780d25-f1f5-4e6b-bed3-a2c17e245885;1;1
083cb0e1-8a6e-4126-aa59-6c43d12d7ee4;c9bb33fd-91e7-4fba-b13a-32c8f574bac9;0;1
083cb0e1-8a6e-4126-aa59-6c43d12d7ee4;4ed786d2-f903-4cfc-8bad-0b1c03757811;0;2
083cb0e1-8a6e-4126-aa59-6c43d12d7ee4;ec8fa0cd-da44-4bb1-8124-94c0f54837cf;2;1
083cb0e1-8a6e-4126-aa59-6c43d12d7ee4;4fbf144a-faa9-4928-aa94-424246daf5c2;0;3
083cb0e1-8a6e-4126-aa59-6c43d12d7ee4;aefa3302-baf2-4aa1-84f3-c1b37212b1fd;4;0
083cb0e1-8a6e-4126-aa59-6c43d12d7ee4;ffa9e78d-d28b-4f50-8147-10d459414ece;3;1
083cb0e1-8a6e-4126-aa59-6c43d12d7ee4;e234852c-1749-439a-81a0-9714c2de6884;1;1
083cb0e1-8a6e-4126-aa59-6c43d12d7ee4;617b2750-c295-4c2c-8947-16e4dfe3e4c3;3;1
083cb0e1-8a6e-4126-aa59-6c43d12d7ee4;1af918bd-ec32-4802-bad5-4f631af54133;1;1
083cb0e1-8a6e-4126-aa59-6c43d12d7ee4;84295db2-1e91-48de-9c8c-da77f961b366;2;1
083cb0e1-8a6e-4126-aa59-6c43d12d7ee4;63ca3b21-8ae6-4694-b5d9-847f594847ca;2;2
083cb0e1-8a6e-4126-aa59-6c43d12d7ee4;b16dc9f2-3dd6-4477-950f-33306996710f;0;2
083cb0e1-8a6e-4126-aa59-6c43d12d7ee4;417bb761-fee7-4064-91c1-c0ac7f067f27;0;2
083cb0e1-8a6e-4126-aa59-6c43d12d7ee4;39a3507d-d9d6-496f-b1d2-1b17699bdcff;0;2
083cb0e1-8a6e-4126-aa59-6c43d12d7ee4;c5b846f6-0e5f-488f-8db9-903cf600effb;2;0
083cb0e1-8a6e-4126-aa59-6c43d12d7ee4;05922653-dbb1-4d88-9481-81d45a2a89d4;0;2
083cb0e1-8a6e-4126-aa59-6c43d12d7ee4;99412f67-a0f5-4a96-a16c-8d79249bbfef;3;0
083cb0e1-8a6e-4126-aa59-6c43d12d7ee4;fc1a59d4-4b43-412c-a8cf-df27888531b1;2;1
083cb0e1-8a6e-4126-aa59-6c43d12d7ee4;0a1b2929-b031-4c05-9f44-eb05cc63e024;1;1
083cb0e1-8a6e-4126-aa59-6c43d12d7ee4;9fa9c061-bbc6-494a-a0b1-3b04e740478e;1;0
083cb0e1-8a6e-4126-aa59-6c43d12d7ee4;c4fdc0dc-d354-4607-bf5d-9663d8ffcb63;1;1
083cb0e1-8a6e-4126-aa59-6c43d12d7ee4;75669d9e-deb8-4a01-8f82-efcafd8e3cad;2;1
083cb0e1-8a6e-4126-aa59-6c43d12d7ee4;214de929-fd81-4d39-9c4a-8833663e4fe1;2;1
083cb0e1-8a6e-4126-aa59-6c43d12d7ee4;0aa2ebcd-70de-412a-9441-b8b8075500f9;1;2
083cb0e1-8a6e-4126-aa59-6c43d12d7ee4;3bce09a8-fe18-493f-bba3-75b418219afc;0;1
083cb0e1-8a6e-4126-aa59-6c43d12d7ee4;c69858fe-95a6-4da7-b0ed-a1c58b2d06b3;2;1
12c8783d-c79e-41f2-83c6-138e42072a4d;00804107-d265-4ce0-8fa0-ddbe68e8163d;2;1
12c8783d-c79e-41f2-83c6-138e42072a4d;eeb974eb-67fc-4260-a4ea-0a9450cd4bc7;1;0
12c8783d-c79e-41f2-83c6-138e42072a4d;51f0ff44-15d4-4669-a082-050405194406;1;1
12c8783d-c79e-41f2-83c6-138e42072a4d;e5044fff-3542-4b24-9331-b3c3bd84692d;2;1
12c8783d-c79e-41f2-83c6-138e42072a4d;f2e46b5c-6866-492b-b8b3-f6cae34f7ec7;1;2
12c8783d-c79e-41f2-83c6-138e42072a4d;f0e9ba93-8a74-429c-be82-31adef64970b;1;2
12c8783d-c79e-41f2-83c6-138e42072a4d;2c237b79-380c-4474-b377-275e67b9c3a4;0;2
12c8783d-c79e-41f2-83c6-138e42072a4d;1dc15474-5c90-41fd-833a-5bf953fc1a62;0;2
12c8783d-c79e-41f2-83c6-138e42072a4d;ed124ab7-1f57-4c61-ae5b-85f327355a54;1;0
12c8783d-c79e-41f2-83c6-138e42072a4d;bed268f0-cf7e-405c-a096-7cf8a582c7e2;2;1
12c8783d-c79e-41f2-83c6-138e42072a4d;b6ed7065-a307-4e7d-b9f8-f454cdbdf5a8;2;0
12c8783d-c79e-41f2-83c6-138e42072a4d;72b48638-ef0f-4645-92c8-51ec6218ed9a;1;0
12c8783d-c79e-41f2-83c6-138e42072a4d;c6d40e5f-a57d-49c7-8a85-c6524e5629b6;2;1
12c8783d-c79e-41f2-83c6-138e42072a4d;02f0c2c3-b0ec-4dc8-9286-274dc62d85b7;0;3
12c8783d-c79e-41f2-83c6-138e42072a4d;46507557-7c9f-4c02-a1a1-6e23f971e923;1;2
12c8783d-c79e-41f2-83c6-138e42072a4d;3e2e3c77-f016-493b-bf16-07e31fe91466;4;0
12c8783d-c79e-41f2-83c6-138e42072a4d;558195d2-5afb-439d-b3ff-bd8aaa0d05ad;0;1
12c8783d-c79e-41f2-83c6-138e42072a4d;790cc44b-d80a-4fa0-9dff-60a47c367dcc;1;0
12c8783d-c79e-41f2-83c6-138e42072a4d;d15617ab-21a0-4233-b0c7-d81e9c4fe168;0;0
12c8783d-c79e-41f2-83c6-138e42072a4d;8d6f9e88-4f45-4613-bed8-1104fed67e81;0;2
12c8783d-c79e-41f2-83c6-138e42072a4d;38e77705-c9dd-4340-b07b-1a602079c785;1;0
12c8783d-c79e-41f2-83c6-138e42072a4d;7029238d-800f-474c-a1a1-6e39f6426826;2;2
12c8783d-c79e-41f2-83c6-138e42072a4d;b9fe6496-64c2-44a6-9e68-7faa1dbabf94;2;1
12c8783d-c79e-41f2-83c6-138e42072a4d;e7c8da36-b6ff-47fa-9904-06af82e7ade4;2;0
12c8783d-c79e-41f2-83c6-138e42072a4d;35f389be-886f-421b-a0da-6244a230cfc3;4;0
12c8783d-c79e-41f2-83c6-138e42072a4d;9976821a-b7c4-45e4-90e1-4718a8ea498d;2;1
12c8783d-c79e-41f2-83c6-138e42072a4d;4a3ff2cf-924a-40b2-8540-6213eacd2460;2;1
12c8783d-c79e-41f2-83c6-138e42072a4d;bc757dba-eae9-449c-8986-3a7423db361b;2;0
12c8783d-c79e-41f2-83c6-138e42072a4d;4a6a222f-45d8-46dc-a479-9e2862c5ec04;0;2
12c8783d-c79e-41f2-83c6-138e42072a4d;ac7f16c1-b9ac-4471-bbc1-d224f3dea0eb;0;3
12c8783d-c79e-41f2-83c6-138e42072a4d;720ea640-677c-40ea-b0f0-2349c14f43e9;0;1
12c8783d-c79e-41f2-83c6-138e42072a4d;221524df-de81-4c62-b5fc-07692a7a6701;1;0
12c8783d-c79e-41f2-83c6-138e42072a4d;7401aacf-a513-4899-add1-9020af17c085;1;0
12c8783d-c79e-41f2-83c6-138e42072a4d;eb71238e-8f11-4b6c-b3d8-4f073dde25cb;1;2
12c8783d-c79e-41f2-83c6-138e42072a4d;15ccd2e2-ff62-44af-9cdc-4ba734802b4c;1;2
12c8783d-c79e-41f2-83c6-138e42072a4d;b89d061b-211b-468d-8df1-00be0ad11e3b;2;1
12c8783d-c79e-41f2-83c6-138e42072a4d;cc216780-5af6-48e5-ba90-40b2b5095f6f;3;0
12c8783d-c79e-41f2-83c6-138e42072a4d;23c37287-e2a9-46bd-8462-d93e552f7f02;1;0
12c8783d-c79e-41f2-83c6-138e42072a4d;d1baa0fe-6f5b-4c77-ab18-cf3879a35202;2;0
12c8783d-c79e-41f2-83c6-138e42072a4d;48233635-63c8-4c8e-9e24-f5fea034d578;0;2
12c8783d-c79e-41f2-83c6-138e42072a4d;a0ed30bf-d2ba-4f20-b3ff-9235725a2828;1;3
12c8783d-c79e-41f2-83c6-138e42072a4d;dbe94e5e-1ac1-483b-b3e3-b1837bd07b69;2;1
12c8783d-c79e-41f2-83c6-138e42072a4d;b4c8645f-7fda-4983-9b85-79c70621e255;4;0
12c8783d-c79e-41f2-83c6-138e42072a4d;fbafc025-bbef-4e8f-8c24-3168b7c94609;1;2
12c8783d-c79e-41f2-83c6-138e42072a4d;577621d7-41f9-42e9-bc72-7cd5eb642329;3;1
12c8783d-c79e-41f2-83c6-138e42072a4d;2e780d25-f1f5-4e6b-bed3-a2c17e245885;2;0
12c8783d-c79e-41f2-83c6-138e42072a4d;c9bb33fd-91e7-4fba-b13a-32c8f574bac9;1;2
12c8783d-c79e-41f2-83c6-138e42072a4d;4ed786d2-f903-4cfc-8bad-0b1c03757811;0;1
12c8783d-c79e-41f2-83c6-138e42072a4d;ec8fa0cd-da44-4bb1-8124-94c0f54837cf;2;1
12c8783d-c79e-41f2-83c6-138e42072a4d;4fbf144a-faa9-4928-aa94-424246daf5c2;1;3
12c8783d-c79e-41f2-83c6-138e42072a4d;aefa3302-baf2-4aa1-84f3-c1b37212b1fd;4;0
12c8783d-c79e-41f2-83c6-138e42072a4d;ffa9e78d-d28b-4f50-8147-10d459414ece;2;1
12c8783d-c79e-41f2-83c6-138e42072a4d;e234852c-1749-439a-81a0-9714c2de6884;1;2
12c8783d-c79e-41f2-83c6-138e42072a4d;617b2750-c295-4c2c-8947-16e4dfe3e4c3;3;0
12c8783d-c79e-41f2-83c6-138e42072a4d;1af918bd-ec32-4802-bad5-4f631af54133;2;0
12c8783d-c79e-41f2-83c6-138e42072a4d;84295db2-1e91-48de-9c8c-da77f961b366;2;0
12c8783d-c79e-41f2-83c6-138e42072a4d;63ca3b21-8ae6-4694-b5d9-847f594847ca;2;1
12c8783d-c79e-41f2-83c6-138e42072a4d;b16dc9f2-3dd6-4477-950f-33306996710f;0;2
12c8783d-c79e-41f2-83c6-138e42072a4d;417bb761-fee7-4064-91c1-c0ac7f067f27;0;3
12c8783d-c79e-41f2-83c6-138e42072a4d;39a3507d-d9d6-496f-b1d2-1b17699bdcff;0;0
12c8783d-c79e-41f2-83c6-138e42072a4d;c5b846f6-0e5f-488f-8db9-903cf600effb;2;0
12c8783d-c79e-41f2-83c6-138e42072a4d;05922653-dbb1-4d88-9481-81d45a2a89d4;0;3
12c8783d-c79e-41f2-83c6-138e42072a4d;99412f67-a0f5-4a96-a16c-8d79249bbfef;3;0
12c8783d-c79e-41f2-83c6-138e42072a4d;fc1a59d4-4b43-412c-a8cf-df27888531b1;2;1
12c8783d-c79e-41f2-83c6-138e42072a4d;0a1b2929-b031-4c05-9f44-eb05cc63e024;1;2
12c8783d-c79e-41f2-83c6-138e42072a4d;9fa9c061-bbc6-494a-a0b1-3b04e740478e;1;0
12c8783d-c79e-41f2-83c6-138e42072a4d;c4fdc0dc-d354-4607-bf5d-9663d8ffcb63;1;0
12c8783d-c79e-41f2-83c6-138e42072a4d;75669d9e-deb8-4a01-8f82-efcafd8e3cad;3;0
12c8783d-c79e-41f2-83c6-138e42072a4d;214de929-fd81-4d39-9c4a-8833663e4fe1;2;1
12c8783d-c79e-41f2-83c6-138e42072a4d;0aa2ebcd-70de-412a-9441-b8b8075500f9;0;2
12c8783d-c79e-41f2-83c6-138e42072a4d;3bce09a8-fe18-493f-bba3-75b418219afc;0;2
12c8783d-c79e-41f2-83c6-138e42072a4d;c69858fe-95a6-4da7-b0ed-a1c58b2d06b3;2;1
037a852f-335a-4602-b646-c0509af0795f;00804107-d265-4ce0-8fa0-ddbe68e8163d;3;1
037a852f-335a-4602-b646-c0509af0795f;eeb974eb-67fc-4260-a4ea-0a9450cd4bc7;1;1
037a852f-335a-4602-b646-c0509af0795f;51f0ff44-15d4-4669-a082-050405194406;0;2
037a852f-335a-4602-b646-c0509af0795f;e5044fff-3542-4b24-9331-b3c3bd84692d;1;1
037a852f-335a-4602-b646-c0509af0795f;f2e46b5c-6866-492b-b8b3-f6cae34f7ec7;1;3
037a852f-335a-4602-b646-c0509af0795f;f0e9ba93-8a74-429c-be82-31adef64970b;2;1
037a852f-335a-4602-b646-c0509af0795f;2c237b79-380c-4474-b377-275e67b9c3a4;1;2
037a852f-335a-4602-b646-c0509af0795f;1dc15474-5c90-41fd-833a-5bf953fc1a62;0;2
037a852f-335a-4602-b646-c0509af0795f;ed124ab7-1f57-4c61-ae5b-85f327355a54;2;2
037a852f-335a-4602-b646-c0509af0795f;bed268f0-cf7e-405c-a096-7cf8a582c7e2;2;1
037a852f-335a-4602-b646-c0509af0795f;b6ed7065-a307-4e7d-b9f8-f454cdbdf5a8;3;1
037a852f-335a-4602-b646-c0509af0795f;72b48638-ef0f-4645-92c8-51ec6218ed9a;2;0
037a852f-335a-4602-b646-c0509af0795f;c6d40e5f-a57d-49c7-8a85-c6524e5629b6;2;1
037a852f-335a-4602-b646-c0509af0795f;02f0c2c3-b0ec-4dc8-9286-274dc62d85b7;1;3
037a852f-335a-4602-b646-c0509af0795f;46507557-7c9f-4c02-a1a1-6e23f971e923;2;2
037a852f-335a-4602-b646-c0509af0795f;3e2e3c77-f016-493b-bf16-07e31fe91466;3;1
037a852f-335a-4602-b646-c0509af0795f;558195d2-5afb-439d-b3ff-bd8aaa0d05ad;1;1
037a852f-335a-4602-b646-c0509af0795f;790cc44b-d80a-4fa0-9dff-60a47c367dcc;2;0
037a852f-335a-4602-b646-c0509af0795f;d15617ab-21a0-4233-b0c7-d81e9c4fe168;2;2
037a852f-335a-4602-b646-c0509af0795f;8d6f9e88-4f45-4613-bed8-1104fed67e81;2;1
037a852f-335a-4602-b646-c0509af0795f;38e77705-c9dd-4340-b07b-1a602079c785;0;1
037a852f-335a-4602-b646-c0509af0795f;7029238d-800f-474c-a1a1-6e39f6426826;1;2
037a852f-335a-4602-b646-c0509af0795f;b9fe6496-64c2-44a6-9e68-7faa1dbabf94;2;2
037a852f-335a-4602-b646-c0509af0795f;e7c8da36-b6ff-47fa-9904-06af82e7ade4;2;0
037a852f-335a-4602-b646-c0509af0795f;35f389be-886f-421b-a0da-6244a230cfc3;3;0
037a852f-335a-4602-b646-c0509af0795f;9976821a-b7c4-45e4-90e1-4718a8ea498d;1;2
037a852f-335a-4602-b646-c0509af0795f;4a3ff2cf-924a-40b2-8540-6213eacd2460;3;1
037a852f-335a-4602-b646-c0509af0795f;bc757dba-eae9-449c-8986-3a7423db361b;2;0
037a852f-335a-4602-b646-c0509af0795f;4a6a222f-45d8-46dc-a479-9e2862c5ec04;1;3
037a852f-335a-4602-b646-c0509af0795f;ac7f16c1-b9ac-4471-bbc1-d224f3dea0eb;1;1
037a852f-335a-4602-b646-c0509af0795f;720ea640-677c-40ea-b0f0-2349c14f43e9;3;2
037a852f-335a-4602-b646-c0509af0795f;221524df-de81-4c62-b5fc-07692a7a6701;2;0
037a852f-335a-4602-b646-c0509af0795f;7401aacf-a513-4899-add1-9020af17c085;1;0
037a852f-335a-4602-b646-c0509af0795f;eb71238e-8f11-4b6c-b3d8-4f073dde25cb;1;2
037a852f-335a-4602-b646-c0509af0795f;15ccd2e2-ff62-44af-9cdc-4ba734802b4c;0;3
037a852f-335a-4602-b646-c0509af0795f;b89d061b-211b-468d-8df1-00be0ad11e3b;2;1
037a852f-335a-4602-b646-c0509af0795f;cc216780-5af6-48e5-ba90-40b2b5095f6f;3;1
037a852f-335a-4602-b646-c0509af0795f;23c37287-e2a9-46bd-8462-d93e552f7f02;0;0
037a852f-335a-4602-b646-c0509af0795f;d1baa0fe-6f5b-4c77-ab18-cf3879a35202;2;0
037a852f-335a-4602-b646-c0509af0795f;48233635-63c8-4c8e-9e24-f5fea034d578;0;2
037a852f-335a-4602-b646-c0509af0795f;a0ed30bf-d2ba-4f20-b3ff-9235725a2828;1;3
037a852f-335a-4602-b646-c0509af0795f;dbe94e5e-1ac1-483b-b3e3-b1837bd07b69;2;1
037a852f-335a-4602-b646-c0509af0795f;b4c8645f-7fda-4983-9b85-79c70621e255;4;1
037a852f-335a-4602-b646-c0509af0795f;fbafc025-bbef-4e8f-8c24-3168b7c94609;1;3
037a852f-335a-4602-b646-c0509af0795f;577621d7-41f9-42e9-bc72-7cd5eb642329;2;0
037a852f-335a-4602-b646-c0509af0795f;2e780d25-f1f5-4e6b-bed3-a2c17e245885;2;0
037a852f-335a-4602-b646-c0509af0795f;c9bb33fd-91e7-4fba-b13a-32c8f574bac9;1;1
037a852f-335a-4602-b646-c0509af0795f;4ed786d2-f903-4cfc-8bad-0b1c03757811;0;2
037a852f-335a-4602-b646-c0509af0795f;ec8fa0cd-da44-4bb1-8124-94c0f54837cf;3;1
037a852f-335a-4602-b646-c0509af0795f;4fbf144a-faa9-4928-aa94-424246daf5c2;1;2
037a852f-335a-4602-b646-c0509af0795f;aefa3302-baf2-4aa1-84f3-c1b37212b1fd;2;0
037a852f-335a-4602-b646-c0509af0795f;ffa9e78d-d28b-4f50-8147-10d459414ece;1;1
037a852f-335a-4602-b646-c0509af0795f;e234852c-1749-439a-81a0-9714c2de6884;0;2
037a852f-335a-4602-b646-c0509af0795f;617b2750-c295-4c2c-8947-16e4dfe3e4c3;1;2
037a852f-335a-4602-b646-c0509af0795f;1af918bd-ec32-4802-bad5-4f631af54133;3;1
037a852f-335a-4602-b646-c0509af0795f;84295db2-1e91-48de-9c8c-da77f961b366;2;0
037a852f-335a-4602-b646-c0509af0795f;63ca3b21-8ae6-4694-b5d9-847f594847ca;2;0
037a852f-335a-4602-b646-c0509af0795f;b16dc9f2-3dd6-4477-950f-33306996710f;1;1
037a852f-335a-4602-b646-c0509af0795f;417bb761-fee7-4064-91c1-c0ac7f067f27;0;3
037a852f-335a-4602-b646-c0509af0795f;39a3507d-d9d6-496f-b1d2-1b17699bdcff;1;2
037a852f-335a-4602-b646-c0509af0795f;c5b846f6-0e5f-488f-8db9-903cf600effb;2;1
037a852f-335a-4602-b646-c0509af0795f;05922653-dbb1-4d88-9481-81d45a2a89d4;1;3
037a852f-335a-4602-b646-c0509af0795f;99412f67-a0f5-4a96-a16c-8d79249bbfef;3;0
037a852f-335a-4602-b646-c0509af0795f;fc1a59d4-4b43-412c-a8cf-df27888531b1;2;1
037a852f-335a-4602-b646-c0509af0795f;0a1b2929-b031-4c05-9f44-eb05cc63e024;2;2
037a852f-335a-4602-b646-c0509af0795f;9fa9c061-bbc6-494a-a0b1-3b04e740478e;1;1
037a852f-335a-4602-b646-c0509af0795f;c4fdc0dc-d354-4607-bf5d-9663d8ffcb63;2;2
037a852f-335a-4602-b646-c0509af0795f;75669d9e-deb8-4a01-8f82-efcafd8e3cad;2;1
037a852f-335a-4602-b646-c0509af0795f;214de929-fd81-4d39-9c4a-8833663e4fe1;3;1
037a852f-335a-4602-b646-c0509af0795f;0aa2ebcd-70de-412a-9441-b8b8075500f9;1;2
037a852f-335a-4602-b646-c0509af0795f;3bce09a8-fe18-493f-bba3-75b418219afc;0;1
037a852f-335a-4602-b646-c0509af0795f;c69858fe-95a6-4da7-b0ed-a1c58b2d06b3;2;2
ae5a4c49-f43a-477b-affe-dc56418f1d1d;00804107-d265-4ce0-8fa0-ddbe68e8163d;1;0
ae5a4c49-f43a-477b-affe-dc56418f1d1d;eeb974eb-67fc-4260-a4ea-0a9450cd4bc7;0;1
ae5a4c49-f43a-477b-affe-dc56418f1d1d;51f0ff44-15d4-4669-a082-050405194406;1;0
ae5a4c49-f43a-477b-affe-dc56418f1d1d;e5044fff-3542-4b24-9331-b3c3bd84692d;2;1
ae5a4c49-f43a-477b-affe-dc56418f1d1d;f2e46b5c-6866-492b-b8b3-f6cae34f7ec7;0;1
ae5a4c49-f43a-477b-affe-dc56418f1d1d;f0e9ba93-8a74-429c-be82-31adef64970b;1;2
ae5a4c49-f43a-477b-affe-dc56418f1d1d;2c237b79-380c-4474-b377-275e67b9c3a4;1;0
ae5a4c49-f43a-477b-affe-dc56418f1d1d;1dc15474-5c90-41fd-833a-5bf953fc1a62;0;1
ae5a4c49-f43a-477b-affe-dc56418f1d1d;ed124ab7-1f57-4c61-ae5b-85f327355a54;1;0
ae5a4c49-f43a-477b-affe-dc56418f1d1d;bed268f0-cf7e-405c-a096-7cf8a582c7e2;2;0
ae5a4c49-f43a-477b-affe-dc56418f1d1d;b6ed7065-a307-4e7d-b9f8-f454cdbdf5a8;0;0
ae5a4c49-f43a-477b-affe-dc56418f1d1d;72b48638-ef0f-4645-92c8-51ec6218ed9a;1;1
ae5a4c49-f43a-477b-affe-dc56418f1d1d;c6d40e5f-a57d-49c7-8a85-c6524e5629b6;3;0
ae5a4c49-f43a-477b-affe-dc56418f1d1d;02f0c2c3-b0ec-4dc8-9286-274dc62d85b7;0;2
ae5a4c49-f43a-477b-affe-dc56418f1d1d;46507557-7c9f-4c02-a1a1-6e23f971e923;0;1
ae5a4c49-f43a-477b-affe-dc56418f1d1d;3e2e3c77-f016-493b-bf16-07e31fe91466;3;0
ae5a4c49-f43a-477b-affe-dc56418f1d1d;558195d2-5afb-439d-b3ff-bd8aaa0d05ad;0;2
ae5a4c49-f43a-477b-affe-dc56418f1d1d;790cc44b-d80a-4fa0-9dff-60a47c367dcc;2;0
ae5a4c49-f43a-477b-affe-dc56418f1d1d;d15617ab-21a0-4233-b0c7-d81e9c4fe168;1;0
ae5a4c49-f43a-477b-affe-dc56418f1d1d;8d6f9e88-4f45-4613-bed8-1104fed67e81;0;0
ae5a4c49-f43a-477b-affe-dc56418f1d1d;38e77705-c9dd-4340-b07b-1a602079c785;2;0
ae5a4c49-f43a-477b-affe-dc56418f1d1d;7029238d-800f-474c-a1a1-6e39f6426826;1;0
ae5a4c49-f43a-477b-affe-dc56418f1d1d;b9fe6496-64c2-44a6-9e68-7faa1dbabf94;0;0
ae5a4c49-f43a-477b-affe-dc56418f1d1d;e7c8da36-b6ff-47fa-9904-06af82e7ade4;1;0
ae5a4c49-f43a-477b-affe-dc56418f1d1d;35f389be-886f-421b-a0da-6244a230cfc3;4;0
ae5a4c49-f43a-477b-affe-dc56418f1d1d;9976821a-b7c4-45e4-90e1-4718a8ea498d;1;2
ae5a4c49-f43a-477b-affe-dc56418f1d1d;4a3ff2cf-924a-40b2-8540-6213eacd2460;3;0
ae5a4c49-f43a-477b-affe-dc56418f1d1d;bc757dba-eae9-449c-8986-3a7423db361b;2;0
ae5a4c49-f43a-477b-affe-dc56418f1d1d;4a6a222f-45d8-46dc-a479-9e2862c5ec04;0;2
ae5a4c49-f43a-477b-affe-dc56418f1d1d;ac7f16c1-b9ac-4471-bbc1-d224f3dea0eb;0;2
ae5a4c49-f43a-477b-affe-dc56418f1d1d;720ea640-677c-40ea-b0f0-2349c14f43e9;2;1
ae5a4c49-f43a-477b-affe-dc56418f1d1d;221524df-de81-4c62-b5fc-07692a7a6701;2;0
ae5a4c49-f43a-477b-affe-dc56418f1d1d;7401aacf-a513-4899-add1-9020af17c085;2;1
ae5a4c49-f43a-477b-affe-dc56418f1d1d;eb71238e-8f11-4b6c-b3d8-4f073dde25cb;0;1
ae5a4c49-f43a-477b-affe-dc56418f1d1d;15ccd2e2-ff62-44af-9cdc-4ba734802b4c;1;1
ae5a4c49-f43a-477b-affe-dc56418f1d1d;b89d061b-211b-468d-8df1-00be0ad11e3b;1;2
ae5a4c49-f43a-477b-affe-dc56418f1d1d;cc216780-5af6-48e5-ba90-40b2b5095f6f;2;0
ae5a4c49-f43a-477b-affe-dc56418f1d1d;23c37287-e2a9-46bd-8462-d93e552f7f02;0;1
ae5a4c49-f43a-477b-affe-dc56418f1d1d;d1baa0fe-6f5b-4c77-ab18-cf3879a35202;2;0
ae5a4c49-f43a-477b-affe-dc56418f1d1d;48233635-63c8-4c8e-9e24-f5fea034d578;0;2
ae5a4c49-f43a-477b-affe-dc56418f1d1d;a0ed30bf-d2ba-4f20-b3ff-9235725a2828;1;1
ae5a4c49-f43a-477b-affe-dc56418f1d1d;dbe94e5e-1ac1-483b-b3e3-b1837bd07b69;1;0
ae5a4c49-f43a-477b-affe-dc56418f1d1d;b4c8645f-7fda-4983-9b85-79c70621e255;3;0
ae5a4c49-f43a-477b-affe-dc56418f1d1d;fbafc025-bbef-4e8f-8c24-3168b7c94609;0;2
ae5a4c49-f43a-477b-affe-dc56418f1d1d;577621d7-41f9-42e9-bc72-7cd5eb642329;2;0
ae5a4c49-f43a-477b-affe-dc56418f1d1d;2e780d25-f1f5-4e6b-bed3-a2c17e245885;2;0
ae5a4c49-f43a-477b-affe-dc56418f1d1d;c9bb33fd-91e7-4fba-b13a-32c8f574bac9;1;2
ae5a4c49-f43a-477b-affe-dc56418f1d1d;4ed786d2-f903-4cfc-8bad-0b1c03757811;0;1
ae5a4c49-f43a-477b-affe-dc56418f1d1d;ec8fa0cd-da44-4bb1-8124-94c0f54837cf;2;0
ae5a4c49-f43a-477b-affe-dc56418f1d1d;4fbf144a-faa9-4928-aa94-424246daf5c2;0;2
ae5a4c49-f43a-477b-affe-dc56418f1d1d;aefa3302-baf2-4aa1-84f3-c1b37212b1fd;2;0
ae5a4c49-f43a-477b-affe-dc56418f1d1d;ffa9e78d-d28b-4f50-8147-10d459414ece;1;1
ae5a4c49-f43a-477b-affe-dc56418f1d1d;e234852c-1749-439a-81a0-9714c2de6884;1;2
ae5a4c49-f43a-477b-affe-dc56418f1d1d;617b2750-c295-4c2c-8947-16e4dfe3e4c3;2;0
ae5a4c49-f43a-477b-affe-dc56418f1d1d;1af918bd-ec32-4802-bad5-4f631af54133;3;0
ae5a4c49-f43a-477b-affe-dc56418f1d1d;84295db2-1e91-48de-9c8c-da77f961b366;2;0
ae5a4c49-f43a-477b-affe-dc56418f1d1d;63ca3b21-8ae6-4694-b5d9-847f594847ca;2;1
ae5a4c49-f43a-477b-affe-dc56418f1d1d;b16dc9f2-3dd6-4477-950f-33306996710f;0;2
ae5a4c49-f43a-477b-affe-dc56418f1d1d;417bb761-fee7-4064-91c1-c0ac7f067f27;0;3
ae5a4c49-f43a-477b-affe-dc56418f1d1d;39a3507d-d9d6-496f-b1d2-1b17699bdcff;1;1
ae5a4c49-f43a-477b-affe-dc56418f1d1d;c5b846f6-0e5f-488f-8db9-903cf600effb;2;0
ae5a4c49-f43a-477b-affe-dc56418f1d1d;05922653-dbb1-4d88-9481-81d45a2a89d4;0;1
ae5a4c49-f43a-477b-affe-dc56418f1d1d;99412f67-a0f5-4a96-a16c-8d79249bbfef;1;0
ae5a4c49-f43a-477b-affe-dc56418f1d1d;fc1a59d4-4b43-412c-a8cf-df27888531b1;1;0
ae5a4c49-f43a-477b-affe-dc56418f1d1d;0a1b2929-b031-4c05-9f44-eb05cc63e024;1;2
ae5a4c49-f43a-477b-affe-dc56418f1d1d;9fa9c061-bbc6-494a-a0b1-3b04e740478e;1;1
ae5a4c49-f43a-477b-affe-dc56418f1d1d;c4fdc0dc-d354-4607-bf5d-9663d8ffcb63;1;0
ae5a4c49-f43a-477b-affe-dc56418f1d1d;75669d9e-deb8-4a01-8f82-efcafd8e3cad;2;1
ae5a4c49-f43a-477b-affe-dc56418f1d1d;214de929-fd81-4d39-9c4a-8833663e4fe1;3;0
ae5a4c49-f43a-477b-affe-dc56418f1d1d;0aa2ebcd-70de-412a-9441-b8b8075500f9;0;2
ae5a4c49-f43a-477b-affe-dc56418f1d1d;3bce09a8-fe18-493f-bba3-75b418219afc;1;1
ae5a4c49-f43a-477b-affe-dc56418f1d1d;c69858fe-95a6-4da7-b0ed-a1c58b2d06b3;2;1
9d5d8696-c70f-4075-bbbc-970961480559;00804107-d265-4ce0-8fa0-ddbe68e8163d;2;1
9d5d8696-c70f-4075-bbbc-970961480559;eeb974eb-67fc-4260-a4ea-0a9450cd4bc7;1;0
9d5d8696-c70f-4075-bbbc-970961480559;51f0ff44-15d4-4669-a082-050405194406;2;0
9d5d8696-c70f-4075-bbbc-970961480559;e5044fff-3542-4b24-9331-b3c3bd84692d;2;1
9d5d8696-c70f-4075-bbbc-970961480559;f2e46b5c-6866-492b-b8b3-f6cae34f7ec7;1;2
9d5d8696-c70f-4075-bbbc-970961480559;f0e9ba93-8a74-429c-be82-31adef64970b;1;3
9d5d8696-c70f-4075-bbbc-970961480559;2c237b79-380c-4474-b377-275e67b9c3a4;2;0
9d5d8696-c70f-4075-bbbc-970961480559;1dc15474-5c90-41fd-833a-5bf953fc1a62;0;2
9d5d8696-c70f-4075-bbbc-970961480559;ed124ab7-1f57-4c61-ae5b-85f327355a54;3;0
9d5d8696-c70f-4075-bbbc-970961480559;bed268f0-cf7e-405c-a096-7cf8a582c7e2;2;0
9d5d8696-c70f-4075-bbbc-970961480559;b6ed7065-a307-4e7d-b9f8-f454cdbdf5a8;2;1
9d5d8696-c70f-4075-bbbc-970961480559;72b48638-ef0f-4645-92c8-51ec6218ed9a;1;2
9d5d8696-c70f-4075-bbbc-970961480559;c6d40e5f-a57d-49c7-8a85-c6524e5629b6;3;1
9d5d8696-c70f-4075-bbbc-970961480559;02f0c2c3-b0ec-4dc8-9286-274dc62d85b7;0;2
9d5d8696-c70f-4075-bbbc-970961480559;46507557-7c9f-4c02-a1a1-6e23f971e923;1;2
9d5d8696-c70f-4075-bbbc-970961480559;3e2e3c77-f016-493b-bf16-07e31fe91466;4;0
9d5d8696-c70f-4075-bbbc-970961480559;558195d2-5afb-439d-b3ff-bd8aaa0d05ad;0;2
9d5d8696-c70f-4075-bbbc-970961480559;790cc44b-d80a-4fa0-9dff-60a47c367dcc;2;0
9d5d8696-c70f-4075-bbbc-970961480559;d15617ab-21a0-4233-b0c7-d81e9c4fe168;2;1
9d5d8696-c70f-4075-bbbc-970961480559;8d6f9e88-4f45-4613-bed8-1104fed67e81;1;2
9d5d8696-c70f-4075-bbbc-970961480559;38e77705-c9dd-4340-b07b-1a602079c785;2;0
9d5d8696-c70f-4075-bbbc-970961480559;7029238d-800f-474c-a1a1-6e39f6426826;1;1
9d5d8696-c70f-4075-bbbc-970961480559;b9fe6496-64c2-44a6-9e68-7faa1dbabf94;1;2
9d5d8696-c70f-4075-bbbc-970961480559;e7c8da36-b6ff-47fa-9904-06af82e7ade4;2;1
9d5d8696-c70f-4075-bbbc-970961480559;35f389be-886f-421b-a0da-6244a230cfc3;4;0
9d5d8696-c70f-4075-bbbc-970961480559;9976821a-b7c4-45e4-90e1-4718a8ea498d;2;1
9d5d8696-c70f-4075-bbbc-970961480559;4a3ff2cf-924a-40b2-8540-6213eacd2460;2;1
9d5d8696-c70f-4075-bbbc-970961480559;bc757dba-eae9-449c-8986-3a7423db361b;3;0
9d5d8696-c70f-4075-bbbc-970961480559;4a6a222f-45d8-46dc-a479-9e2862c5ec04;1;2
9d5d8696-c70f-4075-bbbc-970961480559;ac7f16c1-b9ac-4471-bbc1-d224f3dea0eb;1;2
9d5d8696-c70f-4075-bbbc-970961480559;720ea640-677c-40ea-b0f0-2349c14f43e9;2;1
9d5d8696-c70f-4075-bbbc-970961480559;221524df-de81-4c62-b5fc-07692a7a6701;2;0
9d5d8696-c70f-4075-bbbc-970961480559;7401aacf-a513-4899-add1-9020af17c085;2;1
9d5d8696-c70f-4075-bbbc-970961480559;eb71238e-8f11-4b6c-b3d8-4f073dde25cb;0;3
9d5d8696-c70f-4075-bbbc-970961480559;15ccd2e2-ff62-44af-9cdc-4ba734802b4c;0;2
9d5d8696-c70f-4075-bbbc-970961480559;b89d061b-211b-468d-8df1-00be0ad11e3b;2;1
9d5d8696-c70f-4075-bbbc-970961480559;cc216780-5af6-48e5-ba90-40b2b5095f6f;3;0
9d5d8696-c70f-4075-bbbc-970961480559;23c37287-e2a9-46bd-8462-d93e552f7f02;2;0
9d5d8696-c70f-4075-bbbc-970961480559;d1baa0fe-6f5b-4c77-ab18-cf3879a35202;3;1
9d5d8696-c70f-4075-bbbc-970961480559;48233635-63c8-4c8e-9e24-f5fea034d578;1;2
9d5d8696-c70f-4075-bbbc-970961480559;a0ed30bf-d2ba-4f20-b3ff-9235725a2828;0;3
9d5d8696-c70f-4075-bbbc-970961480559;dbe94e5e-1ac1-483b-b3e3-b1837bd07b69;2;1
9d5d8696-c70f-4075-bbbc-970961480559;b4c8645f-7fda-4983-9b85-79c70621e255;5;0
9d5d8696-c70f-4075-bbbc-970961480559;fbafc025-bbef-4e8f-8c24-3168b7c94609;1;2
9d5d8696-c70f-4075-bbbc-970961480559;577621d7-41f9-42e9-bc72-7cd5eb642329;3;0
9d5d8696-c70f-4075-bbbc-970961480559;2e780d25-f1f5-4e6b-bed3-a2c17e245885;3;0
9d5d8696-c70f-4075-bbbc-970961480559;c9bb33fd-91e7-4fba-b13a-32c8f574bac9;1;3
9d5d8696-c70f-4075-bbbc-970961480559;4ed786d2-f903-4cfc-8bad-0b1c03757811;0;2
9d5d8696-c70f-4075-bbbc-970961480559;ec8fa0cd-da44-4bb1-8124-94c0f54837cf;3;1
9d5d8696-c70f-4075-bbbc-970961480559;4fbf144a-faa9-4928-aa94-424246daf5c2;1;2
9d5d8696-c70f-4075-bbbc-970961480559;aefa3302-baf2-4aa1-84f3-c1b37212b1fd;5;0
9d5d8696-c70f-4075-bbbc-970961480559;ffa9e78d-d28b-4f50-8147-10d459414ece;2;1
9d5d8696-c70f-4075-bbbc-970961480559;e234852c-1749-439a-81a0-9714c2de6884;1;2
9d5d8696-c70f-4075-bbbc-970961480559;617b2750-c295-4c2c-8947-16e4dfe3e4c3;2;0
9d5d8696-c70f-4075-bbbc-970961480559;1af918bd-ec32-4802-bad5-4f631af54133;3;0
9d5d8696-c70f-4075-bbbc-970961480559;84295db2-1e91-48de-9c8c-da77f961b366;2;0
9d5d8696-c70f-4075-bbbc-970961480559;63ca3b21-8ae6-4694-b5d9-847f594847ca;2;1
9d5d8696-c70f-4075-bbbc-970961480559;b16dc9f2-3dd6-4477-950f-33306996710f;1;1
9d5d8696-c70f-4075-bbbc-970961480559;417bb761-fee7-4064-91c1-c0ac7f067f27;0;3
9d5d8696-c70f-4075-bbbc-970961480559;39a3507d-d9d6-496f-b1d2-1b17699bdcff;1;2
9d5d8696-c70f-4075-bbbc-970961480559;c5b846f6-0e5f-488f-8db9-903cf600effb;4;0
9d5d8696-c70f-4075-bbbc-970961480559;05922653-dbb1-4d88-9481-81d45a2a89d4;0;2
9d5d8696-c70f-4075-bbbc-970961480559;99412f67-a0f5-4a96-a16c-8d79249bbfef;3;0
9d5d8696-c70f-4075-bbbc-970961480559;fc1a59d4-4b43-412c-a8cf-df27888531b1;3;0
9d5d8696-c70f-4075-bbbc-970961480559;0a1b2929-b031-4c05-9f44-eb05cc63e024;1;2
9d5d8696-c70f-4075-bbbc-970961480559;9fa9c061-bbc6-494a-a0b1-3b04e740478e;1;2
9d5d8696-c70f-4075-bbbc-970961480559;c4fdc0dc-d354-4607-bf5d-9663d8ffcb63;2;1
9d5d8696-c70f-4075-bbbc-970961480559;75669d9e-deb8-4a01-8f82-efcafd8e3cad;2;0
9d5d8696-c70f-4075-bbbc-970961480559;214de929-fd81-4d39-9c4a-8833663e4fe1;3;0
9d5d8696-c70f-4075-bbbc-970961480559;0aa2ebcd-70de-412a-9441-b8b8075500f9;0;2
9d5d8696-c70f-4075-bbbc-970961480559;3bce09a8-fe18-493f-bba3-75b418219afc;0;2
9d5d8696-c70f-4075-bbbc-970961480559;c69858fe-95a6-4da7-b0ed-a1c58b2d06b3;2;1
bae10d48-787e-4cde-b35a-46f254e6bb59;00804107-d265-4ce0-8fa0-ddbe68e8163d;2;0
bae10d48-787e-4cde-b35a-46f254e6bb59;eeb974eb-67fc-4260-a4ea-0a9450cd4bc7;1;1
bae10d48-787e-4cde-b35a-46f254e6bb59;51f0ff44-15d4-4669-a082-050405194406;2;0
bae10d48-787e-4cde-b35a-46f254e6bb59;e5044fff-3542-4b24-9331-b3c3bd84692d;1;1
bae10d48-787e-4cde-b35a-46f254e6bb59;f2e46b5c-6866-492b-b8b3-f6cae34f7ec7;1;2
bae10d48-787e-4cde-b35a-46f254e6bb59;f0e9ba93-8a74-429c-be82-31adef64970b;0;2
bae10d48-787e-4cde-b35a-46f254e6bb59;2c237b79-380c-4474-b377-275e67b9c3a4;1;1
bae10d48-787e-4cde-b35a-46f254e6bb59;1dc15474-5c90-41fd-833a-5bf953fc1a62;0;2
bae10d48-787e-4cde-b35a-46f254e6bb59;ed124ab7-1f57-4c61-ae5b-85f327355a54;2;1
bae10d48-787e-4cde-b35a-46f254e6bb59;bed268f0-cf7e-405c-a096-7cf8a582c7e2;2;1
bae10d48-787e-4cde-b35a-46f254e6bb59;b6ed7065-a307-4e7d-b9f8-f454cdbdf5a8;2;2
bae10d48-787e-4cde-b35a-46f254e6bb59;72b48638-ef0f-4645-92c8-51ec6218ed9a;1;0
bae10d48-787e-4cde-b35a-46f254e6bb59;c6d40e5f-a57d-49c7-8a85-c6524e5629b6;3;1
bae10d48-787e-4cde-b35a-46f254e6bb59;02f0c2c3-b0ec-4dc8-9286-274dc62d85b7;0;2
bae10d48-787e-4cde-b35a-46f254e6bb59;46507557-7c9f-4c02-a1a1-6e23f971e923;1;2
bae10d48-787e-4cde-b35a-46f254e6bb59;3e2e3c77-f016-493b-bf16-07e31fe91466;4;0
bae10d48-787e-4cde-b35a-46f254e6bb59;558195d2-5afb-439d-b3ff-bd8aaa0d05ad;1;3
bae10d48-787e-4cde-b35a-46f254e6bb59;790cc44b-d80a-4fa0-9dff-60a47c367dcc;3;0
bae10d48-787e-4cde-b35a-46f254e6bb59;d15617ab-21a0-4233-b0c7-d81e9c4fe168;1;1
bae10d48-787e-4cde-b35a-46f254e6bb59;8d6f9e88-4f45-4613-bed8-1104fed67e81;0;2
bae10d48-787e-4cde-b35a-46f254e6bb59;38e77705-c9dd-4340-b07b-1a602079c785;0;0
bae10d48-787e-4cde-b35a-46f254e6bb59;7029238d-800f-474c-a1a1-6e39f6426826;1;1
bae10d48-787e-4cde-b35a-46f254e6bb59;b9fe6496-64c2-44a6-9e68-7faa1dbabf94;2;0
bae10d48-787e-4cde-b35a-46f254e6bb59;e7c8da36-b6ff-47fa-9904-06af82e7ade4;1;0
bae10d48-787e-4cde-b35a-46f254e6bb59;35f389be-886f-421b-a0da-6244a230cfc3;5;0
bae10d48-787e-4cde-b35a-46f254e6bb59;9976821a-b7c4-45e4-90e1-4718a8ea498d;1;1
bae10d48-787e-4cde-b35a-46f254e6bb59;4a3ff2cf-924a-40b2-8540-6213eacd2460;2;1
bae10d48-787e-4cde-b35a-46f254e6bb59;bc757dba-eae9-449c-8986-3a7423db361b;3;0
bae10d48-787e-4cde-b35a-46f254e6bb59;4a6a222f-45d8-46dc-a479-9e2862c5ec04;1;2
bae10d48-787e-4cde-b35a-46f254e6bb59;ac7f16c1-b9ac-4471-bbc1-d224f3dea0eb;0;2
bae10d48-787e-4cde-b35a-46f254e6bb59;720ea640-677c-40ea-b0f0-2349c14f43e9;1;1
bae10d48-787e-4cde-b35a-46f254e6bb59;221524df-de81-4c62-b5fc-07692a7a6701;2;0
bae10d48-787e-4cde-b35a-46f254e6bb59;7401aacf-a513-4899-add1-9020af17c085;0;0
bae10d48-787e-4cde-b35a-46f254e6bb59;eb71238e-8f11-4b6c-b3d8-4f073dde25cb;0;1
bae10d48-787e-4cde-b35a-46f254e6bb59;15ccd2e2-ff62-44af-9cdc-4ba734802b4c;0;2
bae10d48-787e-4cde-b35a-46f254e6bb59;b89d061b-211b-468d-8df1-00be0ad11e3b;1;0
bae10d48-787e-4cde-b35a-46f254e6bb59;cc216780-5af6-48e5-ba90-40b2b5095f6f;2;0
bae10d48-787e-4cde-b35a-46f254e6bb59;23c37287-e2a9-46bd-8462-d93e552f7f02;1;0
bae10d48-787e-4cde-b35a-46f254e6bb59;d1baa0fe-6f5b-4c77-ab18-cf3879a35202;1;0
bae10d48-787e-4cde-b35a-46f254e6bb59;48233635-63c8-4c8e-9e24-f5fea034d578;0;0
bae10d48-787e-4cde-b35a-46f254e6bb59;a0ed30bf-d2ba-4f20-b3ff-9235725a2828;0;3
bae10d48-787e-4cde-b35a-46f254e6bb59;dbe94e5e-1ac1-483b-b3e3-b1837bd07b69;1;1
bae10d48-787e-4cde-b35a-46f254e6bb59;b4c8645f-7fda-4983-9b85-79c70621e255;3;0
bae10d48-787e-4cde-b35a-46f254e6bb59;fbafc025-bbef-4e8f-8c24-3168b7c94609;1;2
bae10d48-787e-4cde-b35a-46f254e6bb59;577621d7-41f9-42e9-bc72-7cd5eb642329;3;1
bae10d48-787e-4cde-b35a-46f254e6bb59;2e780d25-f1f5-4e6b-bed3-a2c17e245885;3;0
bae10d48-787e-4cde-b35a-46f254e6bb59;c9bb33fd-91e7-4fba-b13a-32c8f574bac9;2;2
bae10d48-787e-4cde-b35a-46f254e6bb59;4ed786d2-f903-4cfc-8bad-0b1c03757811;0;1
bae10d48-787e-4cde-b35a-46f254e6bb59;ec8fa0cd-da44-4bb1-8124-94c0f54837cf;3;1
bae10d48-787e-4cde-b35a-46f254e6bb59;4fbf144a-faa9-4928-aa94-424246daf5c2;0;1
bae10d48-787e-4cde-b35a-46f254e6bb59;aefa3302-baf2-4aa1-84f3-c1b37212b1fd;2;0
bae10d48-787e-4cde-b35a-46f254e6bb59;ffa9e78d-d28b-4f50-8147-10d459414ece;1;1
bae10d48-787e-4cde-b35a-46f254e6bb59;e234852c-1749-439a-81a0-9714c2de6884;1;2
bae10d48-787e-4cde-b35a-46f254e6bb59;617b2750-c295-4c2c-8947-16e4dfe3e4c3;1;0
bae10d48-787e-4cde-b35a-46f254e6bb59;1af918bd-ec32-4802-bad5-4f631af54133;2;0
bae10d48-787e-4cde-b35a-46f254e6bb59;84295db2-1e91-48de-9c8c-da77f961b366;0;0
bae10d48-787e-4cde-b35a-46f254e6bb59;63ca3b21-8ae6-4694-b5d9-847f594847ca;2;1
bae10d48-787e-4cde-b35a-46f254e6bb59;b16dc9f2-3dd6-4477-950f-33306996710f;1;2
bae10d48-787e-4cde-b35a-46f254e6bb59;417bb761-fee7-4064-91c1-c0ac7f067f27;0;3
bae10d48-787e-4cde-b35a-46f254e6bb59;39a3507d-d9d6-496f-b1d2-1b17699bdcff;1;1
bae10d48-787e-4cde-b35a-46f254e6bb59;c5b846f6-0e5f-488f-8db9-903cf600effb;3;0
bae10d48-787e-4cde-b35a-46f254e6bb59;05922653-dbb1-4d88-9481-81d45a2a89d4;0;2
bae10d48-787e-4cde-b35a-46f254e6bb59;99412f67-a0f5-4a96-a16c-8d79249bbfef;2;0
bae10d48-787e-4cde-b35a-46f254e6bb59;fc1a59d4-4b43-412c-a8cf-df27888531b1;2;0
bae10d48-787e-4cde-b35a-46f254e6bb59;0a1b2929-b031-4c05-9f44-eb05cc63e024;1;1
bae10d48-787e-4cde-b35a-46f254e6bb59;9fa9c061-bbc6-494a-a0b1-3b04e740478e;0;0
bae10d48-787e-4cde-b35a-46f254e6bb59;c4fdc0dc-d354-4607-bf5d-9663d8ffcb63;2;1
bae10d48-787e-4cde-b35a-46f254e6bb59;75669d9e-deb8-4a01-8f82-efcafd8e3cad;2;0
bae10d48-787e-4cde-b35a-46f254e6bb59;214de929-fd81-4d39-9c4a-8833663e4fe1;2;1
bae10d48-787e-4cde-b35a-46f254e6bb59;0aa2ebcd-70de-412a-9441-b8b8075500f9;0;1
bae10d48-787e-4cde-b35a-46f254e6bb59;3bce09a8-fe18-493f-bba3-75b418219afc;0;3
bae10d48-787e-4cde-b35a-46f254e6bb59;c69858fe-95a6-4da7-b0ed-a1c58b2d06b3;1;1
e582314b-328c-4794-9278-d144afb6d47a;00804107-d265-4ce0-8fa0-ddbe68e8163d;2;1
e582314b-328c-4794-9278-d144afb6d47a;eeb974eb-67fc-4260-a4ea-0a9450cd4bc7;1;1
e582314b-328c-4794-9278-d144afb6d47a;51f0ff44-15d4-4669-a082-050405194406;2;1
e582314b-328c-4794-9278-d144afb6d47a;e5044fff-3542-4b24-9331-b3c3bd84692d;2;0
e582314b-328c-4794-9278-d144afb6d47a;f2e46b5c-6866-492b-b8b3-f6cae34f7ec7;0;1
e582314b-328c-4794-9278-d144afb6d47a;f0e9ba93-8a74-429c-be82-31adef64970b;1;2
e582314b-328c-4794-9278-d144afb6d47a;2c237b79-380c-4474-b377-275e67b9c3a4;2;0
e582314b-328c-4794-9278-d144afb6d47a;1dc15474-5c90-41fd-833a-5bf953fc1a62;0;2
e582314b-328c-4794-9278-d144afb6d47a;ed124ab7-1f57-4c61-ae5b-85f327355a54;1;1
e582314b-328c-4794-9278-d144afb6d47a;bed268f0-cf7e-405c-a096-7cf8a582c7e2;3;1
e582314b-328c-4794-9278-d144afb6d47a;b6ed7065-a307-4e7d-b9f8-f454cdbdf5a8;1;1
e582314b-328c-4794-9278-d144afb6d47a;72b48638-ef0f-4645-92c8-51ec6218ed9a;1;1
e582314b-328c-4794-9278-d144afb6d47a;c6d40e5f-a57d-49c7-8a85-c6524e5629b6;2;1
e582314b-328c-4794-9278-d144afb6d47a;02f0c2c3-b0ec-4dc8-9286-274dc62d85b7;0;2
e582314b-328c-4794-9278-d144afb6d47a;46507557-7c9f-4c02-a1a1-6e23f971e923;1;2
e582314b-328c-4794-9278-d144afb6d47a;3e2e3c77-f016-493b-bf16-07e31fe91466;3;0
e582314b-328c-4794-9278-d144afb6d47a;558195d2-5afb-439d-b3ff-bd8aaa0d05ad;0;2
e582314b-328c-4794-9278-d144afb6d47a;790cc44b-d80a-4fa0-9dff-60a47c367dcc;3;1
e582314b-328c-4794-9278-d144afb6d47a;d15617ab-21a0-4233-b0c7-d81e9c4fe168;3;1
e582314b-328c-4794-9278-d144afb6d47a;8d6f9e88-4f45-4613-bed8-1104fed67e81;1;1
e582314b-328c-4794-9278-d144afb6d47a;38e77705-c9dd-4340-b07b-1a602079c785;2;0
e582314b-328c-4794-9278-d144afb6d47a;7029238d-800f-474c-a1a1-6e39f6426826;1;1
e582314b-328c-4794-9278-d144afb6d47a;b9fe6496-64c2-44a6-9e68-7faa1dbabf94;1;1
e582314b-328c-4794-9278-d144afb6d47a;e7c8da36-b6ff-47fa-9904-06af82e7ade4;2;1
e582314b-328c-4794-9278-d144afb6d47a;35f389be-886f-421b-a0da-6244a230cfc3;4;0
e582314b-328c-4794-9278-d144afb6d47a;9976821a-b7c4-45e4-90e1-4718a8ea498d;1;2
e582314b-328c-4794-9278-d144afb6d47a;4a3ff2cf-924a-40b2-8540-6213eacd2460;3;1
e582314b-328c-4794-9278-d144afb6d47a;bc757dba-eae9-449c-8986-3a7423db361b;2;0
e582314b-328c-4794-9278-d144afb6d47a;4a6a222f-45d8-46dc-a479-9e2862c5ec04;0;2
e582314b-328c-4794-9278-d144afb6d47a;ac7f16c1-b9ac-4471-bbc1-d224f3dea0eb;0;2
e582314b-328c-4794-9278-d144afb6d47a;720ea640-677c-40ea-b0f0-2349c14f43e9;2;1
e582314b-328c-4794-9278-d144afb6d47a;221524df-de81-4c62-b5fc-07692a7a6701;2;0
e582314b-328c-4794-9278-d144afb6d47a;7401aacf-a513-4899-add1-9020af17c085;2;1
e582314b-328c-4794-9278-d144afb6d47a;eb71238e-8f11-4b6c-b3d8-4f073dde25cb;0;1
e582314b-328c-4794-9278-d144afb6d47a;15ccd2e2-ff62-44af-9cdc-4ba734802b4c;1;1
e582314b-328c-4794-9278-d144afb6d47a;b89d061b-211b-468d-8df1-00be0ad11e3b;1;2
e582314b-328c-4794-9278-d144afb6d47a;cc216780-5af6-48e5-ba90-40b2b5095f6f;2;0
e582314b-328c-4794-9278-d144afb6d47a;23c37287-e2a9-46bd-8462-d93e552f7f02;1;0
e582314b-328c-4794-9278-d144afb6d47a;d1baa0fe-6f5b-4c77-ab18-cf3879a35202;2;0
e582314b-328c-4794-9278-d144afb6d47a;48233635-63c8-4c8e-9e24-f5fea034d578;0;2
e582314b-328c-4794-9278-d144afb6d47a;a0ed30bf-d2ba-4f20-b3ff-9235725a2828;1;1
e582314b-328c-4794-9278-d144afb6d47a;dbe94e5e-1ac1-483b-b3e3-b1837bd07b69;1;1
e582314b-328c-4794-9278-d144afb6d47a;b4c8645f-7fda-4983-9b85-79c70621e255;3;0
e582314b-328c-4794-9278-d144afb6d47a;fbafc025-bbef-4e8f-8c24-3168b7c94609;0;2
e582314b-328c-4794-9278-d144afb6d47a;577621d7-41f9-42e9-bc72-7cd5eb642329;3;0
e582314b-328c-4794-9278-d144afb6d47a;2e780d25-f1f5-4e6b-bed3-a2c17e245885;3;0
e582314b-328c-4794-9278-d144afb6d47a;c9bb33fd-91e7-4fba-b13a-32c8f574bac9;1;2
e582314b-328c-4794-9278-d144afb6d47a;4ed786d2-f903-4cfc-8bad-0b1c03757811;1;1
e582314b-328c-4794-9278-d144afb6d47a;ec8fa0cd-da44-4bb1-8124-94c0f54837cf;2;0
e582314b-328c-4794-9278-d144afb6d47a;4fbf144a-faa9-4928-aa94-424246daf5c2;0;2
e582314b-328c-4794-9278-d144afb6d47a;aefa3302-baf2-4aa1-84f3-c1b37212b1fd;2;0
e582314b-328c-4794-9278-d144afb6d47a;ffa9e78d-d28b-4f50-8147-10d459414ece;1;1
e582314b-328c-4794-9278-d144afb6d47a;e234852c-1749-439a-81a0-9714c2de6884;1;2
e582314b-328c-4794-9278-d144afb6d47a;617b2750-c295-4c2c-8947-16e4dfe3e4c3;2;0
e582314b-328c-4794-9278-d144afb6d47a;1af918bd-ec32-4802-bad5-4f631af54133;3;0
e582314b-328c-4794-9278-d144afb6d47a;84295db2-1e91-48de-9c8c-da77f961b366;2;0
e582314b-328c-4794-9278-d144afb6d47a;63ca3b21-8ae6-4694-b5d9-847f594847ca;2;1
e582314b-328c-4794-9278-d144afb6d47a;b16dc9f2-3dd6-4477-950f-33306996710f;0;2
e582314b-328c-4794-9278-d144afb6d47a;417bb761-fee7-4064-91c1-c0ac7f067f27;0;3
e582314b-328c-4794-9278-d144afb6d47a;39a3507d-d9d6-496f-b1d2-1b17699bdcff;1;1
e582314b-328c-4794-9278-d144afb6d47a;c5b846f6-0e5f-488f-8db9-903cf600effb;3;1
e582314b-328c-4794-9278-d144afb6d47a;05922653-dbb1-4d88-9481-81d45a2a89d4;0;2
e582314b-328c-4794-9278-d144afb6d47a;99412f67-a0f5-4a96-a16c-8d79249bbfef;1;0
e582314b-328c-4794-9278-d144afb6d47a;fc1a59d4-4b43-412c-a8cf-df27888531b1;2;0
e582314b-328c-4794-9278-d144afb6d47a;0a1b2929-b031-4c05-9f44-eb05cc63e024;1;2
e582314b-328c-4794-9278-d144afb6d47a;9fa9c061-bbc6-494a-a0b1-3b04e740478e;1;1
e582314b-328c-4794-9278-d144afb6d47a;c4fdc0dc-d354-4607-bf5d-9663d8ffcb63;1;0
e582314b-328c-4794-9278-d144afb6d47a;75669d9e-deb8-4a01-8f82-efcafd8e3cad;2;1
e582314b-328c-4794-9278-d144afb6d47a;214de929-fd81-4d39-9c4a-8833663e4fe1;3;0
e582314b-328c-4794-9278-d144afb6d47a;0aa2ebcd-70de-412a-9441-b8b8075500f9;0;2
e582314b-328c-4794-9278-d144afb6d47a;3bce09a8-fe18-493f-bba3-75b418219afc;1;1
e582314b-328c-4794-9278-d144afb6d47a;c69858fe-95a6-4da7-b0ed-a1c58b2d06b3;2;1
58db5eb9-60a2-4c23-aa46-bed40b2a5474;00804107-d265-4ce0-8fa0-ddbe68e8163d;2;1
58db5eb9-60a2-4c23-aa46-bed40b2a5474;eeb974eb-67fc-4260-a4ea-0a9450cd4bc7;1;2
58db5eb9-60a2-4c23-aa46-bed40b2a5474;51f0ff44-15d4-4669-a082-050405194406;1;1
58db5eb9-60a2-4c23-aa46-bed40b2a5474;e5044fff-3542-4b24-9331-b3c3bd84692d;1;0
58db5eb9-60a2-4c23-aa46-bed40b2a5474;f2e46b5c-6866-492b-b8b3-f6cae34f7ec7;1;2
58db5eb9-60a2-4c23-aa46-bed40b2a5474;f0e9ba93-8a74-429c-be82-31adef64970b;2;1
58db5eb9-60a2-4c23-aa46-bed40b2a5474;2c237b79-380c-4474-b377-275e67b9c3a4;1;1
58db5eb9-60a2-4c23-aa46-bed40b2a5474;1dc15474-5c90-41fd-833a-5bf953fc1a62;0;2
58db5eb9-60a2-4c23-aa46-bed40b2a5474;ed124ab7-1f57-4c61-ae5b-85f327355a54;1;0
58db5eb9-60a2-4c23-aa46-bed40b2a5474;bed268f0-cf7e-405c-a096-7cf8a582c7e2;3;0
58db5eb9-60a2-4c23-aa46-bed40b2a5474;b6ed7065-a307-4e7d-b9f8-f454cdbdf5a8;1;0
58db5eb9-60a2-4c23-aa46-bed40b2a5474;72b48638-ef0f-4645-92c8-51ec6218ed9a;3;1
58db5eb9-60a2-4c23-aa46-bed40b2a5474;c6d40e5f-a57d-49c7-8a85-c6524e5629b6;2;1
58db5eb9-60a2-4c23-aa46-bed40b2a5474;02f0c2c3-b0ec-4dc8-9286-274dc62d85b7;0;3
58db5eb9-60a2-4c23-aa46-bed40b2a5474;46507557-7c9f-4c02-a1a1-6e23f971e923;2;1
58db5eb9-60a2-4c23-aa46-bed40b2a5474;3e2e3c77-f016-493b-bf16-07e31fe91466;1;0
58db5eb9-60a2-4c23-aa46-bed40b2a5474;558195d2-5afb-439d-b3ff-bd8aaa0d05ad;1;2
58db5eb9-60a2-4c23-aa46-bed40b2a5474;790cc44b-d80a-4fa0-9dff-60a47c367dcc;0;0
58db5eb9-60a2-4c23-aa46-bed40b2a5474;d15617ab-21a0-4233-b0c7-d81e9c4fe168;1;1
58db5eb9-60a2-4c23-aa46-bed40b2a5474;8d6f9e88-4f45-4613-bed8-1104fed67e81;2;0
58db5eb9-60a2-4c23-aa46-bed40b2a5474;38e77705-c9dd-4340-b07b-1a602079c785;2;0
58db5eb9-60a2-4c23-aa46-bed40b2a5474;7029238d-800f-474c-a1a1-6e39f6426826;0;1
58db5eb9-60a2-4c23-aa46-bed40b2a5474;b9fe6496-64c2-44a6-9e68-7faa1dbabf94;1;3
58db5eb9-60a2-4c23-aa46-bed40b2a5474;e7c8da36-b6ff-47fa-9904-06af82e7ade4;0;0
58db5eb9-60a2-4c23-aa46-bed40b2a5474;35f389be-886f-421b-a0da-6244a230cfc3;3;1
58db5eb9-60a2-4c23-aa46-bed40b2a5474;9976821a-b7c4-45e4-90e1-4718a8ea498d;1;2
58db5eb9-60a2-4c23-aa46-bed40b2a5474;4a3ff2cf-924a-40b2-8540-6213eacd2460;2;0
58db5eb9-60a2-4c23-aa46-bed40b2a5474;bc757dba-eae9-449c-8986-3a7423db361b;1;0
58db5eb9-60a2-4c23-aa46-bed40b2a5474;4a6a222f-45d8-46dc-a479-9e2862c5ec04;0;3
58db5eb9-60a2-4c23-aa46-bed40b2a5474;ac7f16c1-b9ac-4471-bbc1-d224f3dea0eb;2;2
58db5eb9-60a2-4c23-aa46-bed40b2a5474;720ea640-677c-40ea-b0f0-2349c14f43e9;3;1
58db5eb9-60a2-4c23-aa46-bed40b2a5474;221524df-de81-4c62-b5fc-07692a7a6701;3;1
58db5eb9-60a2-4c23-aa46-bed40b2a5474;7401aacf-a513-4899-add1-9020af17c085;2;2
58db5eb9-60a2-4c23-aa46-bed40b2a5474;eb71238e-8f11-4b6c-b3d8-4f073dde25cb;0;2
58db5eb9-60a2-4c23-aa46-bed40b2a5474;15ccd2e2-ff62-44af-9cdc-4ba734802b4c;0;2
58db5eb9-60a2-4c23-aa46-bed40b2a5474;b89d061b-211b-468d-8df1-00be0ad11e3b;1;2
58db5eb9-60a2-4c23-aa46-bed40b2a5474;cc216780-5af6-48e5-ba90-40b2b5095f6f;2;1
58db5eb9-60a2-4c23-aa46-bed40b2a5474;23c37287-e2a9-46bd-8462-d93e552f7f02;0;0
58db5eb9-60a2-4c23-aa46-bed40b2a5474;d1baa0fe-6f5b-4c77-ab18-cf3879a35202;3;1
58db5eb9-60a2-4c23-aa46-bed40b2a5474;48233635-63c8-4c8e-9e24-f5fea034d578;0;0
58db5eb9-60a2-4c23-aa46-bed40b2a5474;a0ed30bf-d2ba-4f20-b3ff-9235725a2828;1;3
58db5eb9-60a2-4c23-aa46-bed40b2a5474;dbe94e5e-1ac1-483b-b3e3-b1837bd07b69;2;1
58db5eb9-60a2-4c23-aa46-bed40b2a5474;b4c8645f-7fda-4983-9b85-79c70621e255;2;0
58db5eb9-60a2-4c23-aa46-bed40b2a5474;fbafc025-bbef-4e8f-8c24-3168b7c94609;1;1
58db5eb9-60a2-4c23-aa46-bed40b2a5474;577621d7-41f9-42e9-bc72-7cd5eb642329;3;0
58db5eb9-60a2-4c23-aa46-bed40b2a5474;2e780d25-f1f5-4e6b-bed3-a2c17e245885;3;1
58db5eb9-60a2-4c23-aa46-bed40b2a5474;c9bb33fd-91e7-4fba-b13a-32c8f574bac9;1;1
58db5eb9-60a2-4c23-aa46-bed40b2a5474;4ed786d2-f903-4cfc-8bad-0b1c03757811;2;2
58db5eb9-60a2-4c23-aa46-bed40b2a5474;ec8fa0cd-da44-4bb1-8124-94c0f54837cf;2;0
58db5eb9-60a2-4c23-aa46-bed40b2a5474;4fbf144a-faa9-4928-aa94-424246daf5c2;0;3
58db5eb9-60a2-4c23-aa46-bed40b2a5474;aefa3302-baf2-4aa1-84f3-c1b37212b1fd;3;1
58db5eb9-60a2-4c23-aa46-bed40b2a5474;ffa9e78d-d28b-4f50-8147-10d459414ece;2;0
58db5eb9-60a2-4c23-aa46-bed40b2a5474;e234852c-1749-439a-81a0-9714c2de6884;2;3
58db5eb9-60a2-4c23-aa46-bed40b2a5474;617b2750-c295-4c2c-8947-16e4dfe3e4c3;2;2
58db5eb9-60a2-4c23-aa46-bed40b2a5474;1af918bd-ec32-4802-bad5-4f631af54133;1;0
58db5eb9-60a2-4c23-aa46-bed40b2a5474;84295db2-1e91-48de-9c8c-da77f961b366;1;0
58db5eb9-60a2-4c23-aa46-bed40b2a5474;63ca3b21-8ae6-4694-b5d9-847f594847ca;1;1
58db5eb9-60a2-4c23-aa46-bed40b2a5474;b16dc9f2-3dd6-4477-950f-33306996710f;2;0
58db5eb9-60a2-4c23-aa46-bed40b2a5474;417bb761-fee7-4064-91c1-c0ac7f067f27;0;1
58db5eb9-60a2-4c23-aa46-bed40b2a5474;39a3507d-d9d6-496f-b1d2-1b17699bdcff;0;2
58db5eb9-60a2-4c23-aa46-bed40b2a5474;c5b846f6-0e5f-488f-8db9-903cf600effb;2;0
58db5eb9-60a2-4c23-aa46-bed40b2a5474;05922653-dbb1-4d88-9481-81d45a2a89d4;0;3
58db5eb9-60a2-4c23-aa46-bed40b2a5474;99412f67-a0f5-4a96-a16c-8d79249bbfef;2;1
58db5eb9-60a2-4c23-aa46-bed40b2a5474;fc1a59d4-4b43-412c-a8cf-df27888531b1;3;0
58db5eb9-60a2-4c23-aa46-bed40b2a5474;0a1b2929-b031-4c05-9f44-eb05cc63e024;0;1
58db5eb9-60a2-4c23-aa46-bed40b2a5474;9fa9c061-bbc6-494a-a0b1-3b04e740478e;1;1
58db5eb9-60a2-4c23-aa46-bed40b2a5474;c4fdc0dc-d354-4607-bf5d-9663d8ffcb63;1;0
58db5eb9-60a2-4c23-aa46-bed40b2a5474;75669d9e-deb8-4a01-8f82-efcafd8e3cad;0;0
58db5eb9-60a2-4c23-aa46-bed40b2a5474;214de929-fd81-4d39-9c4a-8833663e4fe1;4;1
58db5eb9-60a2-4c23-aa46-bed40b2a5474;0aa2ebcd-70de-412a-9441-b8b8075500f9;1;4
58db5eb9-60a2-4c23-aa46-bed40b2a5474;3bce09a8-fe18-493f-bba3-75b418219afc;0;3
58db5eb9-60a2-4c23-aa46-bed40b2a5474;c69858fe-95a6-4da7-b0ed-a1c58b2d06b3;0;0
4a4e178f-65f7-42f9-8e83-ccc9f1bc9a1f;00804107-d265-4ce0-8fa0-ddbe68e8163d;3;0
4a4e178f-65f7-42f9-8e83-ccc9f1bc9a1f;eeb974eb-67fc-4260-a4ea-0a9450cd4bc7;2;2
4a4e178f-65f7-42f9-8e83-ccc9f1bc9a1f;51f0ff44-15d4-4669-a082-050405194406;1;0
4a4e178f-65f7-42f9-8e83-ccc9f1bc9a1f;e5044fff-3542-4b24-9331-b3c3bd84692d;1;0
4a4e178f-65f7-42f9-8e83-ccc9f1bc9a1f;f2e46b5c-6866-492b-b8b3-f6cae34f7ec7;2;3
4a4e178f-65f7-42f9-8e83-ccc9f1bc9a1f;f0e9ba93-8a74-429c-be82-31adef64970b;1;0
4a4e178f-65f7-42f9-8e83-ccc9f1bc9a1f;2c237b79-380c-4474-b377-275e67b9c3a4;1;1
4a4e178f-65f7-42f9-8e83-ccc9f1bc9a1f;1dc15474-5c90-41fd-833a-5bf953fc1a62;0;2
4a4e178f-65f7-42f9-8e83-ccc9f1bc9a1f;ed124ab7-1f57-4c61-ae5b-85f327355a54;1;2
4a4e178f-65f7-42f9-8e83-ccc9f1bc9a1f;bed268f0-cf7e-405c-a096-7cf8a582c7e2;3;0
4a4e178f-65f7-42f9-8e83-ccc9f1bc9a1f;b6ed7065-a307-4e7d-b9f8-f454cdbdf5a8;1;1
4a4e178f-65f7-42f9-8e83-ccc9f1bc9a1f;72b48638-ef0f-4645-92c8-51ec6218ed9a;2;0
4a4e178f-65f7-42f9-8e83-ccc9f1bc9a1f;c6d40e5f-a57d-49c7-8a85-c6524e5629b6;3;0
4a4e178f-65f7-42f9-8e83-ccc9f1bc9a1f;02f0c2c3-b0ec-4dc8-9286-274dc62d85b7;1;2
4a4e178f-65f7-42f9-8e83-ccc9f1bc9a1f;46507557-7c9f-4c02-a1a1-6e23f971e923;2;1
4a4e178f-65f7-42f9-8e83-ccc9f1bc9a1f;3e2e3c77-f016-493b-bf16-07e31fe91466;4;1
4a4e178f-65f7-42f9-8e83-ccc9f1bc9a1f;558195d2-5afb-439d-b3ff-bd8aaa0d05ad;1;2
4a4e178f-65f7-42f9-8e83-ccc9f1bc9a1f;790cc44b-d80a-4fa0-9dff-60a47c367dcc;0;0
4a4e178f-65f7-42f9-8e83-ccc9f1bc9a1f;d15617ab-21a0-4233-b0c7-d81e9c4fe168;2;1
4a4e178f-65f7-42f9-8e83-ccc9f1bc9a1f;8d6f9e88-4f45-4613-bed8-1104fed67e81;0;2
4a4e178f-65f7-42f9-8e83-ccc9f1bc9a1f;38e77705-c9dd-4340-b07b-1a602079c785;1;0
4a4e178f-65f7-42f9-8e83-ccc9f1bc9a1f;7029238d-800f-474c-a1a1-6e39f6426826;2;2
4a4e178f-65f7-42f9-8e83-ccc9f1bc9a1f;b9fe6496-64c2-44a6-9e68-7faa1dbabf94;1;1
4a4e178f-65f7-42f9-8e83-ccc9f1bc9a1f;e7c8da36-b6ff-47fa-9904-06af82e7ade4;2;0
4a4e178f-65f7-42f9-8e83-ccc9f1bc9a1f;35f389be-886f-421b-a0da-6244a230cfc3;2;0
4a4e178f-65f7-42f9-8e83-ccc9f1bc9a1f;9976821a-b7c4-45e4-90e1-4718a8ea498d;1;2
4a4e178f-65f7-42f9-8e83-ccc9f1bc9a1f;4a3ff2cf-924a-40b2-8540-6213eacd2460;3;1
4a4e178f-65f7-42f9-8e83-ccc9f1bc9a1f;bc757dba-eae9-449c-8986-3a7423db361b;2;0
4a4e178f-65f7-42f9-8e83-ccc9f1bc9a1f;4a6a222f-45d8-46dc-a479-9e2862c5ec04;1;3
4a4e178f-65f7-42f9-8e83-ccc9f1bc9a1f;ac7f16c1-b9ac-4471-bbc1-d224f3dea0eb;2;1
4a4e178f-65f7-42f9-8e83-ccc9f1bc9a1f;720ea640-677c-40ea-b0f0-2349c14f43e9;1;1
4a4e178f-65f7-42f9-8e83-ccc9f1bc9a1f;221524df-de81-4c62-b5fc-07692a7a6701;2;1
4a4e178f-65f7-42f9-8e83-ccc9f1bc9a1f;7401aacf-a513-4899-add1-9020af17c085;2;2
4a4e178f-65f7-42f9-8e83-ccc9f1bc9a1f;eb71238e-8f11-4b6c-b3d8-4f073dde25cb;0;3
4a4e178f-65f7-42f9-8e83-ccc9f1bc9a1f;15ccd2e2-ff62-44af-9cdc-4ba734802b4c;0;3
4a4e178f-65f7-42f9-8e83-ccc9f1bc9a1f;b89d061b-211b-468d-8df1-00be0ad11e3b;1;1
4a4e178f-65f7-42f9-8e83-ccc9f1bc9a1f;cc216780-5af6-48e5-ba90-40b2b5095f6f;1;0
4a4e178f-65f7-42f9-8e83-ccc9f1bc9a1f;23c37287-e2a9-46bd-8462-d93e552f7f02;0;1
4a4e178f-65f7-42f9-8e83-ccc9f1bc9a1f;d1baa0fe-6f5b-4c77-ab18-cf3879a35202;3;1
4a4e178f-65f7-42f9-8e83-ccc9f1bc9a1f;48233635-63c8-4c8e-9e24-f5fea034d578;2;2
4a4e178f-65f7-42f9-8e83-ccc9f1bc9a1f;a0ed30bf-d2ba-4f20-b3ff-9235725a2828;0;1
4a4e178f-65f7-42f9-8e83-ccc9f1bc9a1f;dbe94e5e-1ac1-483b-b3e3-b1837bd07b69;1;2
4a4e178f-65f7-42f9-8e83-ccc9f1bc9a1f;b4c8645f-7fda-4983-9b85-79c70621e255;3;1
4a4e178f-65f7-42f9-8e83-ccc9f1bc9a1f;fbafc025-bbef-4e8f-8c24-3168b7c94609;1;2
4a4e178f-65f7-42f9-8e83-ccc9f1bc9a1f;577621d7-41f9-42e9-bc72-7cd5eb642329;3;1
4a4e178f-65f7-42f9-8e83-ccc9f1bc9a1f;2e780d25-f1f5-4e6b-bed3-a2c17e245885;3;2
4a4e178f-65f7-42f9-8e83-ccc9f1bc9a1f;c9bb33fd-91e7-4fba-b13a-32c8f574bac9;2;2
4a4e178f-65f7-42f9-8e83-ccc9f1bc9a1f;4ed786d2-f903-4cfc-8bad-0b1c03757811;0;0
4a4e178f-65f7-42f9-8e83-ccc9f1bc9a1f;ec8fa0cd-da44-4bb1-8124-94c0f54837cf;4;0
4a4e178f-65f7-42f9-8e83-ccc9f1bc9a1f;4fbf144a-faa9-4928-aa94-424246daf5c2;0;1
4a4e178f-65f7-42f9-8e83-ccc9f1bc9a1f;aefa3302-baf2-4aa1-84f3-c1b37212b1fd;2;1
4a4e178f-65f7-42f9-8e83-ccc9f1bc9a1f;ffa9e78d-d28b-4f50-8147-10d459414ece;3;0
4a4e178f-65f7-42f9-8e83-ccc9f1bc9a1f;e234852c-1749-439a-81a0-9714c2de6884;2;3
4a4e178f-65f7-42f9-8e83-ccc9f1bc9a1f;617b2750-c295-4c2c-8947-16e4dfe3e4c3;1;1
4a4e178f-65f7-42f9-8e83-ccc9f1bc9a1f;1af918bd-ec32-4802-bad5-4f631af54133;2;1
4a4e178f-65f7-42f9-8e83-ccc9f1bc9a1f;84295db2-1e91-48de-9c8c-da77f961b366;1;1
4a4e178f-65f7-42f9-8e83-ccc9f1bc9a1f;63ca3b21-8ae6-4694-b5d9-847f594847ca;2;0
4a4e178f-65f7-42f9-8e83-ccc9f1bc9a1f;b16dc9f2-3dd6-4477-950f-33306996710f;0;0
4a4e178f-65f7-42f9-8e83-ccc9f1bc9a1f;417bb761-fee7-4064-91c1-c0ac7f067f27;0;2
4a4e178f-65f7-42f9-8e83-ccc9f1bc9a1f;39a3507d-d9d6-496f-b1d2-1b17699bdcff;1;1
4a4e178f-65f7-42f9-8e83-ccc9f1bc9a1f;c5b846f6-0e5f-488f-8db9-903cf600effb;3;1
4a4e178f-65f7-42f9-8e83-ccc9f1bc9a1f;05922653-dbb1-4d88-9481-81d45a2a89d4;0;1
4a4e178f-65f7-42f9-8e83-ccc9f1bc9a1f;99412f67-a0f5-4a96-a16c-8d79249bbfef;2;0
4a4e178f-65f7-42f9-8e83-ccc9f1bc9a1f;fc1a59d4-4b43-412c-a8cf-df27888531b1;1;0
4a4e178f-65f7-42f9-8e83-ccc9f1bc9a1f;0a1b2929-b031-4c05-9f44-eb05cc63e024;2;3
4a4e178f-65f7-42f9-8e83-ccc9f1bc9a1f;9fa9c061-bbc6-494a-a0b1-3b04e740478e;2;1
4a4e178f-65f7-42f9-8e83-ccc9f1bc9a1f;c4fdc0dc-d354-4607-bf5d-9663d8ffcb63;3;1
4a4e178f-65f7-42f9-8e83-ccc9f1bc9a1f;75669d9e-deb8-4a01-8f82-efcafd8e3cad;0;1
4a4e178f-65f7-42f9-8e83-ccc9f1bc9a1f;214de929-fd81-4d39-9c4a-8833663e4fe1;3;1
4a4e178f-65f7-42f9-8e83-ccc9f1bc9a1f;0aa2ebcd-70de-412a-9441-b8b8075500f9;2;0
4a4e178f-65f7-42f9-8e83-ccc9f1bc9a1f;3bce09a8-fe18-493f-bba3-75b418219afc;0;3
4a4e178f-65f7-42f9-8e83-ccc9f1bc9a1f;c69858fe-95a6-4da7-b0ed-a1c58b2d06b3;2;2
0541d75e-2e9b-42a6-9890-9a7f40518c94;00804107-d265-4ce0-8fa0-ddbe68e8163d;2;1
0541d75e-2e9b-42a6-9890-9a7f40518c94;eeb974eb-67fc-4260-a4ea-0a9450cd4bc7;1;1
0541d75e-2e9b-42a6-9890-9a7f40518c94;51f0ff44-15d4-4669-a082-050405194406;2;2
0541d75e-2e9b-42a6-9890-9a7f40518c94;e5044fff-3542-4b24-9331-b3c3bd84692d;2;0
0541d75e-2e9b-42a6-9890-9a7f40518c94;f2e46b5c-6866-492b-b8b3-f6cae34f7ec7;0;1
0541d75e-2e9b-42a6-9890-9a7f40518c94;f0e9ba93-8a74-429c-be82-31adef64970b;1;2
0541d75e-2e9b-42a6-9890-9a7f40518c94;2c237b79-380c-4474-b377-275e67b9c3a4;2;0
0541d75e-2e9b-42a6-9890-9a7f40518c94;1dc15474-5c90-41fd-833a-5bf953fc1a62;0;2
0541d75e-2e9b-42a6-9890-9a7f40518c94;ed124ab7-1f57-4c61-ae5b-85f327355a54;1;1
0541d75e-2e9b-42a6-9890-9a7f40518c94;bed268f0-cf7e-405c-a096-7cf8a582c7e2;3;1
0541d75e-2e9b-42a6-9890-9a7f40518c94;b6ed7065-a307-4e7d-b9f8-f454cdbdf5a8;2;2
0541d75e-2e9b-42a6-9890-9a7f40518c94;72b48638-ef0f-4645-92c8-51ec6218ed9a;1;1
0541d75e-2e9b-42a6-9890-9a7f40518c94;c6d40e5f-a57d-49c7-8a85-c6524e5629b6;3;1
0541d75e-2e9b-42a6-9890-9a7f40518c94;02f0c2c3-b0ec-4dc8-9286-274dc62d85b7;0;2
0541d75e-2e9b-42a6-9890-9a7f40518c94;46507557-7c9f-4c02-a1a1-6e23f971e923;1;2
0541d75e-2e9b-42a6-9890-9a7f40518c94;3e2e3c77-f016-493b-bf16-07e31fe91466;3;0
0541d75e-2e9b-42a6-9890-9a7f40518c94;558195d2-5afb-439d-b3ff-bd8aaa0d05ad;0;2
0541d75e-2e9b-42a6-9890-9a7f40518c94;790cc44b-d80a-4fa0-9dff-60a47c367dcc;3;1
0541d75e-2e9b-42a6-9890-9a7f40518c94;d15617ab-21a0-4233-b0c7-d81e9c4fe168;3;1
0541d75e-2e9b-42a6-9890-9a7f40518c94;8d6f9e88-4f45-4613-bed8-1104fed67e81;1;1
0541d75e-2e9b-42a6-9890-9a7f40518c94;38e77705-c9dd-4340-b07b-1a602079c785;2;0
0541d75e-2e9b-42a6-9890-9a7f40518c94;7029238d-800f-474c-a1a1-6e39f6426826;1;1
0541d75e-2e9b-42a6-9890-9a7f40518c94;b9fe6496-64c2-44a6-9e68-7faa1dbabf94;1;1
0541d75e-2e9b-42a6-9890-9a7f40518c94;e7c8da36-b6ff-47fa-9904-06af82e7ade4;2;2
0541d75e-2e9b-42a6-9890-9a7f40518c94;35f389be-886f-421b-a0da-6244a230cfc3;3;0
0541d75e-2e9b-42a6-9890-9a7f40518c94;9976821a-b7c4-45e4-90e1-4718a8ea498d;1;2
0541d75e-2e9b-42a6-9890-9a7f40518c94;4a3ff2cf-924a-40b2-8540-6213eacd2460;3;1
0541d75e-2e9b-42a6-9890-9a7f40518c94;bc757dba-eae9-449c-8986-3a7423db361b;2;0
0541d75e-2e9b-42a6-9890-9a7f40518c94;4a6a222f-45d8-46dc-a479-9e2862c5ec04;0;2
0541d75e-2e9b-42a6-9890-9a7f40518c94;ac7f16c1-b9ac-4471-bbc1-d224f3dea0eb;0;2
0541d75e-2e9b-42a6-9890-9a7f40518c94;720ea640-677c-40ea-b0f0-2349c14f43e9;2;1
0541d75e-2e9b-42a6-9890-9a7f40518c94;221524df-de81-4c62-b5fc-07692a7a6701;2;0
0541d75e-2e9b-42a6-9890-9a7f40518c94;7401aacf-a513-4899-add1-9020af17c085;2;1
0541d75e-2e9b-42a6-9890-9a7f40518c94;eb71238e-8f11-4b6c-b3d8-4f073dde25cb;0;2
0541d75e-2e9b-42a6-9890-9a7f40518c94;15ccd2e2-ff62-44af-9cdc-4ba734802b4c;1;1
0541d75e-2e9b-42a6-9890-9a7f40518c94;b89d061b-211b-468d-8df1-00be0ad11e3b;3;2
0541d75e-2e9b-42a6-9890-9a7f40518c94;cc216780-5af6-48e5-ba90-40b2b5095f6f;2;0
0541d75e-2e9b-42a6-9890-9a7f40518c94;23c37287-e2a9-46bd-8462-d93e552f7f02;1;1
0541d75e-2e9b-42a6-9890-9a7f40518c94;d1baa0fe-6f5b-4c77-ab18-cf3879a35202;2;0
0541d75e-2e9b-42a6-9890-9a7f40518c94;48233635-63c8-4c8e-9e24-f5fea034d578;1;2
0541d75e-2e9b-42a6-9890-9a7f40518c94;a0ed30bf-d2ba-4f20-b3ff-9235725a2828;1;3
0541d75e-2e9b-42a6-9890-9a7f40518c94;dbe94e5e-1ac1-483b-b3e3-b1837bd07b69;0;0
0541d75e-2e9b-42a6-9890-9a7f40518c94;b4c8645f-7fda-4983-9b85-79c70621e255;4;0
0541d75e-2e9b-42a6-9890-9a7f40518c94;fbafc025-bbef-4e8f-8c24-3168b7c94609;0;2
0541d75e-2e9b-42a6-9890-9a7f40518c94;577621d7-41f9-42e9-bc72-7cd5eb642329;3;1
0541d75e-2e9b-42a6-9890-9a7f40518c94;2e780d25-f1f5-4e6b-bed3-a2c17e245885;3;0
0541d75e-2e9b-42a6-9890-9a7f40518c94;c9bb33fd-91e7-4fba-b13a-32c8f574bac9;1;2
0541d75e-2e9b-42a6-9890-9a7f40518c94;4ed786d2-f903-4cfc-8bad-0b1c03757811;1;1
0541d75e-2e9b-42a6-9890-9a7f40518c94;ec8fa0cd-da44-4bb1-8124-94c0f54837cf;3;0
0541d75e-2e9b-42a6-9890-9a7f40518c94;4fbf144a-faa9-4928-aa94-424246daf5c2;0;2
0541d75e-2e9b-42a6-9890-9a7f40518c94;aefa3302-baf2-4aa1-84f3-c1b37212b1fd;3;1
0541d75e-2e9b-42a6-9890-9a7f40518c94;ffa9e78d-d28b-4f50-8147-10d459414ece;1;1
0541d75e-2e9b-42a6-9890-9a7f40518c94;e234852c-1749-439a-81a0-9714c2de6884;2;3
0541d75e-2e9b-42a6-9890-9a7f40518c94;617b2750-c295-4c2c-8947-16e4dfe3e4c3;2;0
0541d75e-2e9b-42a6-9890-9a7f40518c94;1af918bd-ec32-4802-bad5-4f631af54133;3;0
0541d75e-2e9b-42a6-9890-9a7f40518c94;84295db2-1e91-48de-9c8c-da77f961b366;2;0
0541d75e-2e9b-42a6-9890-9a7f40518c94;63ca3b21-8ae6-4694-b5d9-847f594847ca;2;1
0541d75e-2e9b-42a6-9890-9a7f40518c94;b16dc9f2-3dd6-4477-950f-33306996710f;0;2
0541d75e-2e9b-42a6-9890-9a7f40518c94;417bb761-fee7-4064-91c1-c0ac7f067f27;0;3
0541d75e-2e9b-42a6-9890-9a7f40518c94;39a3507d-d9d6-496f-b1d2-1b17699bdcff;1;1
0541d75e-2e9b-42a6-9890-9a7f40518c94;c5b846f6-0e5f-488f-8db9-903cf600effb;3;1
0541d75e-2e9b-42a6-9890-9a7f40518c94;05922653-dbb1-4d88-9481-81d45a2a89d4;0;2
0541d75e-2e9b-42a6-9890-9a7f40518c94;99412f67-a0f5-4a96-a16c-8d79249bbfef;1;0
0541d75e-2e9b-42a6-9890-9a7f40518c94;fc1a59d4-4b43-412c-a8cf-df27888531b1;2;1
0541d75e-2e9b-42a6-9890-9a7f40518c94;0a1b2929-b031-4c05-9f44-eb05cc63e024;1;2
0541d75e-2e9b-42a6-9890-9a7f40518c94;9fa9c061-bbc6-494a-a0b1-3b04e740478e;1;1
0541d75e-2e9b-42a6-9890-9a7f40518c94;c4fdc0dc-d354-4607-bf5d-9663d8ffcb63;2;1
0541d75e-2e9b-42a6-9890-9a7f40518c94;75669d9e-deb8-4a01-8f82-efcafd8e3cad;2;1
0541d75e-2e9b-42a6-9890-9a7f40518c94;214de929-fd81-4d39-9c4a-8833663e4fe1;3;0
0541d75e-2e9b-42a6-9890-9a7f40518c94;0aa2ebcd-70de-412a-9441-b8b8075500f9;1;2
0541d75e-2e9b-42a6-9890-9a7f40518c94;3bce09a8-fe18-493f-bba3-75b418219afc;1;2
0541d75e-2e9b-42a6-9890-9a7f40518c94;c69858fe-95a6-4da7-b0ed-a1c58b2d06b3;2;1
4242cc65-2d46-4301-bdf1-cf1b36dd3478;00804107-d265-4ce0-8fa0-ddbe68e8163d;2;0
4242cc65-2d46-4301-bdf1-cf1b36dd3478;eeb974eb-67fc-4260-a4ea-0a9450cd4bc7;0;0
4242cc65-2d46-4301-bdf1-cf1b36dd3478;51f0ff44-15d4-4669-a082-050405194406;1;0
4242cc65-2d46-4301-bdf1-cf1b36dd3478;e5044fff-3542-4b24-9331-b3c3bd84692d;1;1
4242cc65-2d46-4301-bdf1-cf1b36dd3478;f2e46b5c-6866-492b-b8b3-f6cae34f7ec7;2;2
4242cc65-2d46-4301-bdf1-cf1b36dd3478;f0e9ba93-8a74-429c-be82-31adef64970b;2;3
4242cc65-2d46-4301-bdf1-cf1b36dd3478;2c237b79-380c-4474-b377-275e67b9c3a4;1;1
4242cc65-2d46-4301-bdf1-cf1b36dd3478;1dc15474-5c90-41fd-833a-5bf953fc1a62;0;2
4242cc65-2d46-4301-bdf1-cf1b36dd3478;ed124ab7-1f57-4c61-ae5b-85f327355a54;3;1
4242cc65-2d46-4301-bdf1-cf1b36dd3478;bed268f0-cf7e-405c-a096-7cf8a582c7e2;2;0
4242cc65-2d46-4301-bdf1-cf1b36dd3478;b6ed7065-a307-4e7d-b9f8-f454cdbdf5a8;1;1
4242cc65-2d46-4301-bdf1-cf1b36dd3478;72b48638-ef0f-4645-92c8-51ec6218ed9a;2;1
4242cc65-2d46-4301-bdf1-cf1b36dd3478;c6d40e5f-a57d-49c7-8a85-c6524e5629b6;1;1
4242cc65-2d46-4301-bdf1-cf1b36dd3478;02f0c2c3-b0ec-4dc8-9286-274dc62d85b7;0;2
4242cc65-2d46-4301-bdf1-cf1b36dd3478;46507557-7c9f-4c02-a1a1-6e23f971e923;1;1
4242cc65-2d46-4301-bdf1-cf1b36dd3478;3e2e3c77-f016-493b-bf16-07e31fe91466;3;0
4242cc65-2d46-4301-bdf1-cf1b36dd3478;558195d2-5afb-439d-b3ff-bd8aaa0d05ad;1;2
4242cc65-2d46-4301-bdf1-cf1b36dd3478;790cc44b-d80a-4fa0-9dff-60a47c367dcc;2;0
4242cc65-2d46-4301-bdf1-cf1b36dd3478;d15617ab-21a0-4233-b0c7-d81e9c4fe168;1;2
4242cc65-2d46-4301-bdf1-cf1b36dd3478;8d6f9e88-4f45-4613-bed8-1104fed67e81;0;2
4242cc65-2d46-4301-bdf1-cf1b36dd3478;38e77705-c9dd-4340-b07b-1a602079c785;2;1
4242cc65-2d46-4301-bdf1-cf1b36dd3478;7029238d-800f-474c-a1a1-6e39f6426826;1;0
4242cc65-2d46-4301-bdf1-cf1b36dd3478;b9fe6496-64c2-44a6-9e68-7faa1dbabf94;2;2
4242cc65-2d46-4301-bdf1-cf1b36dd3478;e7c8da36-b6ff-47fa-9904-06af82e7ade4;1;1
4242cc65-2d46-4301-bdf1-cf1b36dd3478;35f389be-886f-421b-a0da-6244a230cfc3;4;0
4242cc65-2d46-4301-bdf1-cf1b36dd3478;9976821a-b7c4-45e4-90e1-4718a8ea498d;1;2
4242cc65-2d46-4301-bdf1-cf1b36dd3478;4a3ff2cf-924a-40b2-8540-6213eacd2460;2;1
4242cc65-2d46-4301-bdf1-cf1b36dd3478;bc757dba-eae9-449c-8986-3a7423db361b;2;0
4242cc65-2d46-4301-bdf1-cf1b36dd3478;4a6a222f-45d8-46dc-a479-9e2862c5ec04;0;0
4242cc65-2d46-4301-bdf1-cf1b36dd3478;ac7f16c1-b9ac-4471-bbc1-d224f3dea0eb;0;3
4242cc65-2d46-4301-bdf1-cf1b36dd3478;720ea640-677c-40ea-b0f0-2349c14f43e9;2;1
4242cc65-2d46-4301-bdf1-cf1b36dd3478;221524df-de81-4c62-b5fc-07692a7a6701;2;0
4242cc65-2d46-4301-bdf1-cf1b36dd3478;7401aacf-a513-4899-add1-9020af17c085;1;1
4242cc65-2d46-4301-bdf1-cf1b36dd3478;eb71238e-8f11-4b6c-b3d8-4f073dde25cb;0;2
4242cc65-2d46-4301-bdf1-cf1b36dd3478;15ccd2e2-ff62-44af-9cdc-4ba734802b4c;1;3
4242cc65-2d46-4301-bdf1-cf1b36dd3478;b89d061b-211b-468d-8df1-00be0ad11e3b;1;0
4242cc65-2d46-4301-bdf1-cf1b36dd3478;cc216780-5af6-48e5-ba90-40b2b5095f6f;2;1
4242cc65-2d46-4301-bdf1-cf1b36dd3478;23c37287-e2a9-46bd-8462-d93e552f7f02;2;0
4242cc65-2d46-4301-bdf1-cf1b36dd3478;d1baa0fe-6f5b-4c77-ab18-cf3879a35202;1;0
4242cc65-2d46-4301-bdf1-cf1b36dd3478;48233635-63c8-4c8e-9e24-f5fea034d578;1;1
4242cc65-2d46-4301-bdf1-cf1b36dd3478;a0ed30bf-d2ba-4f20-b3ff-9235725a2828;0;2
4242cc65-2d46-4301-bdf1-cf1b36dd3478;dbe94e5e-1ac1-483b-b3e3-b1837bd07b69;2;2
4242cc65-2d46-4301-bdf1-cf1b36dd3478;b4c8645f-7fda-4983-9b85-79c70621e255;4;1
4242cc65-2d46-4301-bdf1-cf1b36dd3478;fbafc025-bbef-4e8f-8c24-3168b7c94609;1;1
4242cc65-2d46-4301-bdf1-cf1b36dd3478;577621d7-41f9-42e9-bc72-7cd5eb642329;2;0
4242cc65-2d46-4301-bdf1-cf1b36dd3478;2e780d25-f1f5-4e6b-bed3-a2c17e245885;2;1
4242cc65-2d46-4301-bdf1-cf1b36dd3478;c9bb33fd-91e7-4fba-b13a-32c8f574bac9;1;2
4242cc65-2d46-4301-bdf1-cf1b36dd3478;4ed786d2-f903-4cfc-8bad-0b1c03757811;1;1
4242cc65-2d46-4301-bdf1-cf1b36dd3478;ec8fa0cd-da44-4bb1-8124-94c0f54837cf;2;1
4242cc65-2d46-4301-bdf1-cf1b36dd3478;4fbf144a-faa9-4928-aa94-424246daf5c2;1;4
4242cc65-2d46-4301-bdf1-cf1b36dd3478;aefa3302-baf2-4aa1-84f3-c1b37212b1fd;3;0
4242cc65-2d46-4301-bdf1-cf1b36dd3478;ffa9e78d-d28b-4f50-8147-10d459414ece;2;1
4242cc65-2d46-4301-bdf1-cf1b36dd3478;e234852c-1749-439a-81a0-9714c2de6884;2;2
4242cc65-2d46-4301-bdf1-cf1b36dd3478;617b2750-c295-4c2c-8947-16e4dfe3e4c3;2;0
4242cc65-2d46-4301-bdf1-cf1b36dd3478;1af918bd-ec32-4802-bad5-4f631af54133;2;1
4242cc65-2d46-4301-bdf1-cf1b36dd3478;84295db2-1e91-48de-9c8c-da77f961b366;2;0
4242cc65-2d46-4301-bdf1-cf1b36dd3478;63ca3b21-8ae6-4694-b5d9-847f594847ca;2;1
4242cc65-2d46-4301-bdf1-cf1b36dd3478;b16dc9f2-3dd6-4477-950f-33306996710f;1;1
4242cc65-2d46-4301-bdf1-cf1b36dd3478;417bb761-fee7-4064-91c1-c0ac7f067f27;0;3
4242cc65-2d46-4301-bdf1-cf1b36dd3478;39a3507d-d9d6-496f-b1d2-1b17699bdcff;2;1
4242cc65-2d46-4301-bdf1-cf1b36dd3478;c5b846f6-0e5f-488f-8db9-903cf600effb;3;0
4242cc65-2d46-4301-bdf1-cf1b36dd3478;05922653-dbb1-4d88-9481-81d45a2a89d4;0;1
4242cc65-2d46-4301-bdf1-cf1b36dd3478;99412f67-a0f5-4a96-a16c-8d79249bbfef;2;1
4242cc65-2d46-4301-bdf1-cf1b36dd3478;fc1a59d4-4b43-412c-a8cf-df27888531b1;2;1
4242cc65-2d46-4301-bdf1-cf1b36dd3478;0a1b2929-b031-4c05-9f44-eb05cc63e024;1;2
4242cc65-2d46-4301-bdf1-cf1b36dd3478;9fa9c061-bbc6-494a-a0b1-3b04e740478e;1;1
4242cc65-2d46-4301-bdf1-cf1b36dd3478;c4fdc0dc-d354-4607-bf5d-9663d8ffcb63;2;1
4242cc65-2d46-4301-bdf1-cf1b36dd3478;75669d9e-deb8-4a01-8f82-efcafd8e3cad;1;1
4242cc65-2d46-4301-bdf1-cf1b36dd3478;214de929-fd81-4d39-9c4a-8833663e4fe1;1;1
4242cc65-2d46-4301-bdf1-cf1b36dd3478;0aa2ebcd-70de-412a-9441-b8b8075500f9;0;2
4242cc65-2d46-4301-bdf1-cf1b36dd3478;3bce09a8-fe18-493f-bba3-75b418219afc;0;3
4242cc65-2d46-4301-bdf1-cf1b36dd3478;c69858fe-95a6-4da7-b0ed-a1c58b2d06b3;1;2
86d0a10d-23f7-4e1e-88f9-a49c761f55f2;00804107-d265-4ce0-8fa0-ddbe68e8163d;3;1
86d0a10d-23f7-4e1e-88f9-a49c761f55f2;eeb974eb-67fc-4260-a4ea-0a9450cd4bc7;1;4
86d0a10d-23f7-4e1e-88f9-a49c761f55f2;51f0ff44-15d4-4669-a082-050405194406;2;1
86d0a10d-23f7-4e1e-88f9-a49c761f55f2;e5044fff-3542-4b24-9331-b3c3bd84692d;2;2
86d0a10d-23f7-4e1e-88f9-a49c761f55f2;f2e46b5c-6866-492b-b8b3-f6cae34f7ec7;2;0
86d0a10d-23f7-4e1e-88f9-a49c761f55f2;f0e9ba93-8a74-429c-be82-31adef64970b;1;2
86d0a10d-23f7-4e1e-88f9-a49c761f55f2;2c237b79-380c-4474-b377-275e67b9c3a4;1;1
86d0a10d-23f7-4e1e-88f9-a49c761f55f2;1dc15474-5c90-41fd-833a-5bf953fc1a62;1;3
86d0a10d-23f7-4e1e-88f9-a49c761f55f2;ed124ab7-1f57-4c61-ae5b-85f327355a54;2;1
86d0a10d-23f7-4e1e-88f9-a49c761f55f2;bed268f0-cf7e-405c-a096-7cf8a582c7e2;1;2
86d0a10d-23f7-4e1e-88f9-a49c761f55f2;b6ed7065-a307-4e7d-b9f8-f454cdbdf5a8;3;1
86d0a10d-23f7-4e1e-88f9-a49c761f55f2;72b48638-ef0f-4645-92c8-51ec6218ed9a;1;2
86d0a10d-23f7-4e1e-88f9-a49c761f55f2;c6d40e5f-a57d-49c7-8a85-c6524e5629b6;2;1
86d0a10d-23f7-4e1e-88f9-a49c761f55f2;02f0c2c3-b0ec-4dc8-9286-274dc62d85b7;0;4
86d0a10d-23f7-4e1e-88f9-a49c761f55f2;46507557-7c9f-4c02-a1a1-6e23f971e923;2;1
86d0a10d-23f7-4e1e-88f9-a49c761f55f2;3e2e3c77-f016-493b-bf16-07e31fe91466;6;0
86d0a10d-23f7-4e1e-88f9-a49c761f55f2;558195d2-5afb-439d-b3ff-bd8aaa0d05ad;1;3
86d0a10d-23f7-4e1e-88f9-a49c761f55f2;790cc44b-d80a-4fa0-9dff-60a47c367dcc;5;0
86d0a10d-23f7-4e1e-88f9-a49c761f55f2;d15617ab-21a0-4233-b0c7-d81e9c4fe168;2;2
86d0a10d-23f7-4e1e-88f9-a49c761f55f2;8d6f9e88-4f45-4613-bed8-1104fed67e81;1;2
86d0a10d-23f7-4e1e-88f9-a49c761f55f2;38e77705-c9dd-4340-b07b-1a602079c785;3;1
86d0a10d-23f7-4e1e-88f9-a49c761f55f2;7029238d-800f-474c-a1a1-6e39f6426826;1;2
86d0a10d-23f7-4e1e-88f9-a49c761f55f2;b9fe6496-64c2-44a6-9e68-7faa1dbabf94;1;3
86d0a10d-23f7-4e1e-88f9-a49c761f55f2;e7c8da36-b6ff-47fa-9904-06af82e7ade4;2;1
86d0a10d-23f7-4e1e-88f9-a49c761f55f2;35f389be-886f-421b-a0da-6244a230cfc3;7;0
86d0a10d-23f7-4e1e-88f9-a49c761f55f2;9976821a-b7c4-45e4-90e1-4718a8ea498d;2;1
86d0a10d-23f7-4e1e-88f9-a49c761f55f2;4a3ff2cf-924a-40b2-8540-6213eacd2460;4;1
86d0a10d-23f7-4e1e-88f9-a49c761f55f2;bc757dba-eae9-449c-8986-3a7423db361b;4;0
86d0a10d-23f7-4e1e-88f9-a49c761f55f2;4a6a222f-45d8-46dc-a479-9e2862c5ec04;0;3
86d0a10d-23f7-4e1e-88f9-a49c761f55f2;ac7f16c1-b9ac-4471-bbc1-d224f3dea0eb;0;4
86d0a10d-23f7-4e1e-88f9-a49c761f55f2;720ea640-677c-40ea-b0f0-2349c14f43e9;3;1
86d0a10d-23f7-4e1e-88f9-a49c761f55f2;221524df-de81-4c62-b5fc-07692a7a6701;2;0
86d0a10d-23f7-4e1e-88f9-a49c761f55f2;7401aacf-a513-4899-add1-9020af17c085;3;1
86d0a10d-23f7-4e1e-88f9-a49c761f55f2;eb71238e-8f11-4b6c-b3d8-4f073dde25cb;2;3
86d0a10d-23f7-4e1e-88f9-a49c761f55f2;15ccd2e2-ff62-44af-9cdc-4ba734802b4c;1;3
86d0a10d-23f7-4e1e-88f9-a49c761f55f2;b89d061b-211b-468d-8df1-00be0ad11e3b;2;2
86d0a10d-23f7-4e1e-88f9-a49c761f55f2;cc216780-5af6-48e5-ba90-40b2b5095f6f;4;1
86d0a10d-23f7-4e1e-88f9-a49c761f55f2;23c37287-e2a9-46bd-8462-d93e552f7f02;2;1
86d0a10d-23f7-4e1e-88f9-a49c761f55f2;d1baa0fe-6f5b-4c77-ab18-cf3879a35202;4;0
86d0a10d-23f7-4e1e-88f9-a49c761f55f2;48233635-63c8-4c8e-9e24-f5fea034d578;1;2
86d0a10d-23f7-4e1e-88f9-a49c761f55f2;a0ed30bf-d2ba-4f20-b3ff-9235725a2828;0;4
86d0a10d-23f7-4e1e-88f9-a49c761f55f2;dbe94e5e-1ac1-483b-b3e3-b1837bd07b69;1;2
86d0a10d-23f7-4e1e-88f9-a49c761f55f2;b4c8645f-7fda-4983-9b85-79c70621e255;6;0
86d0a10d-23f7-4e1e-88f9-a49c761f55f2;fbafc025-bbef-4e8f-8c24-3168b7c94609;1;2
86d0a10d-23f7-4e1e-88f9-a49c761f55f2;577621d7-41f9-42e9-bc72-7cd5eb642329;5;0
86d0a10d-23f7-4e1e-88f9-a49c761f55f2;2e780d25-f1f5-4e6b-bed3-a2c17e245885;3;0
86d0a10d-23f7-4e1e-88f9-a49c761f55f2;c9bb33fd-91e7-4fba-b13a-32c8f574bac9;0;3
86d0a10d-23f7-4e1e-88f9-a49c761f55f2;4ed786d2-f903-4cfc-8bad-0b1c03757811;0;3
86d0a10d-23f7-4e1e-88f9-a49c761f55f2;ec8fa0cd-da44-4bb1-8124-94c0f54837cf;4;1
86d0a10d-23f7-4e1e-88f9-a49c761f55f2;4fbf144a-faa9-4928-aa94-424246daf5c2;0;3
86d0a10d-23f7-4e1e-88f9-a49c761f55f2;aefa3302-baf2-4aa1-84f3-c1b37212b1fd;5;0
86d0a10d-23f7-4e1e-88f9-a49c761f55f2;ffa9e78d-d28b-4f50-8147-10d459414ece;2;1
86d0a10d-23f7-4e1e-88f9-a49c761f55f2;e234852c-1749-439a-81a0-9714c2de6884;1;3
86d0a10d-23f7-4e1e-88f9-a49c761f55f2;617b2750-c295-4c2c-8947-16e4dfe3e4c3;3;1
86d0a10d-23f7-4e1e-88f9-a49c761f55f2;1af918bd-ec32-4802-bad5-4f631af54133;3;1
86d0a10d-23f7-4e1e-88f9-a49c761f55f2;84295db2-1e91-48de-9c8c-da77f961b366;3;0
86d0a10d-23f7-4e1e-88f9-a49c761f55f2;63ca3b21-8ae6-4694-b5d9-847f594847ca;2;1
86d0a10d-23f7-4e1e-88f9-a49c761f55f2;b16dc9f2-3dd6-4477-950f-33306996710f;0;2
86d0a10d-23f7-4e1e-88f9-a49c761f55f2;417bb761-fee7-4064-91c1-c0ac7f067f27;0;4
86d0a10d-23f7-4e1e-88f9-a49c761f55f2;39a3507d-d9d6-496f-b1d2-1b17699bdcff;1;2
86d0a10d-23f7-4e1e-88f9-a49c761f55f2;c5b846f6-0e5f-488f-8db9-903cf600effb;5;0
86d0a10d-23f7-4e1e-88f9-a49c761f55f2;05922653-dbb1-4d88-9481-81d45a2a89d4;0;4
86d0a10d-23f7-4e1e-88f9-a49c761f55f2;99412f67-a0f5-4a96-a16c-8d79249bbfef;6;0
86d0a10d-23f7-4e1e-88f9-a49c761f55f2;fc1a59d4-4b43-412c-a8cf-df27888531b1;5;0
86d0a10d-23f7-4e1e-88f9-a49c761f55f2;0a1b2929-b031-4c05-9f44-eb05cc63e024;1;3
86d0a10d-23f7-4e1e-88f9-a49c761f55f2;9fa9c061-bbc6-494a-a0b1-3b04e740478e;2;2
86d0a10d-23f7-4e1e-88f9-a49c761f55f2;c4fdc0dc-d354-4607-bf5d-9663d8ffcb63;2;1
86d0a10d-23f7-4e1e-88f9-a49c761f55f2;75669d9e-deb8-4a01-8f82-efcafd8e3cad;2;0
86d0a10d-23f7-4e1e-88f9-a49c761f55f2;214de929-fd81-4d39-9c4a-8833663e4fe1;3;0
86d0a10d-23f7-4e1e-88f9-a49c761f55f2;0aa2ebcd-70de-412a-9441-b8b8075500f9;0;3
86d0a10d-23f7-4e1e-88f9-a49c761f55f2;3bce09a8-fe18-493f-bba3-75b418219afc;0;4
86d0a10d-23f7-4e1e-88f9-a49c761f55f2;c69858fe-95a6-4da7-b0ed-a1c58b2d06b3;3;1
595316c0-3fe6-421e-b75f-9575280b8f91;00804107-d265-4ce0-8fa0-ddbe68e8163d;2;1
595316c0-3fe6-421e-b75f-9575280b8f91;eeb974eb-67fc-4260-a4ea-0a9450cd4bc7;1;1
595316c0-3fe6-421e-b75f-9575280b8f91;51f0ff44-15d4-4669-a082-050405194406;1;0
595316c0-3fe6-421e-b75f-9575280b8f91;e5044fff-3542-4b24-9331-b3c3bd84692d;1;1
595316c0-3fe6-421e-b75f-9575280b8f91;f2e46b5c-6866-492b-b8b3-f6cae34f7ec7;0;1
595316c0-3fe6-421e-b75f-9575280b8f91;f0e9ba93-8a74-429c-be82-31adef64970b;1;0
595316c0-3fe6-421e-b75f-9575280b8f91;2c237b79-380c-4474-b377-275e67b9c3a4;1;1
595316c0-3fe6-421e-b75f-9575280b8f91;1dc15474-5c90-41fd-833a-5bf953fc1a62;1;2
595316c0-3fe6-421e-b75f-9575280b8f91;ed124ab7-1f57-4c61-ae5b-85f327355a54;1;1
595316c0-3fe6-421e-b75f-9575280b8f91;bed268f0-cf7e-405c-a096-7cf8a582c7e2;1;0
595316c0-3fe6-421e-b75f-9575280b8f91;b6ed7065-a307-4e7d-b9f8-f454cdbdf5a8;2;1
595316c0-3fe6-421e-b75f-9575280b8f91;72b48638-ef0f-4645-92c8-51ec6218ed9a;2;0
595316c0-3fe6-421e-b75f-9575280b8f91;c6d40e5f-a57d-49c7-8a85-c6524e5629b6;2;1
595316c0-3fe6-421e-b75f-9575280b8f91;02f0c2c3-b0ec-4dc8-9286-274dc62d85b7;0;1
595316c0-3fe6-421e-b75f-9575280b8f91;46507557-7c9f-4c02-a1a1-6e23f971e923;0;2
595316c0-3fe6-421e-b75f-9575280b8f91;3e2e3c77-f016-493b-bf16-07e31fe91466;4;0
595316c0-3fe6-421e-b75f-9575280b8f91;558195d2-5afb-439d-b3ff-bd8aaa0d05ad;1;2
595316c0-3fe6-421e-b75f-9575280b8f91;790cc44b-d80a-4fa0-9dff-60a47c367dcc;3;1
595316c0-3fe6-421e-b75f-9575280b8f91;d15617ab-21a0-4233-b0c7-d81e9c4fe168;1;2
595316c0-3fe6-421e-b75f-9575280b8f91;8d6f9e88-4f45-4613-bed8-1104fed67e81;2;1
595316c0-3fe6-421e-b75f-9575280b8f91;38e77705-c9dd-4340-b07b-1a602079c785;2;1
595316c0-3fe6-421e-b75f-9575280b8f91;7029238d-800f-474c-a1a1-6e39f6426826;0;2
595316c0-3fe6-421e-b75f-9575280b8f91;b9fe6496-64c2-44a6-9e68-7faa1dbabf94;0;2
595316c0-3fe6-421e-b75f-9575280b8f91;e7c8da36-b6ff-47fa-9904-06af82e7ade4;3;2
595316c0-3fe6-421e-b75f-9575280b8f91;35f389be-886f-421b-a0da-6244a230cfc3;4;0
595316c0-3fe6-421e-b75f-9575280b8f91;9976821a-b7c4-45e4-90e1-4718a8ea498d;0;2
595316c0-3fe6-421e-b75f-9575280b8f91;4a3ff2cf-924a-40b2-8540-6213eacd2460;3;0
595316c0-3fe6-421e-b75f-9575280b8f91;bc757dba-eae9-449c-8986-3a7423db361b;2;1
595316c0-3fe6-421e-b75f-9575280b8f91;4a6a222f-45d8-46dc-a479-9e2862c5ec04;1;2
595316c0-3fe6-421e-b75f-9575280b8f91;ac7f16c1-b9ac-4471-bbc1-d224f3dea0eb;1;1
595316c0-3fe6-421e-b75f-9575280b8f91;720ea640-677c-40ea-b0f0-2349c14f43e9;1;3
595316c0-3fe6-421e-b75f-9575280b8f91;221524df-de81-4c62-b5fc-07692a7a6701;1;2
595316c0-3fe6-421e-b75f-9575280b8f91;7401aacf-a513-4899-add1-9020af17c085;2;0
595316c0-3fe6-421e-b75f-9575280b8f91;eb71238e-8f11-4b6c-b3d8-4f073dde25cb;0;3
595316c0-3fe6-421e-b75f-9575280b8f91;15ccd2e2-ff62-44af-9cdc-4ba734802b4c;0;2
595316c0-3fe6-421e-b75f-9575280b8f91;b89d061b-211b-468d-8df1-00be0ad11e3b;3;1
595316c0-3fe6-421e-b75f-9575280b8f91;cc216780-5af6-48e5-ba90-40b2b5095f6f;2;1
595316c0-3fe6-421e-b75f-9575280b8f91;23c37287-e2a9-46bd-8462-d93e552f7f02;0;1
595316c0-3fe6-421e-b75f-9575280b8f91;d1baa0fe-6f5b-4c77-ab18-cf3879a35202;1;0
595316c0-3fe6-421e-b75f-9575280b8f91;48233635-63c8-4c8e-9e24-f5fea034d578;1;1
595316c0-3fe6-421e-b75f-9575280b8f91;a0ed30bf-d2ba-4f20-b3ff-9235725a2828;0;1
595316c0-3fe6-421e-b75f-9575280b8f91;dbe94e5e-1ac1-483b-b3e3-b1837bd07b69;2;2
595316c0-3fe6-421e-b75f-9575280b8f91;b4c8645f-7fda-4983-9b85-79c70621e255;5;0
595316c0-3fe6-421e-b75f-9575280b8f91;fbafc025-bbef-4e8f-8c24-3168b7c94609;0;3
595316c0-3fe6-421e-b75f-9575280b8f91;577621d7-41f9-42e9-bc72-7cd5eb642329;4;1
595316c0-3fe6-421e-b75f-9575280b8f91;2e780d25-f1f5-4e6b-bed3-a2c17e245885;3;0
595316c0-3fe6-421e-b75f-9575280b8f91;c9bb33fd-91e7-4fba-b13a-32c8f574bac9;1;2
595316c0-3fe6-421e-b75f-9575280b8f91;4ed786d2-f903-4cfc-8bad-0b1c03757811;1;0
595316c0-3fe6-421e-b75f-9575280b8f91;ec8fa0cd-da44-4bb1-8124-94c0f54837cf;6;0
595316c0-3fe6-421e-b75f-9575280b8f91;4fbf144a-faa9-4928-aa94-424246daf5c2;0;1
595316c0-3fe6-421e-b75f-9575280b8f91;aefa3302-baf2-4aa1-84f3-c1b37212b1fd;4;0
595316c0-3fe6-421e-b75f-9575280b8f91;ffa9e78d-d28b-4f50-8147-10d459414ece;2;0
595316c0-3fe6-421e-b75f-9575280b8f91;e234852c-1749-439a-81a0-9714c2de6884;1;3
595316c0-3fe6-421e-b75f-9575280b8f91;617b2750-c295-4c2c-8947-16e4dfe3e4c3;1;1
595316c0-3fe6-421e-b75f-9575280b8f91;1af918bd-ec32-4802-bad5-4f631af54133;4;1
595316c0-3fe6-421e-b75f-9575280b8f91;84295db2-1e91-48de-9c8c-da77f961b366;2;0
595316c0-3fe6-421e-b75f-9575280b8f91;63ca3b21-8ae6-4694-b5d9-847f594847ca;2;1
595316c0-3fe6-421e-b75f-9575280b8f91;b16dc9f2-3dd6-4477-950f-33306996710f;0;1
595316c0-3fe6-421e-b75f-9575280b8f91;417bb761-fee7-4064-91c1-c0ac7f067f27;0;2
595316c0-3fe6-421e-b75f-9575280b8f91;39a3507d-d9d6-496f-b1d2-1b17699bdcff;0;1
595316c0-3fe6-421e-b75f-9575280b8f91;c5b846f6-0e5f-488f-8db9-903cf600effb;3;0
595316c0-3fe6-421e-b75f-9575280b8f91;05922653-dbb1-4d88-9481-81d45a2a89d4;0;2
595316c0-3fe6-421e-b75f-9575280b8f91;99412f67-a0f5-4a96-a16c-8d79249bbfef;4;1
595316c0-3fe6-421e-b75f-9575280b8f91;fc1a59d4-4b43-412c-a8cf-df27888531b1;2;0
595316c0-3fe6-421e-b75f-9575280b8f91;0a1b2929-b031-4c05-9f44-eb05cc63e024;1;2
595316c0-3fe6-421e-b75f-9575280b8f91;9fa9c061-bbc6-494a-a0b1-3b04e740478e;0;0
595316c0-3fe6-421e-b75f-9575280b8f91;c4fdc0dc-d354-4607-bf5d-9663d8ffcb63;2;1
595316c0-3fe6-421e-b75f-9575280b8f91;75669d9e-deb8-4a01-8f82-efcafd8e3cad;1;0
595316c0-3fe6-421e-b75f-9575280b8f91;214de929-fd81-4d39-9c4a-8833663e4fe1;2;1
595316c0-3fe6-421e-b75f-9575280b8f91;0aa2ebcd-70de-412a-9441-b8b8075500f9;0;2
595316c0-3fe6-421e-b75f-9575280b8f91;3bce09a8-fe18-493f-bba3-75b418219afc;0;2
595316c0-3fe6-421e-b75f-9575280b8f91;c69858fe-95a6-4da7-b0ed-a1c58b2d06b3;2;1
7f77c5e5-5567-4860-9126-d14ce76bb49d;00804107-d265-4ce0-8fa0-ddbe68e8163d;1;1
7f77c5e5-5567-4860-9126-d14ce76bb49d;eeb974eb-67fc-4260-a4ea-0a9450cd4bc7;1;2
7f77c5e5-5567-4860-9126-d14ce76bb49d;51f0ff44-15d4-4669-a082-050405194406;2;0
7f77c5e5-5567-4860-9126-d14ce76bb49d;e5044fff-3542-4b24-9331-b3c3bd84692d;0;1
7f77c5e5-5567-4860-9126-d14ce76bb49d;f2e46b5c-6866-492b-b8b3-f6cae34f7ec7;1;0
7f77c5e5-5567-4860-9126-d14ce76bb49d;f0e9ba93-8a74-429c-be82-31adef64970b;0;1
7f77c5e5-5567-4860-9126-d14ce76bb49d;2c237b79-380c-4474-b377-275e67b9c3a4;1;1
7f77c5e5-5567-4860-9126-d14ce76bb49d;1dc15474-5c90-41fd-833a-5bf953fc1a62;0;3
7f77c5e5-5567-4860-9126-d14ce76bb49d;ed124ab7-1f57-4c61-ae5b-85f327355a54;2;1
7f77c5e5-5567-4860-9126-d14ce76bb49d;bed268f0-cf7e-405c-a096-7cf8a582c7e2;2;0
7f77c5e5-5567-4860-9126-d14ce76bb49d;b6ed7065-a307-4e7d-b9f8-f454cdbdf5a8;1;0
7f77c5e5-5567-4860-9126-d14ce76bb49d;72b48638-ef0f-4645-92c8-51ec6218ed9a;3;0
7f77c5e5-5567-4860-9126-d14ce76bb49d;c6d40e5f-a57d-49c7-8a85-c6524e5629b6;2;0
7f77c5e5-5567-4860-9126-d14ce76bb49d;02f0c2c3-b0ec-4dc8-9286-274dc62d85b7;0;2
7f77c5e5-5567-4860-9126-d14ce76bb49d;46507557-7c9f-4c02-a1a1-6e23f971e923;1;0
7f77c5e5-5567-4860-9126-d14ce76bb49d;3e2e3c77-f016-493b-bf16-07e31fe91466;4;0
7f77c5e5-5567-4860-9126-d14ce76bb49d;558195d2-5afb-439d-b3ff-bd8aaa0d05ad;1;2
7f77c5e5-5567-4860-9126-d14ce76bb49d;790cc44b-d80a-4fa0-9dff-60a47c367dcc;3;0
7f77c5e5-5567-4860-9126-d14ce76bb49d;d15617ab-21a0-4233-b0c7-d81e9c4fe168;1;0
7f77c5e5-5567-4860-9126-d14ce76bb49d;8d6f9e88-4f45-4613-bed8-1104fed67e81;0;2
7f77c5e5-5567-4860-9126-d14ce76bb49d;38e77705-c9dd-4340-b07b-1a602079c785;2;1
7f77c5e5-5567-4860-9126-d14ce76bb49d;7029238d-800f-474c-a1a1-6e39f6426826;2;1
7f77c5e5-5567-4860-9126-d14ce76bb49d;b9fe6496-64c2-44a6-9e68-7faa1dbabf94;2;0
7f77c5e5-5567-4860-9126-d14ce76bb49d;e7c8da36-b6ff-47fa-9904-06af82e7ade4;1;2
7f77c5e5-5567-4860-9126-d14ce76bb49d;35f389be-886f-421b-a0da-6244a230cfc3;3;0
7f77c5e5-5567-4860-9126-d14ce76bb49d;9976821a-b7c4-45e4-90e1-4718a8ea498d;2;2
7f77c5e5-5567-4860-9126-d14ce76bb49d;4a3ff2cf-924a-40b2-8540-6213eacd2460;2;1
7f77c5e5-5567-4860-9126-d14ce76bb49d;bc757dba-eae9-449c-8986-3a7423db361b;2;0
7f77c5e5-5567-4860-9126-d14ce76bb49d;4a6a222f-45d8-46dc-a479-9e2862c5ec04;1;2
7f77c5e5-5567-4860-9126-d14ce76bb49d;ac7f16c1-b9ac-4471-bbc1-d224f3dea0eb;0;3
7f77c5e5-5567-4860-9126-d14ce76bb49d;720ea640-677c-40ea-b0f0-2349c14f43e9;1;1
7f77c5e5-5567-4860-9126-d14ce76bb49d;221524df-de81-4c62-b5fc-07692a7a6701;2;1
7f77c5e5-5567-4860-9126-d14ce76bb49d;7401aacf-a513-4899-add1-9020af17c085;2;0
7f77c5e5-5567-4860-9126-d14ce76bb49d;eb71238e-8f11-4b6c-b3d8-4f073dde25cb;1;3
7f77c5e5-5567-4860-9126-d14ce76bb49d;15ccd2e2-ff62-44af-9cdc-4ba734802b4c;0;2
7f77c5e5-5567-4860-9126-d14ce76bb49d;b89d061b-211b-468d-8df1-00be0ad11e3b;2;1
7f77c5e5-5567-4860-9126-d14ce76bb49d;cc216780-5af6-48e5-ba90-40b2b5095f6f;2;1
7f77c5e5-5567-4860-9126-d14ce76bb49d;23c37287-e2a9-46bd-8462-d93e552f7f02;2;0
7f77c5e5-5567-4860-9126-d14ce76bb49d;d1baa0fe-6f5b-4c77-ab18-cf3879a35202;2;0
7f77c5e5-5567-4860-9126-d14ce76bb49d;48233635-63c8-4c8e-9e24-f5fea034d578;0;2
7f77c5e5-5567-4860-9126-d14ce76bb49d;a0ed30bf-d2ba-4f20-b3ff-9235725a2828;0;4
7f77c5e5-5567-4860-9126-d14ce76bb49d;dbe94e5e-1ac1-483b-b3e3-b1837bd07b69;2;1
7f77c5e5-5567-4860-9126-d14ce76bb49d;b4c8645f-7fda-4983-9b85-79c70621e255;3;0
7f77c5e5-5567-4860-9126-d14ce76bb49d;fbafc025-bbef-4e8f-8c24-3168b7c94609;0;2
7f77c5e5-5567-4860-9126-d14ce76bb49d;577621d7-41f9-42e9-bc72-7cd5eb642329;2;0
7f77c5e5-5567-4860-9126-d14ce76bb49d;2e780d25-f1f5-4e6b-bed3-a2c17e245885;2;0
7f77c5e5-5567-4860-9126-d14ce76bb49d;c9bb33fd-91e7-4fba-b13a-32c8f574bac9;1;2
7f77c5e5-5567-4860-9126-d14ce76bb49d;4ed786d2-f903-4cfc-8bad-0b1c03757811;1;2
7f77c5e5-5567-4860-9126-d14ce76bb49d;ec8fa0cd-da44-4bb1-8124-94c0f54837cf;2;2
7f77c5e5-5567-4860-9126-d14ce76bb49d;4fbf144a-faa9-4928-aa94-424246daf5c2;0;3
7f77c5e5-5567-4860-9126-d14ce76bb49d;aefa3302-baf2-4aa1-84f3-c1b37212b1fd;2;0
7f77c5e5-5567-4860-9126-d14ce76bb49d;ffa9e78d-d28b-4f50-8147-10d459414ece;2;2
7f77c5e5-5567-4860-9126-d14ce76bb49d;e234852c-1749-439a-81a0-9714c2de6884;2;2
7f77c5e5-5567-4860-9126-d14ce76bb49d;617b2750-c295-4c2c-8947-16e4dfe3e4c3;2;0
7f77c5e5-5567-4860-9126-d14ce76bb49d;1af918bd-ec32-4802-bad5-4f631af54133;2;1
7f77c5e5-5567-4860-9126-d14ce76bb49d;84295db2-1e91-48de-9c8c-da77f961b366;2;0
7f77c5e5-5567-4860-9126-d14ce76bb49d;63ca3b21-8ae6-4694-b5d9-847f594847ca;2;1
7f77c5e5-5567-4860-9126-d14ce76bb49d;b16dc9f2-3dd6-4477-950f-33306996710f;0;2
7f77c5e5-5567-4860-9126-d14ce76bb49d;417bb761-fee7-4064-91c1-c0ac7f067f27;0;3
7f77c5e5-5567-4860-9126-d14ce76bb49d;39a3507d-d9d6-496f-b1d2-1b17699bdcff;1;2
7f77c5e5-5567-4860-9126-d14ce76bb49d;c5b846f6-0e5f-488f-8db9-903cf600effb;2;1
7f77c5e5-5567-4860-9126-d14ce76bb49d;05922653-dbb1-4d88-9481-81d45a2a89d4;0;3
7f77c5e5-5567-4860-9126-d14ce76bb49d;99412f67-a0f5-4a96-a16c-8d79249bbfef;3;0
7f77c5e5-5567-4860-9126-d14ce76bb49d;fc1a59d4-4b43-412c-a8cf-df27888531b1;2;1
7f77c5e5-5567-4860-9126-d14ce76bb49d;0a1b2929-b031-4c05-9f44-eb05cc63e024;1;1
7f77c5e5-5567-4860-9126-d14ce76bb49d;9fa9c061-bbc6-494a-a0b1-3b04e740478e;3;1
7f77c5e5-5567-4860-9126-d14ce76bb49d;c4fdc0dc-d354-4607-bf5d-9663d8ffcb63;1;0
7f77c5e5-5567-4860-9126-d14ce76bb49d;75669d9e-deb8-4a01-8f82-efcafd8e3cad;2;0
7f77c5e5-5567-4860-9126-d14ce76bb49d;214de929-fd81-4d39-9c4a-8833663e4fe1;2;1
7f77c5e5-5567-4860-9126-d14ce76bb49d;0aa2ebcd-70de-412a-9441-b8b8075500f9;0;2
7f77c5e5-5567-4860-9126-d14ce76bb49d;3bce09a8-fe18-493f-bba3-75b418219afc;0;3
7f77c5e5-5567-4860-9126-d14ce76bb49d;c69858fe-95a6-4da7-b0ed-a1c58b2d06b3;1;1
3495d9b4-1bf9-40a0-a981-9bbdacf5bf28;00804107-d265-4ce0-8fa0-ddbe68e8163d;3;1
3495d9b4-1bf9-40a0-a981-9bbdacf5bf28;eeb974eb-67fc-4260-a4ea-0a9450cd4bc7;1;2
3495d9b4-1bf9-40a0-a981-9bbdacf5bf28;51f0ff44-15d4-4669-a082-050405194406;2;0
3495d9b4-1bf9-40a0-a981-9bbdacf5bf28;e5044fff-3542-4b24-9331-b3c3bd84692d;2;0
3495d9b4-1bf9-40a0-a981-9bbdacf5bf28;f2e46b5c-6866-492b-b8b3-f6cae34f7ec7;1;0
3495d9b4-1bf9-40a0-a981-9bbdacf5bf28;f0e9ba93-8a74-429c-be82-31adef64970b;1;2
3495d9b4-1bf9-40a0-a981-9bbdacf5bf28;2c237b79-380c-4474-b377-275e67b9c3a4;1;0
3495d9b4-1bf9-40a0-a981-9bbdacf5bf28;1dc15474-5c90-41fd-833a-5bf953fc1a62;0;2
3495d9b4-1bf9-40a0-a981-9bbdacf5bf28;ed124ab7-1f57-4c61-ae5b-85f327355a54;2;0
3495d9b4-1bf9-40a0-a981-9bbdacf5bf28;bed268f0-cf7e-405c-a096-7cf8a582c7e2;2;0
3495d9b4-1bf9-40a0-a981-9bbdacf5bf28;b6ed7065-a307-4e7d-b9f8-f454cdbdf5a8;2;1
3495d9b4-1bf9-40a0-a981-9bbdacf5bf28;72b48638-ef0f-4645-92c8-51ec6218ed9a;2;0
3495d9b4-1bf9-40a0-a981-9bbdacf5bf28;c6d40e5f-a57d-49c7-8a85-c6524e5629b6;2;1
3495d9b4-1bf9-40a0-a981-9bbdacf5bf28;02f0c2c3-b0ec-4dc8-9286-274dc62d85b7;0;3
3495d9b4-1bf9-40a0-a981-9bbdacf5bf28;46507557-7c9f-4c02-a1a1-6e23f971e923;2;1
3495d9b4-1bf9-40a0-a981-9bbdacf5bf28;3e2e3c77-f016-493b-bf16-07e31fe91466;4;0
3495d9b4-1bf9-40a0-a981-9bbdacf5bf28;558195d2-5afb-439d-b3ff-bd8aaa0d05ad;0;2
3495d9b4-1bf9-40a0-a981-9bbdacf5bf28;790cc44b-d80a-4fa0-9dff-60a47c367dcc;2;0
3495d9b4-1bf9-40a0-a981-9bbdacf5bf28;d15617ab-21a0-4233-b0c7-d81e9c4fe168;2;1
3495d9b4-1bf9-40a0-a981-9bbdacf5bf28;8d6f9e88-4f45-4613-bed8-1104fed67e81;1;2
3495d9b4-1bf9-40a0-a981-9bbdacf5bf28;38e77705-c9dd-4340-b07b-1a602079c785;2;1
3495d9b4-1bf9-40a0-a981-9bbdacf5bf28;7029238d-800f-474c-a1a1-6e39f6426826;2;0
3495d9b4-1bf9-40a0-a981-9bbdacf5bf28;b9fe6496-64c2-44a6-9e68-7faa1dbabf94;2;0
3495d9b4-1bf9-40a0-a981-9bbdacf5bf28;e7c8da36-b6ff-47fa-9904-06af82e7ade4;2;1
3495d9b4-1bf9-40a0-a981-9bbdacf5bf28;35f389be-886f-421b-a0da-6244a230cfc3;2;0
3495d9b4-1bf9-40a0-a981-9bbdacf5bf28;9976821a-b7c4-45e4-90e1-4718a8ea498d;1;2
3495d9b4-1bf9-40a0-a981-9bbdacf5bf28;4a3ff2cf-924a-40b2-8540-6213eacd2460;2;2
3495d9b4-1bf9-40a0-a981-9bbdacf5bf28;bc757dba-eae9-449c-8986-3a7423db361b;2;0
3495d9b4-1bf9-40a0-a981-9bbdacf5bf28;4a6a222f-45d8-46dc-a479-9e2862c5ec04;0;2
3495d9b4-1bf9-40a0-a981-9bbdacf5bf28;ac7f16c1-b9ac-4471-bbc1-d224f3dea0eb;0;3
3495d9b4-1bf9-40a0-a981-9bbdacf5bf28;720ea640-677c-40ea-b0f0-2349c14f43e9;0;2
3495d9b4-1bf9-40a0-a981-9bbdacf5bf28;221524df-de81-4c62-b5fc-07692a7a6701;2;0
3495d9b4-1bf9-40a0-a981-9bbdacf5bf28;7401aacf-a513-4899-add1-9020af17c085;2;2
3495d9b4-1bf9-40a0-a981-9bbdacf5bf28;eb71238e-8f11-4b6c-b3d8-4f073dde25cb;0;2
3495d9b4-1bf9-40a0-a981-9bbdacf5bf28;15ccd2e2-ff62-44af-9cdc-4ba734802b4c;0;2
3495d9b4-1bf9-40a0-a981-9bbdacf5bf28;b89d061b-211b-468d-8df1-00be0ad11e3b;2;1
3495d9b4-1bf9-40a0-a981-9bbdacf5bf28;cc216780-5af6-48e5-ba90-40b2b5095f6f;2;0
3495d9b4-1bf9-40a0-a981-9bbdacf5bf28;23c37287-e2a9-46bd-8462-d93e552f7f02;1;0
3495d9b4-1bf9-40a0-a981-9bbdacf5bf28;d1baa0fe-6f5b-4c77-ab18-cf3879a35202;2;0
3495d9b4-1bf9-40a0-a981-9bbdacf5bf28;48233635-63c8-4c8e-9e24-f5fea034d578;0;2
3495d9b4-1bf9-40a0-a981-9bbdacf5bf28;a0ed30bf-d2ba-4f20-b3ff-9235725a2828;0;3
3495d9b4-1bf9-40a0-a981-9bbdacf5bf28;dbe94e5e-1ac1-483b-b3e3-b1837bd07b69;2;1
3495d9b4-1bf9-40a0-a981-9bbdacf5bf28;b4c8645f-7fda-4983-9b85-79c70621e255;2;0
3495d9b4-1bf9-40a0-a981-9bbdacf5bf28;fbafc025-bbef-4e8f-8c24-3168b7c94609;0;1
3495d9b4-1bf9-40a0-a981-9bbdacf5bf28;577621d7-41f9-42e9-bc72-7cd5eb642329;2;0
3495d9b4-1bf9-40a0-a981-9bbdacf5bf28;2e780d25-f1f5-4e6b-bed3-a2c17e245885;2;1
3495d9b4-1bf9-40a0-a981-9bbdacf5bf28;c9bb33fd-91e7-4fba-b13a-32c8f574bac9;2;2
3495d9b4-1bf9-40a0-a981-9bbdacf5bf28;4ed786d2-f903-4cfc-8bad-0b1c03757811;1;2
3495d9b4-1bf9-40a0-a981-9bbdacf5bf28;ec8fa0cd-da44-4bb1-8124-94c0f54837cf;2;0
3495d9b4-1bf9-40a0-a981-9bbdacf5bf28;4fbf144a-faa9-4928-aa94-424246daf5c2;0;3
3495d9b4-1bf9-40a0-a981-9bbdacf5bf28;aefa3302-baf2-4aa1-84f3-c1b37212b1fd;3;0
3495d9b4-1bf9-40a0-a981-9bbdacf5bf28;ffa9e78d-d28b-4f50-8147-10d459414ece;2;1
3495d9b4-1bf9-40a0-a981-9bbdacf5bf28;e234852c-1749-439a-81a0-9714c2de6884;2;1
3495d9b4-1bf9-40a0-a981-9bbdacf5bf28;617b2750-c295-4c2c-8947-16e4dfe3e4c3;2;0
3495d9b4-1bf9-40a0-a981-9bbdacf5bf28;1af918bd-ec32-4802-bad5-4f631af54133;2;0
3495d9b4-1bf9-40a0-a981-9bbdacf5bf28;84295db2-1e91-48de-9c8c-da77f961b366;2;0
3495d9b4-1bf9-40a0-a981-9bbdacf5bf28;63ca3b21-8ae6-4694-b5d9-847f594847ca;2;0
3495d9b4-1bf9-40a0-a981-9bbdacf5bf28;b16dc9f2-3dd6-4477-950f-33306996710f;0;2
3495d9b4-1bf9-40a0-a981-9bbdacf5bf28;417bb761-fee7-4064-91c1-c0ac7f067f27;0;3
3495d9b4-1bf9-40a0-a981-9bbdacf5bf28;39a3507d-d9d6-496f-b1d2-1b17699bdcff;1;2
3495d9b4-1bf9-40a0-a981-9bbdacf5bf28;c5b846f6-0e5f-488f-8db9-903cf600effb;2;0
3495d9b4-1bf9-40a0-a981-9bbdacf5bf28;05922653-dbb1-4d88-9481-81d45a2a89d4;0;3
3495d9b4-1bf9-40a0-a981-9bbdacf5bf28;99412f67-a0f5-4a96-a16c-8d79249bbfef;3;0
3495d9b4-1bf9-40a0-a981-9bbdacf5bf28;fc1a59d4-4b43-412c-a8cf-df27888531b1;2;0
3495d9b4-1bf9-40a0-a981-9bbdacf5bf28;0a1b2929-b031-4c05-9f44-eb05cc63e024;1;2
3495d9b4-1bf9-40a0-a981-9bbdacf5bf28;9fa9c061-bbc6-494a-a0b1-3b04e740478e;2;0
3495d9b4-1bf9-40a0-a981-9bbdacf5bf28;c4fdc0dc-d354-4607-bf5d-9663d8ffcb63;1;1
3495d9b4-1bf9-40a0-a981-9bbdacf5bf28;75669d9e-deb8-4a01-8f82-efcafd8e3cad;2;0
3495d9b4-1bf9-40a0-a981-9bbdacf5bf28;214de929-fd81-4d39-9c4a-8833663e4fe1;2;0
3495d9b4-1bf9-40a0-a981-9bbdacf5bf28;0aa2ebcd-70de-412a-9441-b8b8075500f9;0;2
3495d9b4-1bf9-40a0-a981-9bbdacf5bf28;3bce09a8-fe18-493f-bba3-75b418219afc;0;3
3495d9b4-1bf9-40a0-a981-9bbdacf5bf28;c69858fe-95a6-4da7-b0ed-a1c58b2d06b3;2;1
89445138-5c25-4e59-a93d-e6ceb241af1f;00804107-d265-4ce0-8fa0-ddbe68e8163d;2;1
89445138-5c25-4e59-a93d-e6ceb241af1f;eeb974eb-67fc-4260-a4ea-0a9450cd4bc7;1;1
89445138-5c25-4e59-a93d-e6ceb241af1f;51f0ff44-15d4-4669-a082-050405194406;0;0
89445138-5c25-4e59-a93d-e6ceb241af1f;e5044fff-3542-4b24-9331-b3c3bd84692d;1;0
89445138-5c25-4e59-a93d-e6ceb241af1f;f2e46b5c-6866-492b-b8b3-f6cae34f7ec7;1;2
89445138-5c25-4e59-a93d-e6ceb241af1f;f0e9ba93-8a74-429c-be82-31adef64970b;0;1
89445138-5c25-4e59-a93d-e6ceb241af1f;2c237b79-380c-4474-b377-275e67b9c3a4;2;0
89445138-5c25-4e59-a93d-e6ceb241af1f;1dc15474-5c90-41fd-833a-5bf953fc1a62;1;1
89445138-5c25-4e59-a93d-e6ceb241af1f;ed124ab7-1f57-4c61-ae5b-85f327355a54;3;0
89445138-5c25-4e59-a93d-e6ceb241af1f;bed268f0-cf7e-405c-a096-7cf8a582c7e2;2;1
89445138-5c25-4e59-a93d-e6ceb241af1f;b6ed7065-a307-4e7d-b9f8-f454cdbdf5a8;4;1
89445138-5c25-4e59-a93d-e6ceb241af1f;72b48638-ef0f-4645-92c8-51ec6218ed9a;0;0
89445138-5c25-4e59-a93d-e6ceb241af1f;c6d40e5f-a57d-49c7-8a85-c6524e5629b6;3;1
89445138-5c25-4e59-a93d-e6ceb241af1f;02f0c2c3-b0ec-4dc8-9286-274dc62d85b7;0;3
89445138-5c25-4e59-a93d-e6ceb241af1f;46507557-7c9f-4c02-a1a1-6e23f971e923;2;2
89445138-5c25-4e59-a93d-e6ceb241af1f;3e2e3c77-f016-493b-bf16-07e31fe91466;3;1
89445138-5c25-4e59-a93d-e6ceb241af1f;558195d2-5afb-439d-b3ff-bd8aaa0d05ad;1;2
89445138-5c25-4e59-a93d-e6ceb241af1f;790cc44b-d80a-4fa0-9dff-60a47c367dcc;3;0
89445138-5c25-4e59-a93d-e6ceb241af1f;d15617ab-21a0-4233-b0c7-d81e9c4fe168;1;2
89445138-5c25-4e59-a93d-e6ceb241af1f;8d6f9e88-4f45-4613-bed8-1104fed67e81;0;1
89445138-5c25-4e59-a93d-e6ceb241af1f;38e77705-c9dd-4340-b07b-1a602079c785;1;2
89445138-5c25-4e59-a93d-e6ceb241af1f;7029238d-800f-474c-a1a1-6e39f6426826;1;1
89445138-5c25-4e59-a93d-e6ceb241af1f;b9fe6496-64c2-44a6-9e68-7faa1dbabf94;4;1
89445138-5c25-4e59-a93d-e6ceb241af1f;e7c8da36-b6ff-47fa-9904-06af82e7ade4;2;2
89445138-5c25-4e59-a93d-e6ceb241af1f;35f389be-886f-421b-a0da-6244a230cfc3;2;0
89445138-5c25-4e59-a93d-e6ceb241af1f;9976821a-b7c4-45e4-90e1-4718a8ea498d;1;2
89445138-5c25-4e59-a93d-e6ceb241af1f;4a3ff2cf-924a-40b2-8540-6213eacd2460;2;0
89445138-5c25-4e59-a93d-e6ceb241af1f;bc757dba-eae9-449c-8986-3a7423db361b;2;0
89445138-5c25-4e59-a93d-e6ceb241af1f;4a6a222f-45d8-46dc-a479-9e2862c5ec04;2;4
89445138-5c25-4e59-a93d-e6ceb241af1f;ac7f16c1-b9ac-4471-bbc1-d224f3dea0eb;1;0
89445138-5c25-4e59-a93d-e6ceb241af1f;720ea640-677c-40ea-b0f0-2349c14f43e9;2;0
89445138-5c25-4e59-a93d-e6ceb241af1f;221524df-de81-4c62-b5fc-07692a7a6701;1;1
89445138-5c25-4e59-a93d-e6ceb241af1f;7401aacf-a513-4899-add1-9020af17c085;2;0
89445138-5c25-4e59-a93d-e6ceb241af1f;eb71238e-8f11-4b6c-b3d8-4f073dde25cb;1;2
89445138-5c25-4e59-a93d-e6ceb241af1f;15ccd2e2-ff62-44af-9cdc-4ba734802b4c;0;2
89445138-5c25-4e59-a93d-e6ceb241af1f;b89d061b-211b-468d-8df1-00be0ad11e3b;2;1
89445138-5c25-4e59-a93d-e6ceb241af1f;cc216780-5af6-48e5-ba90-40b2b5095f6f;1;1
89445138-5c25-4e59-a93d-e6ceb241af1f;23c37287-e2a9-46bd-8462-d93e552f7f02;1;0
89445138-5c25-4e59-a93d-e6ceb241af1f;d1baa0fe-6f5b-4c77-ab18-cf3879a35202;2;2
89445138-5c25-4e59-a93d-e6ceb241af1f;48233635-63c8-4c8e-9e24-f5fea034d578;0;2
89445138-5c25-4e59-a93d-e6ceb241af1f;a0ed30bf-d2ba-4f20-b3ff-9235725a2828;0;2
89445138-5c25-4e59-a93d-e6ceb241af1f;dbe94e5e-1ac1-483b-b3e3-b1837bd07b69;0;2
89445138-5c25-4e59-a93d-e6ceb241af1f;b4c8645f-7fda-4983-9b85-79c70621e255;2;0
89445138-5c25-4e59-a93d-e6ceb241af1f;fbafc025-bbef-4e8f-8c24-3168b7c94609;2;1
89445138-5c25-4e59-a93d-e6ceb241af1f;577621d7-41f9-42e9-bc72-7cd5eb642329;1;0
89445138-5c25-4e59-a93d-e6ceb241af1f;2e780d25-f1f5-4e6b-bed3-a2c17e245885;1;1
89445138-5c25-4e59-a93d-e6ceb241af1f;c9bb33fd-91e7-4fba-b13a-32c8f574bac9;0;4
89445138-5c25-4e59-a93d-e6ceb241af1f;4ed786d2-f903-4cfc-8bad-0b1c03757811;2;0
89445138-5c25-4e59-a93d-e6ceb241af1f;ec8fa0cd-da44-4bb1-8124-94c0f54837cf;2;1
89445138-5c25-4e59-a93d-e6ceb241af1f;4fbf144a-faa9-4928-aa94-424246daf5c2;2;2
89445138-5c25-4e59-a93d-e6ceb241af1f;aefa3302-baf2-4aa1-84f3-c1b37212b1fd;1;0
89445138-5c25-4e59-a93d-e6ceb241af1f;ffa9e78d-d28b-4f50-8147-10d459414ece;4;0
89445138-5c25-4e59-a93d-e6ceb241af1f;e234852c-1749-439a-81a0-9714c2de6884;1;3
89445138-5c25-4e59-a93d-e6ceb241af1f;617b2750-c295-4c2c-8947-16e4dfe3e4c3;1;2
89445138-5c25-4e59-a93d-e6ceb241af1f;1af918bd-ec32-4802-bad5-4f631af54133;2;0
89445138-5c25-4e59-a93d-e6ceb241af1f;84295db2-1e91-48de-9c8c-da77f961b366;2;2
89445138-5c25-4e59-a93d-e6ceb241af1f;63ca3b21-8ae6-4694-b5d9-847f594847ca;2;0
89445138-5c25-4e59-a93d-e6ceb241af1f;b16dc9f2-3dd6-4477-950f-33306996710f;2;2
89445138-5c25-4e59-a93d-e6ceb241af1f;417bb761-fee7-4064-91c1-c0ac7f067f27;0;2
89445138-5c25-4e59-a93d-e6ceb241af1f;39a3507d-d9d6-496f-b1d2-1b17699bdcff;2;0
89445138-5c25-4e59-a93d-e6ceb241af1f;c5b846f6-0e5f-488f-8db9-903cf600effb;3;1
89445138-5c25-4e59-a93d-e6ceb241af1f;05922653-dbb1-4d88-9481-81d45a2a89d4;0;2
89445138-5c25-4e59-a93d-e6ceb241af1f;99412f67-a0f5-4a96-a16c-8d79249bbfef;4;1
89445138-5c25-4e59-a93d-e6ceb241af1f;fc1a59d4-4b43-412c-a8cf-df27888531b1;1;1
89445138-5c25-4e59-a93d-e6ceb241af1f;0a1b2929-b031-4c05-9f44-eb05cc63e024;0;2
89445138-5c25-4e59-a93d-e6ceb241af1f;9fa9c061-bbc6-494a-a0b1-3b04e740478e;0;2
89445138-5c25-4e59-a93d-e6ceb241af1f;c4fdc0dc-d354-4607-bf5d-9663d8ffcb63;2;1
89445138-5c25-4e59-a93d-e6ceb241af1f;75669d9e-deb8-4a01-8f82-efcafd8e3cad;2;0
89445138-5c25-4e59-a93d-e6ceb241af1f;214de929-fd81-4d39-9c4a-8833663e4fe1;2;2
89445138-5c25-4e59-a93d-e6ceb241af1f;0aa2ebcd-70de-412a-9441-b8b8075500f9;0;2
89445138-5c25-4e59-a93d-e6ceb241af1f;3bce09a8-fe18-493f-bba3-75b418219afc;2;3
89445138-5c25-4e59-a93d-e6ceb241af1f;c69858fe-95a6-4da7-b0ed-a1c58b2d06b3;2;2
1a1afdd3-173d-460f-a194-a7f68a788b8b;00804107-d265-4ce0-8fa0-ddbe68e8163d;1;0
1a1afdd3-173d-460f-a194-a7f68a788b8b;eeb974eb-67fc-4260-a4ea-0a9450cd4bc7;0;1
1a1afdd3-173d-460f-a194-a7f68a788b8b;51f0ff44-15d4-4669-a082-050405194406;2;1
1a1afdd3-173d-460f-a194-a7f68a788b8b;e5044fff-3542-4b24-9331-b3c3bd84692d;2;0
1a1afdd3-173d-460f-a194-a7f68a788b8b;f2e46b5c-6866-492b-b8b3-f6cae34f7ec7;0;1
1a1afdd3-173d-460f-a194-a7f68a788b8b;f0e9ba93-8a74-429c-be82-31adef64970b;1;1
1a1afdd3-173d-460f-a194-a7f68a788b8b;2c237b79-380c-4474-b377-275e67b9c3a4;2;0
1a1afdd3-173d-460f-a194-a7f68a788b8b;1dc15474-5c90-41fd-833a-5bf953fc1a62;0;2
1a1afdd3-173d-460f-a194-a7f68a788b8b;ed124ab7-1f57-4c61-ae5b-85f327355a54;1;1
1a1afdd3-173d-460f-a194-a7f68a788b8b;bed268f0-cf7e-405c-a096-7cf8a582c7e2;3;1
1a1afdd3-173d-460f-a194-a7f68a788b8b;b6ed7065-a307-4e7d-b9f8-f454cdbdf5a8;1;1
1a1afdd3-173d-460f-a194-a7f68a788b8b;72b48638-ef0f-4645-92c8-51ec6218ed9a;1;1
1a1afdd3-173d-460f-a194-a7f68a788b8b;c6d40e5f-a57d-49c7-8a85-c6524e5629b6;2;1
1a1afdd3-173d-460f-a194-a7f68a788b8b;02f0c2c3-b0ec-4dc8-9286-274dc62d85b7;0;2
1a1afdd3-173d-460f-a194-a7f68a788b8b;46507557-7c9f-4c02-a1a1-6e23f971e923;1;2
1a1afdd3-173d-460f-a194-a7f68a788b8b;3e2e3c77-f016-493b-bf16-07e31fe91466;3;0
1a1afdd3-173d-460f-a194-a7f68a788b8b;558195d2-5afb-439d-b3ff-bd8aaa0d05ad;0;2
1a1afdd3-173d-460f-a194-a7f68a788b8b;790cc44b-d80a-4fa0-9dff-60a47c367dcc;2;0
1a1afdd3-173d-460f-a194-a7f68a788b8b;d15617ab-21a0-4233-b0c7-d81e9c4fe168;2;1
1a1afdd3-173d-460f-a194-a7f68a788b8b;8d6f9e88-4f45-4613-bed8-1104fed67e81;1;1
1a1afdd3-173d-460f-a194-a7f68a788b8b;38e77705-c9dd-4340-b07b-1a602079c785;2;0
1a1afdd3-173d-460f-a194-a7f68a788b8b;7029238d-800f-474c-a1a1-6e39f6426826;1;1
1a1afdd3-173d-460f-a194-a7f68a788b8b;b9fe6496-64c2-44a6-9e68-7faa1dbabf94;1;1
1a1afdd3-173d-460f-a194-a7f68a788b8b;e7c8da36-b6ff-47fa-9904-06af82e7ade4;2;1
1a1afdd3-173d-460f-a194-a7f68a788b8b;35f389be-886f-421b-a0da-6244a230cfc3;4;0
1a1afdd3-173d-460f-a194-a7f68a788b8b;9976821a-b7c4-45e4-90e1-4718a8ea498d;1;2
1a1afdd3-173d-460f-a194-a7f68a788b8b;4a3ff2cf-924a-40b2-8540-6213eacd2460;3;1
1a1afdd3-173d-460f-a194-a7f68a788b8b;bc757dba-eae9-449c-8986-3a7423db361b;2;0
1a1afdd3-173d-460f-a194-a7f68a788b8b;4a6a222f-45d8-46dc-a479-9e2862c5ec04;0;2
1a1afdd3-173d-460f-a194-a7f68a788b8b;ac7f16c1-b9ac-4471-bbc1-d224f3dea0eb;0;2
1a1afdd3-173d-460f-a194-a7f68a788b8b;720ea640-677c-40ea-b0f0-2349c14f43e9;2;1
1a1afdd3-173d-460f-a194-a7f68a788b8b;221524df-de81-4c62-b5fc-07692a7a6701;2;0
1a1afdd3-173d-460f-a194-a7f68a788b8b;7401aacf-a513-4899-add1-9020af17c085;2;1
1a1afdd3-173d-460f-a194-a7f68a788b8b;eb71238e-8f11-4b6c-b3d8-4f073dde25cb;0;1
1a1afdd3-173d-460f-a194-a7f68a788b8b;15ccd2e2-ff62-44af-9cdc-4ba734802b4c;0;1
1a1afdd3-173d-460f-a194-a7f68a788b8b;b89d061b-211b-468d-8df1-00be0ad11e3b;1;2
1a1afdd3-173d-460f-a194-a7f68a788b8b;cc216780-5af6-48e5-ba90-40b2b5095f6f;2;0
1a1afdd3-173d-460f-a194-a7f68a788b8b;23c37287-e2a9-46bd-8462-d93e552f7f02;0;1
1a1afdd3-173d-460f-a194-a7f68a788b8b;d1baa0fe-6f5b-4c77-ab18-cf3879a35202;2;0
1a1afdd3-173d-460f-a194-a7f68a788b8b;48233635-63c8-4c8e-9e24-f5fea034d578;0;2
1a1afdd3-173d-460f-a194-a7f68a788b8b;a0ed30bf-d2ba-4f20-b3ff-9235725a2828;1;1
1a1afdd3-173d-460f-a194-a7f68a788b8b;dbe94e5e-1ac1-483b-b3e3-b1837bd07b69;1;0
1a1afdd3-173d-460f-a194-a7f68a788b8b;b4c8645f-7fda-4983-9b85-79c70621e255;3;0
1a1afdd3-173d-460f-a194-a7f68a788b8b;fbafc025-bbef-4e8f-8c24-3168b7c94609;0;2
1a1afdd3-173d-460f-a194-a7f68a788b8b;577621d7-41f9-42e9-bc72-7cd5eb642329;3;0
1a1afdd3-173d-460f-a194-a7f68a788b8b;2e780d25-f1f5-4e6b-bed3-a2c17e245885;3;0
1a1afdd3-173d-460f-a194-a7f68a788b8b;c9bb33fd-91e7-4fba-b13a-32c8f574bac9;1;2
1a1afdd3-173d-460f-a194-a7f68a788b8b;4ed786d2-f903-4cfc-8bad-0b1c03757811;1;1
1a1afdd3-173d-460f-a194-a7f68a788b8b;ec8fa0cd-da44-4bb1-8124-94c0f54837cf;2;0
1a1afdd3-173d-460f-a194-a7f68a788b8b;4fbf144a-faa9-4928-aa94-424246daf5c2;0;2
1a1afdd3-173d-460f-a194-a7f68a788b8b;aefa3302-baf2-4aa1-84f3-c1b37212b1fd;2;0
1a1afdd3-173d-460f-a194-a7f68a788b8b;ffa9e78d-d28b-4f50-8147-10d459414ece;1;1
1a1afdd3-173d-460f-a194-a7f68a788b8b;e234852c-1749-439a-81a0-9714c2de6884;0;2
1a1afdd3-173d-460f-a194-a7f68a788b8b;617b2750-c295-4c2c-8947-16e4dfe3e4c3;2;0
1a1afdd3-173d-460f-a194-a7f68a788b8b;1af918bd-ec32-4802-bad5-4f631af54133;3;0
1a1afdd3-173d-460f-a194-a7f68a788b8b;84295db2-1e91-48de-9c8c-da77f961b366;2;0
1a1afdd3-173d-460f-a194-a7f68a788b8b;63ca3b21-8ae6-4694-b5d9-847f594847ca;2;1
1a1afdd3-173d-460f-a194-a7f68a788b8b;b16dc9f2-3dd6-4477-950f-33306996710f;0;2
1a1afdd3-173d-460f-a194-a7f68a788b8b;417bb761-fee7-4064-91c1-c0ac7f067f27;0;3
1a1afdd3-173d-460f-a194-a7f68a788b8b;39a3507d-d9d6-496f-b1d2-1b17699bdcff;1;1
1a1afdd3-173d-460f-a194-a7f68a788b8b;c5b846f6-0e5f-488f-8db9-903cf600effb;2;0
1a1afdd3-173d-460f-a194-a7f68a788b8b;05922653-dbb1-4d88-9481-81d45a2a89d4;0;2
1a1afdd3-173d-460f-a194-a7f68a788b8b;99412f67-a0f5-4a96-a16c-8d79249bbfef;1;0
1a1afdd3-173d-460f-a194-a7f68a788b8b;fc1a59d4-4b43-412c-a8cf-df27888531b1;1;0
1a1afdd3-173d-460f-a194-a7f68a788b8b;0a1b2929-b031-4c05-9f44-eb05cc63e024;0;1
1a1afdd3-173d-460f-a194-a7f68a788b8b;9fa9c061-bbc6-494a-a0b1-3b04e740478e;1;1
1a1afdd3-173d-460f-a194-a7f68a788b8b;c4fdc0dc-d354-4607-bf5d-9663d8ffcb63;1;0
1a1afdd3-173d-460f-a194-a7f68a788b8b;75669d9e-deb8-4a01-8f82-efcafd8e3cad;1;0
1a1afdd3-173d-460f-a194-a7f68a788b8b;214de929-fd81-4d39-9c4a-8833663e4fe1;2;0
1a1afdd3-173d-460f-a194-a7f68a788b8b;0aa2ebcd-70de-412a-9441-b8b8075500f9;0;2
1a1afdd3-173d-460f-a194-a7f68a788b8b;3bce09a8-fe18-493f-bba3-75b418219afc;0;1
1a1afdd3-173d-460f-a194-a7f68a788b8b;c69858fe-95a6-4da7-b0ed-a1c58b2d06b3;2;1
81c81aba-1424-49e5-8321-030eeb71513d;00804107-d265-4ce0-8fa0-ddbe68e8163d;2;0
81c81aba-1424-49e5-8321-030eeb71513d;eeb974eb-67fc-4260-a4ea-0a9450cd4bc7;0;1
81c81aba-1424-49e5-8321-030eeb71513d;51f0ff44-15d4-4669-a082-050405194406;1;1
81c81aba-1424-49e5-8321-030eeb71513d;e5044fff-3542-4b24-9331-b3c3bd84692d;2;0
81c81aba-1424-49e5-8321-030eeb71513d;f2e46b5c-6866-492b-b8b3-f6cae34f7ec7;0;1
81c81aba-1424-49e5-8321-030eeb71513d;f0e9ba93-8a74-429c-be82-31adef64970b;1;2
81c81aba-1424-49e5-8321-030eeb71513d;2c237b79-380c-4474-b377-275e67b9c3a4;2;0
81c81aba-1424-49e5-8321-030eeb71513d;1dc15474-5c90-41fd-833a-5bf953fc1a62;0;2
81c81aba-1424-49e5-8321-030eeb71513d;ed124ab7-1f57-4c61-ae5b-85f327355a54;2;0
81c81aba-1424-49e5-8321-030eeb71513d;bed268f0-cf7e-405c-a096-7cf8a582c7e2;2;0
81c81aba-1424-49e5-8321-030eeb71513d;b6ed7065-a307-4e7d-b9f8-f454cdbdf5a8;1;1
81c81aba-1424-49e5-8321-030eeb71513d;72b48638-ef0f-4645-92c8-51ec6218ed9a;0;1
81c81aba-1424-49e5-8321-030eeb71513d;c6d40e5f-a57d-49c7-8a85-c6524e5629b6;3;0
81c81aba-1424-49e5-8321-030eeb71513d;02f0c2c3-b0ec-4dc8-9286-274dc62d85b7;0;2
81c81aba-1424-49e5-8321-030eeb71513d;46507557-7c9f-4c02-a1a1-6e23f971e923;0;1
81c81aba-1424-49e5-8321-030eeb71513d;3e2e3c77-f016-493b-bf16-07e31fe91466;3;0
81c81aba-1424-49e5-8321-030eeb71513d;558195d2-5afb-439d-b3ff-bd8aaa0d05ad;1;3
81c81aba-1424-49e5-8321-030eeb71513d;790cc44b-d80a-4fa0-9dff-60a47c367dcc;2;0
81c81aba-1424-49e5-8321-030eeb71513d;d15617ab-21a0-4233-b0c7-d81e9c4fe168;2;1
81c81aba-1424-49e5-8321-030eeb71513d;8d6f9e88-4f45-4613-bed8-1104fed67e81;1;2
81c81aba-1424-49e5-8321-030eeb71513d;38e77705-c9dd-4340-b07b-1a602079c785;2;1
81c81aba-1424-49e5-8321-030eeb71513d;7029238d-800f-474c-a1a1-6e39f6426826;3;1
81c81aba-1424-49e5-8321-030eeb71513d;b9fe6496-64c2-44a6-9e68-7faa1dbabf94;1;1
81c81aba-1424-49e5-8321-030eeb71513d;e7c8da36-b6ff-47fa-9904-06af82e7ade4;2;1
81c81aba-1424-49e5-8321-030eeb71513d;35f389be-886f-421b-a0da-6244a230cfc3;4;0
81c81aba-1424-49e5-8321-030eeb71513d;9976821a-b7c4-45e4-90e1-4718a8ea498d;2;1
81c81aba-1424-49e5-8321-030eeb71513d;4a3ff2cf-924a-40b2-8540-6213eacd2460;2;1
81c81aba-1424-49e5-8321-030eeb71513d;bc757dba-eae9-449c-8986-3a7423db361b;2;0
81c81aba-1424-49e5-8321-030eeb71513d;4a6a222f-45d8-46dc-a479-9e2862c5ec04;0;2
81c81aba-1424-49e5-8321-030eeb71513d;ac7f16c1-b9ac-4471-bbc1-d224f3dea0eb;0;2
81c81aba-1424-49e5-8321-030eeb71513d;720ea640-677c-40ea-b0f0-2349c14f43e9;2;1
81c81aba-1424-49e5-8321-030eeb71513d;221524df-de81-4c62-b5fc-07692a7a6701;2;0
81c81aba-1424-49e5-8321-030eeb71513d;7401aacf-a513-4899-add1-9020af17c085;1;1
81c81aba-1424-49e5-8321-030eeb71513d;eb71238e-8f11-4b6c-b3d8-4f073dde25cb;0;2
81c81aba-1424-49e5-8321-030eeb71513d;15ccd2e2-ff62-44af-9cdc-4ba734802b4c;0;2
81c81aba-1424-49e5-8321-030eeb71513d;b89d061b-211b-468d-8df1-00be0ad11e3b;1;1
81c81aba-1424-49e5-8321-030eeb71513d;cc216780-5af6-48e5-ba90-40b2b5095f6f;2;1
81c81aba-1424-49e5-8321-030eeb71513d;23c37287-e2a9-46bd-8462-d93e552f7f02;0;1
81c81aba-1424-49e5-8321-030eeb71513d;d1baa0fe-6f5b-4c77-ab18-cf3879a35202;2;0
81c81aba-1424-49e5-8321-030eeb71513d;48233635-63c8-4c8e-9e24-f5fea034d578;0;1
81c81aba-1424-49e5-8321-030eeb71513d;a0ed30bf-d2ba-4f20-b3ff-9235725a2828;1;2
81c81aba-1424-49e5-8321-030eeb71513d;dbe94e5e-1ac1-483b-b3e3-b1837bd07b69;1;0
81c81aba-1424-49e5-8321-030eeb71513d;b4c8645f-7fda-4983-9b85-79c70621e255;4;0
81c81aba-1424-49e5-8321-030eeb71513d;fbafc025-bbef-4e8f-8c24-3168b7c94609;0;2
81c81aba-1424-49e5-8321-030eeb71513d;577621d7-41f9-42e9-bc72-7cd5eb642329;3;0
81c81aba-1424-49e5-8321-030eeb71513d;2e780d25-f1f5-4e6b-bed3-a2c17e245885;2;0
81c81aba-1424-49e5-8321-030eeb71513d;c9bb33fd-91e7-4fba-b13a-32c8f574bac9;1;2
81c81aba-1424-49e5-8321-030eeb71513d;4ed786d2-f903-4cfc-8bad-0b1c03757811;1;1
81c81aba-1424-49e5-8321-030eeb71513d;ec8fa0cd-da44-4bb1-8124-94c0f54837cf;2;1
81c81aba-1424-49e5-8321-030eeb71513d;4fbf144a-faa9-4928-aa94-424246daf5c2;1;3
81c81aba-1424-49e5-8321-030eeb71513d;aefa3302-baf2-4aa1-84f3-c1b37212b1fd;2;0
81c81aba-1424-49e5-8321-030eeb71513d;ffa9e78d-d28b-4f50-8147-10d459414ece;2;2
81c81aba-1424-49e5-8321-030eeb71513d;e234852c-1749-439a-81a0-9714c2de6884;2;2
81c81aba-1424-49e5-8321-030eeb71513d;617b2750-c295-4c2c-8947-16e4dfe3e4c3;2;0
81c81aba-1424-49e5-8321-030eeb71513d;1af918bd-ec32-4802-bad5-4f631af54133;2;0
81c81aba-1424-49e5-8321-030eeb71513d;84295db2-1e91-48de-9c8c-da77f961b366;1;0
81c81aba-1424-49e5-8321-030eeb71513d;63ca3b21-8ae6-4694-b5d9-847f594847ca;2;0
81c81aba-1424-49e5-8321-030eeb71513d;b16dc9f2-3dd6-4477-950f-33306996710f;0;2
81c81aba-1424-49e5-8321-030eeb71513d;417bb761-fee7-4064-91c1-c0ac7f067f27;0;3
81c81aba-1424-49e5-8321-030eeb71513d;39a3507d-d9d6-496f-b1d2-1b17699bdcff;1;1
81c81aba-1424-49e5-8321-030eeb71513d;c5b846f6-0e5f-488f-8db9-903cf600effb;2;0
81c81aba-1424-49e5-8321-030eeb71513d;05922653-dbb1-4d88-9481-81d45a2a89d4;0;2
81c81aba-1424-49e5-8321-030eeb71513d;99412f67-a0f5-4a96-a16c-8d79249bbfef;2;0
81c81aba-1424-49e5-8321-030eeb71513d;fc1a59d4-4b43-412c-a8cf-df27888531b1;2;0
81c81aba-1424-49e5-8321-030eeb71513d;0a1b2929-b031-4c05-9f44-eb05cc63e024;0;0
81c81aba-1424-49e5-8321-030eeb71513d;9fa9c061-bbc6-494a-a0b1-3b04e740478e;1;1
81c81aba-1424-49e5-8321-030eeb71513d;c4fdc0dc-d354-4607-bf5d-9663d8ffcb63;2;1
81c81aba-1424-49e5-8321-030eeb71513d;75669d9e-deb8-4a01-8f82-efcafd8e3cad;2;1
81c81aba-1424-49e5-8321-030eeb71513d;214de929-fd81-4d39-9c4a-8833663e4fe1;2;0
81c81aba-1424-49e5-8321-030eeb71513d;0aa2ebcd-70de-412a-9441-b8b8075500f9;0;2
81c81aba-1424-49e5-8321-030eeb71513d;3bce09a8-fe18-493f-bba3-75b418219afc;0;2
81c81aba-1424-49e5-8321-030eeb71513d;c69858fe-95a6-4da7-b0ed-a1c58b2d06b3;1;0
470f3672-c4e6-408e-b7c7-928fee12ddd5;00804107-d265-4ce0-8fa0-ddbe68e8163d;2;1
470f3672-c4e6-408e-b7c7-928fee12ddd5;eeb974eb-67fc-4260-a4ea-0a9450cd4bc7;1;3
470f3672-c4e6-408e-b7c7-928fee12ddd5;51f0ff44-15d4-4669-a082-050405194406;2;2
470f3672-c4e6-408e-b7c7-928fee12ddd5;e5044fff-3542-4b24-9331-b3c3bd84692d;2;1
470f3672-c4e6-408e-b7c7-928fee12ddd5;f2e46b5c-6866-492b-b8b3-f6cae34f7ec7;0;0
470f3672-c4e6-408e-b7c7-928fee12ddd5;f0e9ba93-8a74-429c-be82-31adef64970b;2;3
470f3672-c4e6-408e-b7c7-928fee12ddd5;2c237b79-380c-4474-b377-275e67b9c3a4;1;2
470f3672-c4e6-408e-b7c7-928fee12ddd5;1dc15474-5c90-41fd-833a-5bf953fc1a62;1;3
470f3672-c4e6-408e-b7c7-928fee12ddd5;ed124ab7-1f57-4c61-ae5b-85f327355a54;2;1
470f3672-c4e6-408e-b7c7-928fee12ddd5;bed268f0-cf7e-405c-a096-7cf8a582c7e2;2;1
470f3672-c4e6-408e-b7c7-928fee12ddd5;b6ed7065-a307-4e7d-b9f8-f454cdbdf5a8;3;0
470f3672-c4e6-408e-b7c7-928fee12ddd5;72b48638-ef0f-4645-92c8-51ec6218ed9a;2;0
470f3672-c4e6-408e-b7c7-928fee12ddd5;c6d40e5f-a57d-49c7-8a85-c6524e5629b6;2;1
470f3672-c4e6-408e-b7c7-928fee12ddd5;02f0c2c3-b0ec-4dc8-9286-274dc62d85b7;0;4
470f3672-c4e6-408e-b7c7-928fee12ddd5;46507557-7c9f-4c02-a1a1-6e23f971e923;2;2
470f3672-c4e6-408e-b7c7-928fee12ddd5;3e2e3c77-f016-493b-bf16-07e31fe91466;6;0
470f3672-c4e6-408e-b7c7-928fee12ddd5;558195d2-5afb-439d-b3ff-bd8aaa0d05ad;1;2
470f3672-c4e6-408e-b7c7-928fee12ddd5;790cc44b-d80a-4fa0-9dff-60a47c367dcc;4;1
470f3672-c4e6-408e-b7c7-928fee12ddd5;d15617ab-21a0-4233-b0c7-d81e9c4fe168;2;3
470f3672-c4e6-408e-b7c7-928fee12ddd5;8d6f9e88-4f45-4613-bed8-1104fed67e81;0;4
470f3672-c4e6-408e-b7c7-928fee12ddd5;38e77705-c9dd-4340-b07b-1a602079c785;4;1
470f3672-c4e6-408e-b7c7-928fee12ddd5;7029238d-800f-474c-a1a1-6e39f6426826;1;3
470f3672-c4e6-408e-b7c7-928fee12ddd5;b9fe6496-64c2-44a6-9e68-7faa1dbabf94;1;2
470f3672-c4e6-408e-b7c7-928fee12ddd5;e7c8da36-b6ff-47fa-9904-06af82e7ade4;5;0
470f3672-c4e6-408e-b7c7-928fee12ddd5;35f389be-886f-421b-a0da-6244a230cfc3;6;0
470f3672-c4e6-408e-b7c7-928fee12ddd5;9976821a-b7c4-45e4-90e1-4718a8ea498d;1;3
470f3672-c4e6-408e-b7c7-928fee12ddd5;4a3ff2cf-924a-40b2-8540-6213eacd2460;3;1
470f3672-c4e6-408e-b7c7-928fee12ddd5;bc757dba-eae9-449c-8986-3a7423db361b;5;1
470f3672-c4e6-408e-b7c7-928fee12ddd5;4a6a222f-45d8-46dc-a479-9e2862c5ec04;2;2
470f3672-c4e6-408e-b7c7-928fee12ddd5;ac7f16c1-b9ac-4471-bbc1-d224f3dea0eb;1;3
470f3672-c4e6-408e-b7c7-928fee12ddd5;720ea640-677c-40ea-b0f0-2349c14f43e9;2;1
470f3672-c4e6-408e-b7c7-928fee12ddd5;221524df-de81-4c62-b5fc-07692a7a6701;3;1
470f3672-c4e6-408e-b7c7-928fee12ddd5;7401aacf-a513-4899-add1-9020af17c085;2;2
470f3672-c4e6-408e-b7c7-928fee12ddd5;eb71238e-8f11-4b6c-b3d8-4f073dde25cb;0;3
470f3672-c4e6-408e-b7c7-928fee12ddd5;15ccd2e2-ff62-44af-9cdc-4ba734802b4c;0;4
470f3672-c4e6-408e-b7c7-928fee12ddd5;b89d061b-211b-468d-8df1-00be0ad11e3b;0;0
470f3672-c4e6-408e-b7c7-928fee12ddd5;cc216780-5af6-48e5-ba90-40b2b5095f6f;2;2
470f3672-c4e6-408e-b7c7-928fee12ddd5;23c37287-e2a9-46bd-8462-d93e552f7f02;2;0
470f3672-c4e6-408e-b7c7-928fee12ddd5;d1baa0fe-6f5b-4c77-ab18-cf3879a35202;3;1
470f3672-c4e6-408e-b7c7-928fee12ddd5;48233635-63c8-4c8e-9e24-f5fea034d578;0;4
470f3672-c4e6-408e-b7c7-928fee12ddd5;a0ed30bf-d2ba-4f20-b3ff-9235725a2828;1;3
470f3672-c4e6-408e-b7c7-928fee12ddd5;dbe94e5e-1ac1-483b-b3e3-b1837bd07b69;1;1
470f3672-c4e6-408e-b7c7-928fee12ddd5;b4c8645f-7fda-4983-9b85-79c70621e255;4;1
470f3672-c4e6-408e-b7c7-928fee12ddd5;fbafc025-bbef-4e8f-8c24-3168b7c94609;1;3
470f3672-c4e6-408e-b7c7-928fee12ddd5;577621d7-41f9-42e9-bc72-7cd5eb642329;3;1
470f3672-c4e6-408e-b7c7-928fee12ddd5;2e780d25-f1f5-4e6b-bed3-a2c17e245885;4;0
470f3672-c4e6-408e-b7c7-928fee12ddd5;c9bb33fd-91e7-4fba-b13a-32c8f574bac9;2;2
470f3672-c4e6-408e-b7c7-928fee12ddd5;4ed786d2-f903-4cfc-8bad-0b1c03757811;1;2
470f3672-c4e6-408e-b7c7-928fee12ddd5;ec8fa0cd-da44-4bb1-8124-94c0f54837cf;4;1
470f3672-c4e6-408e-b7c7-928fee12ddd5;4fbf144a-faa9-4928-aa94-424246daf5c2;1;2
470f3672-c4e6-408e-b7c7-928fee12ddd5;aefa3302-baf2-4aa1-84f3-c1b37212b1fd;3;0
470f3672-c4e6-408e-b7c7-928fee12ddd5;ffa9e78d-d28b-4f50-8147-10d459414ece;1;2
470f3672-c4e6-408e-b7c7-928fee12ddd5;e234852c-1749-439a-81a0-9714c2de6884;0;3
470f3672-c4e6-408e-b7c7-928fee12ddd5;617b2750-c295-4c2c-8947-16e4dfe3e4c3;2;0
470f3672-c4e6-408e-b7c7-928fee12ddd5;1af918bd-ec32-4802-bad5-4f631af54133;3;1
470f3672-c4e6-408e-b7c7-928fee12ddd5;84295db2-1e91-48de-9c8c-da77f961b366;2;0
470f3672-c4e6-408e-b7c7-928fee12ddd5;63ca3b21-8ae6-4694-b5d9-847f594847ca;4;1
470f3672-c4e6-408e-b7c7-928fee12ddd5;b16dc9f2-3dd6-4477-950f-33306996710f;1;3
470f3672-c4e6-408e-b7c7-928fee12ddd5;417bb761-fee7-4064-91c1-c0ac7f067f27;0;3
470f3672-c4e6-408e-b7c7-928fee12ddd5;39a3507d-d9d6-496f-b1d2-1b17699bdcff;0;2
470f3672-c4e6-408e-b7c7-928fee12ddd5;c5b846f6-0e5f-488f-8db9-903cf600effb;3;1
470f3672-c4e6-408e-b7c7-928fee12ddd5;05922653-dbb1-4d88-9481-81d45a2a89d4;0;3
470f3672-c4e6-408e-b7c7-928fee12ddd5;99412f67-a0f5-4a96-a16c-8d79249bbfef;4;1
470f3672-c4e6-408e-b7c7-928fee12ddd5;fc1a59d4-4b43-412c-a8cf-df27888531b1;3;0
470f3672-c4e6-408e-b7c7-928fee12ddd5;0a1b2929-b031-4c05-9f44-eb05cc63e024;2;3
470f3672-c4e6-408e-b7c7-928fee12ddd5;9fa9c061-bbc6-494a-a0b1-3b04e740478e;1;0
470f3672-c4e6-408e-b7c7-928fee12ddd5;c4fdc0dc-d354-4607-bf5d-9663d8ffcb63;2;1
470f3672-c4e6-408e-b7c7-928fee12ddd5;75669d9e-deb8-4a01-8f82-efcafd8e3cad;4;1
470f3672-c4e6-408e-b7c7-928fee12ddd5;214de929-fd81-4d39-9c4a-8833663e4fe1;4;0
470f3672-c4e6-408e-b7c7-928fee12ddd5;0aa2ebcd-70de-412a-9441-b8b8075500f9;0;3
470f3672-c4e6-408e-b7c7-928fee12ddd5;3bce09a8-fe18-493f-bba3-75b418219afc;0;4
470f3672-c4e6-408e-b7c7-928fee12ddd5;c69858fe-95a6-4da7-b0ed-a1c58b2d06b3;2;1
f8c152c3-67af-40cd-8ed8-8c4093b66974;00804107-d265-4ce0-8fa0-ddbe68e8163d;2;1
f8c152c3-67af-40cd-8ed8-8c4093b66974;eeb974eb-67fc-4260-a4ea-0a9450cd4bc7;1;3
f8c152c3-67af-40cd-8ed8-8c4093b66974;51f0ff44-15d4-4669-a082-050405194406;2;0
f8c152c3-67af-40cd-8ed8-8c4093b66974;e5044fff-3542-4b24-9331-b3c3bd84692d;2;1
f8c152c3-67af-40cd-8ed8-8c4093b66974;f2e46b5c-6866-492b-b8b3-f6cae34f7ec7;2;2
f8c152c3-67af-40cd-8ed8-8c4093b66974;f0e9ba93-8a74-429c-be82-31adef64970b;3;1
f8c152c3-67af-40cd-8ed8-8c4093b66974;2c237b79-380c-4474-b377-275e67b9c3a4;2;2
f8c152c3-67af-40cd-8ed8-8c4093b66974;1dc15474-5c90-41fd-833a-5bf953fc1a62;1;3
f8c152c3-67af-40cd-8ed8-8c4093b66974;ed124ab7-1f57-4c61-ae5b-85f327355a54;3;0
f8c152c3-67af-40cd-8ed8-8c4093b66974;bed268f0-cf7e-405c-a096-7cf8a582c7e2;1;3
f8c152c3-67af-40cd-8ed8-8c4093b66974;b6ed7065-a307-4e7d-b9f8-f454cdbdf5a8;3;1
f8c152c3-67af-40cd-8ed8-8c4093b66974;72b48638-ef0f-4645-92c8-51ec6218ed9a;1;2
f8c152c3-67af-40cd-8ed8-8c4093b66974;c6d40e5f-a57d-49c7-8a85-c6524e5629b6;3;1
f8c152c3-67af-40cd-8ed8-8c4093b66974;02f0c2c3-b0ec-4dc8-9286-274dc62d85b7;0;4
f8c152c3-67af-40cd-8ed8-8c4093b66974;46507557-7c9f-4c02-a1a1-6e23f971e923;2;2
f8c152c3-67af-40cd-8ed8-8c4093b66974;3e2e3c77-f016-493b-bf16-07e31fe91466;6;0
f8c152c3-67af-40cd-8ed8-8c4093b66974;558195d2-5afb-439d-b3ff-bd8aaa0d05ad;2;3
f8c152c3-67af-40cd-8ed8-8c4093b66974;790cc44b-d80a-4fa0-9dff-60a47c367dcc;5;0
f8c152c3-67af-40cd-8ed8-8c4093b66974;d15617ab-21a0-4233-b0c7-d81e9c4fe168;3;1
f8c152c3-67af-40cd-8ed8-8c4093b66974;8d6f9e88-4f45-4613-bed8-1104fed67e81;2;2
f8c152c3-67af-40cd-8ed8-8c4093b66974;38e77705-c9dd-4340-b07b-1a602079c785;3;1
f8c152c3-67af-40cd-8ed8-8c4093b66974;7029238d-800f-474c-a1a1-6e39f6426826;1;3
f8c152c3-67af-40cd-8ed8-8c4093b66974;b9fe6496-64c2-44a6-9e68-7faa1dbabf94;0;2
f8c152c3-67af-40cd-8ed8-8c4093b66974;e7c8da36-b6ff-47fa-9904-06af82e7ade4;2;2
f8c152c3-67af-40cd-8ed8-8c4093b66974;35f389be-886f-421b-a0da-6244a230cfc3;7;0
f8c152c3-67af-40cd-8ed8-8c4093b66974;9976821a-b7c4-45e4-90e1-4718a8ea498d;2;2
f8c152c3-67af-40cd-8ed8-8c4093b66974;4a3ff2cf-924a-40b2-8540-6213eacd2460;4;2
f8c152c3-67af-40cd-8ed8-8c4093b66974;bc757dba-eae9-449c-8986-3a7423db361b;4;0
f8c152c3-67af-40cd-8ed8-8c4093b66974;4a6a222f-45d8-46dc-a479-9e2862c5ec04;0;4
f8c152c3-67af-40cd-8ed8-8c4093b66974;ac7f16c1-b9ac-4471-bbc1-d224f3dea0eb;0;4
f8c152c3-67af-40cd-8ed8-8c4093b66974;720ea640-677c-40ea-b0f0-2349c14f43e9;2;0
f8c152c3-67af-40cd-8ed8-8c4093b66974;221524df-de81-4c62-b5fc-07692a7a6701;2;1
f8c152c3-67af-40cd-8ed8-8c4093b66974;7401aacf-a513-4899-add1-9020af17c085;2;1
f8c152c3-67af-40cd-8ed8-8c4093b66974;eb71238e-8f11-4b6c-b3d8-4f073dde25cb;1;3
f8c152c3-67af-40cd-8ed8-8c4093b66974;15ccd2e2-ff62-44af-9cdc-4ba734802b4c;1;3
f8c152c3-67af-40cd-8ed8-8c4093b66974;b89d061b-211b-468d-8df1-00be0ad11e3b;2;2
f8c152c3-67af-40cd-8ed8-8c4093b66974;cc216780-5af6-48e5-ba90-40b2b5095f6f;4;1
f8c152c3-67af-40cd-8ed8-8c4093b66974;23c37287-e2a9-46bd-8462-d93e552f7f02;2;1
f8c152c3-67af-40cd-8ed8-8c4093b66974;d1baa0fe-6f5b-4c77-ab18-cf3879a35202;4;0
f8c152c3-67af-40cd-8ed8-8c4093b66974;48233635-63c8-4c8e-9e24-f5fea034d578;1;2
f8c152c3-67af-40cd-8ed8-8c4093b66974;a0ed30bf-d2ba-4f20-b3ff-9235725a2828;0;4
f8c152c3-67af-40cd-8ed8-8c4093b66974;dbe94e5e-1ac1-483b-b3e3-b1837bd07b69;1;2
f8c152c3-67af-40cd-8ed8-8c4093b66974;b4c8645f-7fda-4983-9b85-79c70621e255;6;0
f8c152c3-67af-40cd-8ed8-8c4093b66974;fbafc025-bbef-4e8f-8c24-3168b7c94609;1;2
f8c152c3-67af-40cd-8ed8-8c4093b66974;577621d7-41f9-42e9-bc72-7cd5eb642329;5;0
f8c152c3-67af-40cd-8ed8-8c4093b66974;2e780d25-f1f5-4e6b-bed3-a2c17e245885;3;0
f8c152c3-67af-40cd-8ed8-8c4093b66974;c9bb33fd-91e7-4fba-b13a-32c8f574bac9;0;3
f8c152c3-67af-40cd-8ed8-8c4093b66974;4ed786d2-f903-4cfc-8bad-0b1c03757811;0;3
f8c152c3-67af-40cd-8ed8-8c4093b66974;ec8fa0cd-da44-4bb1-8124-94c0f54837cf;4;0
f8c152c3-67af-40cd-8ed8-8c4093b66974;4fbf144a-faa9-4928-aa94-424246daf5c2;1;3
f8c152c3-67af-40cd-8ed8-8c4093b66974;aefa3302-baf2-4aa1-84f3-c1b37212b1fd;5;0
f8c152c3-67af-40cd-8ed8-8c4093b66974;ffa9e78d-d28b-4f50-8147-10d459414ece;2;1
f8c152c3-67af-40cd-8ed8-8c4093b66974;e234852c-1749-439a-81a0-9714c2de6884;1;3
f8c152c3-67af-40cd-8ed8-8c4093b66974;617b2750-c295-4c2c-8947-16e4dfe3e4c3;3;1
f8c152c3-67af-40cd-8ed8-8c4093b66974;1af918bd-ec32-4802-bad5-4f631af54133;3;0
f8c152c3-67af-40cd-8ed8-8c4093b66974;84295db2-1e91-48de-9c8c-da77f961b366;3;0
f8c152c3-67af-40cd-8ed8-8c4093b66974;63ca3b21-8ae6-4694-b5d9-847f594847ca;2;1
f8c152c3-67af-40cd-8ed8-8c4093b66974;b16dc9f2-3dd6-4477-950f-33306996710f;0;2
f8c152c3-67af-40cd-8ed8-8c4093b66974;417bb761-fee7-4064-91c1-c0ac7f067f27;0;4
f8c152c3-67af-40cd-8ed8-8c4093b66974;39a3507d-d9d6-496f-b1d2-1b17699bdcff;1;2
f8c152c3-67af-40cd-8ed8-8c4093b66974;c5b846f6-0e5f-488f-8db9-903cf600effb;5;0
f8c152c3-67af-40cd-8ed8-8c4093b66974;05922653-dbb1-4d88-9481-81d45a2a89d4;0;4
f8c152c3-67af-40cd-8ed8-8c4093b66974;99412f67-a0f5-4a96-a16c-8d79249bbfef;6;0
f8c152c3-67af-40cd-8ed8-8c4093b66974;fc1a59d4-4b43-412c-a8cf-df27888531b1;5;0
f8c152c3-67af-40cd-8ed8-8c4093b66974;0a1b2929-b031-4c05-9f44-eb05cc63e024;1;3
f8c152c3-67af-40cd-8ed8-8c4093b66974;9fa9c061-bbc6-494a-a0b1-3b04e740478e;2;2
f8c152c3-67af-40cd-8ed8-8c4093b66974;c4fdc0dc-d354-4607-bf5d-9663d8ffcb63;2;2
f8c152c3-67af-40cd-8ed8-8c4093b66974;75669d9e-deb8-4a01-8f82-efcafd8e3cad;2;0
f8c152c3-67af-40cd-8ed8-8c4093b66974;214de929-fd81-4d39-9c4a-8833663e4fe1;3;0
f8c152c3-67af-40cd-8ed8-8c4093b66974;0aa2ebcd-70de-412a-9441-b8b8075500f9;0;3
f8c152c3-67af-40cd-8ed8-8c4093b66974;3bce09a8-fe18-493f-bba3-75b418219afc;0;4
f8c152c3-67af-40cd-8ed8-8c4093b66974;c69858fe-95a6-4da7-b0ed-a1c58b2d06b3;3;1
e9a92fec-c860-4dc8-86ce-1622de1d64a5;00804107-d265-4ce0-8fa0-ddbe68e8163d;3;0
e9a92fec-c860-4dc8-86ce-1622de1d64a5;eeb974eb-67fc-4260-a4ea-0a9450cd4bc7;2;2
e9a92fec-c860-4dc8-86ce-1622de1d64a5;51f0ff44-15d4-4669-a082-050405194406;3;2
e9a92fec-c860-4dc8-86ce-1622de1d64a5;e5044fff-3542-4b24-9331-b3c3bd84692d;2;0
e9a92fec-c860-4dc8-86ce-1622de1d64a5;f2e46b5c-6866-492b-b8b3-f6cae34f7ec7;1;2
e9a92fec-c860-4dc8-86ce-1622de1d64a5;f0e9ba93-8a74-429c-be82-31adef64970b;0;2
e9a92fec-c860-4dc8-86ce-1622de1d64a5;2c237b79-380c-4474-b377-275e67b9c3a4;2;1
e9a92fec-c860-4dc8-86ce-1622de1d64a5;1dc15474-5c90-41fd-833a-5bf953fc1a62;0;4
e9a92fec-c860-4dc8-86ce-1622de1d64a5;ed124ab7-1f57-4c61-ae5b-85f327355a54;3;1
e9a92fec-c860-4dc8-86ce-1622de1d64a5;bed268f0-cf7e-405c-a096-7cf8a582c7e2;4;1
e9a92fec-c860-4dc8-86ce-1622de1d64a5;b6ed7065-a307-4e7d-b9f8-f454cdbdf5a8;2;1
e9a92fec-c860-4dc8-86ce-1622de1d64a5;72b48638-ef0f-4645-92c8-51ec6218ed9a;3;1
e9a92fec-c860-4dc8-86ce-1622de1d64a5;c6d40e5f-a57d-49c7-8a85-c6524e5629b6;3;1
e9a92fec-c860-4dc8-86ce-1622de1d64a5;02f0c2c3-b0ec-4dc8-9286-274dc62d85b7;0;3
e9a92fec-c860-4dc8-86ce-1622de1d64a5;46507557-7c9f-4c02-a1a1-6e23f971e923;0;2
e9a92fec-c860-4dc8-86ce-1622de1d64a5;3e2e3c77-f016-493b-bf16-07e31fe91466;3;0
e9a92fec-c860-4dc8-86ce-1622de1d64a5;558195d2-5afb-439d-b3ff-bd8aaa0d05ad;1;2
e9a92fec-c860-4dc8-86ce-1622de1d64a5;790cc44b-d80a-4fa0-9dff-60a47c367dcc;3;1
e9a92fec-c860-4dc8-86ce-1622de1d64a5;d15617ab-21a0-4233-b0c7-d81e9c4fe168;2;1
e9a92fec-c860-4dc8-86ce-1622de1d64a5;8d6f9e88-4f45-4613-bed8-1104fed67e81;1;3
e9a92fec-c860-4dc8-86ce-1622de1d64a5;38e77705-c9dd-4340-b07b-1a602079c785;3;1
e9a92fec-c860-4dc8-86ce-1622de1d64a5;7029238d-800f-474c-a1a1-6e39f6426826;2;1
e9a92fec-c860-4dc8-86ce-1622de1d64a5;b9fe6496-64c2-44a6-9e68-7faa1dbabf94;2;2
e9a92fec-c860-4dc8-86ce-1622de1d64a5;e7c8da36-b6ff-47fa-9904-06af82e7ade4;2;1
e9a92fec-c860-4dc8-86ce-1622de1d64a5;35f389be-886f-421b-a0da-6244a230cfc3;4;0
e9a92fec-c860-4dc8-86ce-1622de1d64a5;9976821a-b7c4-45e4-90e1-4718a8ea498d;0;1
e9a92fec-c860-4dc8-86ce-1622de1d64a5;4a3ff2cf-924a-40b2-8540-6213eacd2460;3;1
e9a92fec-c860-4dc8-86ce-1622de1d64a5;bc757dba-eae9-449c-8986-3a7423db361b;2;1
e9a92fec-c860-4dc8-86ce-1622de1d64a5;4a6a222f-45d8-46dc-a479-9e2862c5ec04;2;3
e9a92fec-c860-4dc8-86ce-1622de1d64a5;ac7f16c1-b9ac-4471-bbc1-d224f3dea0eb;1;4
e9a92fec-c860-4dc8-86ce-1622de1d64a5;720ea640-677c-40ea-b0f0-2349c14f43e9;2;1
e9a92fec-c860-4dc8-86ce-1622de1d64a5;221524df-de81-4c62-b5fc-07692a7a6701;2;1
e9a92fec-c860-4dc8-86ce-1622de1d64a5;7401aacf-a513-4899-add1-9020af17c085;3;1
e9a92fec-c860-4dc8-86ce-1622de1d64a5;eb71238e-8f11-4b6c-b3d8-4f073dde25cb;2;3
e9a92fec-c860-4dc8-86ce-1622de1d64a5;15ccd2e2-ff62-44af-9cdc-4ba734802b4c;0;3
e9a92fec-c860-4dc8-86ce-1622de1d64a5;b89d061b-211b-468d-8df1-00be0ad11e3b;1;0
e9a92fec-c860-4dc8-86ce-1622de1d64a5;cc216780-5af6-48e5-ba90-40b2b5095f6f;3;2
e9a92fec-c860-4dc8-86ce-1622de1d64a5;23c37287-e2a9-46bd-8462-d93e552f7f02;3;2
e9a92fec-c860-4dc8-86ce-1622de1d64a5;d1baa0fe-6f5b-4c77-ab18-cf3879a35202;3;0
e9a92fec-c860-4dc8-86ce-1622de1d64a5;48233635-63c8-4c8e-9e24-f5fea034d578;0;3
e9a92fec-c860-4dc8-86ce-1622de1d64a5;a0ed30bf-d2ba-4f20-b3ff-9235725a2828;1;4
e9a92fec-c860-4dc8-86ce-1622de1d64a5;dbe94e5e-1ac1-483b-b3e3-b1837bd07b69;1;1
e9a92fec-c860-4dc8-86ce-1622de1d64a5;b4c8645f-7fda-4983-9b85-79c70621e255;4;0
e9a92fec-c860-4dc8-86ce-1622de1d64a5;fbafc025-bbef-4e8f-8c24-3168b7c94609;1;3
e9a92fec-c860-4dc8-86ce-1622de1d64a5;577621d7-41f9-42e9-bc72-7cd5eb642329;3;0
e9a92fec-c860-4dc8-86ce-1622de1d64a5;2e780d25-f1f5-4e6b-bed3-a2c17e245885;4;1
e9a92fec-c860-4dc8-86ce-1622de1d64a5;c9bb33fd-91e7-4fba-b13a-32c8f574bac9;2;3
e9a92fec-c860-4dc8-86ce-1622de1d64a5;4ed786d2-f903-4cfc-8bad-0b1c03757811;0;2
e9a92fec-c860-4dc8-86ce-1622de1d64a5;ec8fa0cd-da44-4bb1-8124-94c0f54837cf;2;0
e9a92fec-c860-4dc8-86ce-1622de1d64a5;4fbf144a-faa9-4928-aa94-424246daf5c2;1;4
e9a92fec-c860-4dc8-86ce-1622de1d64a5;aefa3302-baf2-4aa1-84f3-c1b37212b1fd;4;1
e9a92fec-c860-4dc8-86ce-1622de1d64a5;ffa9e78d-d28b-4f50-8147-10d459414ece;2;2
e9a92fec-c860-4dc8-86ce-1622de1d64a5;e234852c-1749-439a-81a0-9714c2de6884;1;2
e9a92fec-c860-4dc8-86ce-1622de1d64a5;617b2750-c295-4c2c-8947-16e4dfe3e4c3;3;1
e9a92fec-c860-4dc8-86ce-1622de1d64a5;1af918bd-ec32-4802-bad5-4f631af54133;5;1
e9a92fec-c860-4dc8-86ce-1622de1d64a5;84295db2-1e91-48de-9c8c-da77f961b366;3;1
e9a92fec-c860-4dc8-86ce-1622de1d64a5;63ca3b21-8ae6-4694-b5d9-847f594847ca;3;1
e9a92fec-c860-4dc8-86ce-1622de1d64a5;b16dc9f2-3dd6-4477-950f-33306996710f;2;3
e9a92fec-c860-4dc8-86ce-1622de1d64a5;417bb761-fee7-4064-91c1-c0ac7f067f27;0;4
e9a92fec-c860-4dc8-86ce-1622de1d64a5;39a3507d-d9d6-496f-b1d2-1b17699bdcff;1;2
e9a92fec-c860-4dc8-86ce-1622de1d64a5;c5b846f6-0e5f-488f-8db9-903cf600effb;3;1
e9a92fec-c860-4dc8-86ce-1622de1d64a5;05922653-dbb1-4d88-9481-81d45a2a89d4;0;3
e9a92fec-c860-4dc8-86ce-1622de1d64a5;99412f67-a0f5-4a96-a16c-8d79249bbfef;2;0
e9a92fec-c860-4dc8-86ce-1622de1d64a5;fc1a59d4-4b43-412c-a8cf-df27888531b1;3;0
e9a92fec-c860-4dc8-86ce-1622de1d64a5;0a1b2929-b031-4c05-9f44-eb05cc63e024;1;2
e9a92fec-c860-4dc8-86ce-1622de1d64a5;9fa9c061-bbc6-494a-a0b1-3b04e740478e;1;0
e9a92fec-c860-4dc8-86ce-1622de1d64a5;c4fdc0dc-d354-4607-bf5d-9663d8ffcb63;3;2
e9a92fec-c860-4dc8-86ce-1622de1d64a5;75669d9e-deb8-4a01-8f82-efcafd8e3cad;2;1
e9a92fec-c860-4dc8-86ce-1622de1d64a5;214de929-fd81-4d39-9c4a-8833663e4fe1;3;1
e9a92fec-c860-4dc8-86ce-1622de1d64a5;0aa2ebcd-70de-412a-9441-b8b8075500f9;1;4
e9a92fec-c860-4dc8-86ce-1622de1d64a5;3bce09a8-fe18-493f-bba3-75b418219afc;0;3
e9a92fec-c860-4dc8-86ce-1622de1d64a5;c69858fe-95a6-4da7-b0ed-a1c58b2d06b3;3;2
51c7a1d5-d3d6-4f0a-836d-6194787b1e7f;00804107-d265-4ce0-8fa0-ddbe68e8163d;2;0
51c7a1d5-d3d6-4f0a-836d-6194787b1e7f;eeb974eb-67fc-4260-a4ea-0a9450cd4bc7;0;1
51c7a1d5-d3d6-4f0a-836d-6194787b1e7f;51f0ff44-15d4-4669-a082-050405194406;1;0
51c7a1d5-d3d6-4f0a-836d-6194787b1e7f;e5044fff-3542-4b24-9331-b3c3bd84692d;1;1
51c7a1d5-d3d6-4f0a-836d-6194787b1e7f;f2e46b5c-6866-492b-b8b3-f6cae34f7ec7;2;2
51c7a1d5-d3d6-4f0a-836d-6194787b1e7f;f0e9ba93-8a74-429c-be82-31adef64970b;0;1
51c7a1d5-d3d6-4f0a-836d-6194787b1e7f;2c237b79-380c-4474-b377-275e67b9c3a4;0;0
51c7a1d5-d3d6-4f0a-836d-6194787b1e7f;1dc15474-5c90-41fd-833a-5bf953fc1a62;0;3
51c7a1d5-d3d6-4f0a-836d-6194787b1e7f;ed124ab7-1f57-4c61-ae5b-85f327355a54;1;1
51c7a1d5-d3d6-4f0a-836d-6194787b1e7f;bed268f0-cf7e-405c-a096-7cf8a582c7e2;3;2
51c7a1d5-d3d6-4f0a-836d-6194787b1e7f;b6ed7065-a307-4e7d-b9f8-f454cdbdf5a8;2;0
51c7a1d5-d3d6-4f0a-836d-6194787b1e7f;72b48638-ef0f-4645-92c8-51ec6218ed9a;1;0
51c7a1d5-d3d6-4f0a-836d-6194787b1e7f;c6d40e5f-a57d-49c7-8a85-c6524e5629b6;1;0
51c7a1d5-d3d6-4f0a-836d-6194787b1e7f;02f0c2c3-b0ec-4dc8-9286-274dc62d85b7;0;3
51c7a1d5-d3d6-4f0a-836d-6194787b1e7f;46507557-7c9f-4c02-a1a1-6e23f971e923;1;1
51c7a1d5-d3d6-4f0a-836d-6194787b1e7f;3e2e3c77-f016-493b-bf16-07e31fe91466;8;0
51c7a1d5-d3d6-4f0a-836d-6194787b1e7f;558195d2-5afb-439d-b3ff-bd8aaa0d05ad;1;3
51c7a1d5-d3d6-4f0a-836d-6194787b1e7f;790cc44b-d80a-4fa0-9dff-60a47c367dcc;6;1
51c7a1d5-d3d6-4f0a-836d-6194787b1e7f;d15617ab-21a0-4233-b0c7-d81e9c4fe168;1;1
51c7a1d5-d3d6-4f0a-836d-6194787b1e7f;8d6f9e88-4f45-4613-bed8-1104fed67e81;2;2
51c7a1d5-d3d6-4f0a-836d-6194787b1e7f;38e77705-c9dd-4340-b07b-1a602079c785;1;0
51c7a1d5-d3d6-4f0a-836d-6194787b1e7f;7029238d-800f-474c-a1a1-6e39f6426826;1;2
51c7a1d5-d3d6-4f0a-836d-6194787b1e7f;b9fe6496-64c2-44a6-9e68-7faa1dbabf94;1;1
51c7a1d5-d3d6-4f0a-836d-6194787b1e7f;e7c8da36-b6ff-47fa-9904-06af82e7ade4;2;1
51c7a1d5-d3d6-4f0a-836d-6194787b1e7f;35f389be-886f-421b-a0da-6244a230cfc3;5;0
51c7a1d5-d3d6-4f0a-836d-6194787b1e7f;9976821a-b7c4-45e4-90e1-4718a8ea498d;1;2
51c7a1d5-d3d6-4f0a-836d-6194787b1e7f;4a3ff2cf-924a-40b2-8540-6213eacd2460;3;1
51c7a1d5-d3d6-4f0a-836d-6194787b1e7f;bc757dba-eae9-449c-8986-3a7423db361b;4;0
51c7a1d5-d3d6-4f0a-836d-6194787b1e7f;4a6a222f-45d8-46dc-a479-9e2862c5ec04;1;3
51c7a1d5-d3d6-4f0a-836d-6194787b1e7f;ac7f16c1-b9ac-4471-bbc1-d224f3dea0eb;1;4
51c7a1d5-d3d6-4f0a-836d-6194787b1e7f;720ea640-677c-40ea-b0f0-2349c14f43e9;2;2
51c7a1d5-d3d6-4f0a-836d-6194787b1e7f;221524df-de81-4c62-b5fc-07692a7a6701;1;0
51c7a1d5-d3d6-4f0a-836d-6194787b1e7f;7401aacf-a513-4899-add1-9020af17c085;1;0
51c7a1d5-d3d6-4f0a-836d-6194787b1e7f;eb71238e-8f11-4b6c-b3d8-4f073dde25cb;1;4
51c7a1d5-d3d6-4f0a-836d-6194787b1e7f;15ccd2e2-ff62-44af-9cdc-4ba734802b4c;0;2
51c7a1d5-d3d6-4f0a-836d-6194787b1e7f;b89d061b-211b-468d-8df1-00be0ad11e3b;2;1
51c7a1d5-d3d6-4f0a-836d-6194787b1e7f;cc216780-5af6-48e5-ba90-40b2b5095f6f;1;0
51c7a1d5-d3d6-4f0a-836d-6194787b1e7f;23c37287-e2a9-46bd-8462-d93e552f7f02;2;2
51c7a1d5-d3d6-4f0a-836d-6194787b1e7f;d1baa0fe-6f5b-4c77-ab18-cf3879a35202;2;1
51c7a1d5-d3d6-4f0a-836d-6194787b1e7f;48233635-63c8-4c8e-9e24-f5fea034d578;1;1
51c7a1d5-d3d6-4f0a-836d-6194787b1e7f;a0ed30bf-d2ba-4f20-b3ff-9235725a2828;0;3
51c7a1d5-d3d6-4f0a-836d-6194787b1e7f;dbe94e5e-1ac1-483b-b3e3-b1837bd07b69;2;2
51c7a1d5-d3d6-4f0a-836d-6194787b1e7f;b4c8645f-7fda-4983-9b85-79c70621e255;6;0
51c7a1d5-d3d6-4f0a-836d-6194787b1e7f;fbafc025-bbef-4e8f-8c24-3168b7c94609;1;1
51c7a1d5-d3d6-4f0a-836d-6194787b1e7f;577621d7-41f9-42e9-bc72-7cd5eb642329;2;0
51c7a1d5-d3d6-4f0a-836d-6194787b1e7f;2e780d25-f1f5-4e6b-bed3-a2c17e245885;5;1
51c7a1d5-d3d6-4f0a-836d-6194787b1e7f;c9bb33fd-91e7-4fba-b13a-32c8f574bac9;1;2
51c7a1d5-d3d6-4f0a-836d-6194787b1e7f;4ed786d2-f903-4cfc-8bad-0b1c03757811;0;3
51c7a1d5-d3d6-4f0a-836d-6194787b1e7f;ec8fa0cd-da44-4bb1-8124-94c0f54837cf;2;1
51c7a1d5-d3d6-4f0a-836d-6194787b1e7f;4fbf144a-faa9-4928-aa94-424246daf5c2;1;3
51c7a1d5-d3d6-4f0a-836d-6194787b1e7f;aefa3302-baf2-4aa1-84f3-c1b37212b1fd;5;0
51c7a1d5-d3d6-4f0a-836d-6194787b1e7f;ffa9e78d-d28b-4f50-8147-10d459414ece;1;2
51c7a1d5-d3d6-4f0a-836d-6194787b1e7f;e234852c-1749-439a-81a0-9714c2de6884;1;2
51c7a1d5-d3d6-4f0a-836d-6194787b1e7f;617b2750-c295-4c2c-8947-16e4dfe3e4c3;3;0
51c7a1d5-d3d6-4f0a-836d-6194787b1e7f;1af918bd-ec32-4802-bad5-4f631af54133;0;0
51c7a1d5-d3d6-4f0a-836d-6194787b1e7f;84295db2-1e91-48de-9c8c-da77f961b366;2;0
51c7a1d5-d3d6-4f0a-836d-6194787b1e7f;63ca3b21-8ae6-4694-b5d9-847f594847ca;1;1
51c7a1d5-d3d6-4f0a-836d-6194787b1e7f;b16dc9f2-3dd6-4477-950f-33306996710f;1;2
51c7a1d5-d3d6-4f0a-836d-6194787b1e7f;417bb761-fee7-4064-91c1-c0ac7f067f27;0;4
51c7a1d5-d3d6-4f0a-836d-6194787b1e7f;39a3507d-d9d6-496f-b1d2-1b17699bdcff;1;1
51c7a1d5-d3d6-4f0a-836d-6194787b1e7f;c5b846f6-0e5f-488f-8db9-903cf600effb;8;0
51c7a1d5-d3d6-4f0a-836d-6194787b1e7f;05922653-dbb1-4d88-9481-81d45a2a89d4;0;4
51c7a1d5-d3d6-4f0a-836d-6194787b1e7f;99412f67-a0f5-4a96-a16c-8d79249bbfef;5;0
51c7a1d5-d3d6-4f0a-836d-6194787b1e7f;fc1a59d4-4b43-412c-a8cf-df27888531b1;4;1
51c7a1d5-d3d6-4f0a-836d-6194787b1e7f;0a1b2929-b031-4c05-9f44-eb05cc63e024;2;4
51c7a1d5-d3d6-4f0a-836d-6194787b1e7f;9fa9c061-bbc6-494a-a0b1-3b04e740478e;2;2
51c7a1d5-d3d6-4f0a-836d-6194787b1e7f;c4fdc0dc-d354-4607-bf5d-9663d8ffcb63;0;1
51c7a1d5-d3d6-4f0a-836d-6194787b1e7f;75669d9e-deb8-4a01-8f82-efcafd8e3cad;2;0
51c7a1d5-d3d6-4f0a-836d-6194787b1e7f;214de929-fd81-4d39-9c4a-8833663e4fe1;1;0
51c7a1d5-d3d6-4f0a-836d-6194787b1e7f;0aa2ebcd-70de-412a-9441-b8b8075500f9;0;3
51c7a1d5-d3d6-4f0a-836d-6194787b1e7f;3bce09a8-fe18-493f-bba3-75b418219afc;2;5
51c7a1d5-d3d6-4f0a-836d-6194787b1e7f;c69858fe-95a6-4da7-b0ed-a1c58b2d06b3;1;1
37c4de0d-098a-4531-a24c-e83d4810591f;00804107-d265-4ce0-8fa0-ddbe68e8163d;2;1
37c4de0d-098a-4531-a24c-e83d4810591f;eeb974eb-67fc-4260-a4ea-0a9450cd4bc7;1;0
37c4de0d-098a-4531-a24c-e83d4810591f;51f0ff44-15d4-4669-a082-050405194406;1;1
37c4de0d-098a-4531-a24c-e83d4810591f;e5044fff-3542-4b24-9331-b3c3bd84692d;2;0
37c4de0d-098a-4531-a24c-e83d4810591f;f2e46b5c-6866-492b-b8b3-f6cae34f7ec7;1;3
37c4de0d-098a-4531-a24c-e83d4810591f;f0e9ba93-8a74-429c-be82-31adef64970b;1;0
37c4de0d-098a-4531-a24c-e83d4810591f;2c237b79-380c-4474-b377-275e67b9c3a4;3;0
37c4de0d-098a-4531-a24c-e83d4810591f;1dc15474-5c90-41fd-833a-5bf953fc1a62;0;2
37c4de0d-098a-4531-a24c-e83d4810591f;ed124ab7-1f57-4c61-ae5b-85f327355a54;2;0
37c4de0d-098a-4531-a24c-e83d4810591f;bed268f0-cf7e-405c-a096-7cf8a582c7e2;1;0
37c4de0d-098a-4531-a24c-e83d4810591f;b6ed7065-a307-4e7d-b9f8-f454cdbdf5a8;1;1
37c4de0d-098a-4531-a24c-e83d4810591f;72b48638-ef0f-4645-92c8-51ec6218ed9a;0;1
37c4de0d-098a-4531-a24c-e83d4810591f;c6d40e5f-a57d-49c7-8a85-c6524e5629b6;2;0
37c4de0d-098a-4531-a24c-e83d4810591f;02f0c2c3-b0ec-4dc8-9286-274dc62d85b7;0;1
37c4de0d-098a-4531-a24c-e83d4810591f;46507557-7c9f-4c02-a1a1-6e23f971e923;1;1
37c4de0d-098a-4531-a24c-e83d4810591f;3e2e3c77-f016-493b-bf16-07e31fe91466;3;0
37c4de0d-098a-4531-a24c-e83d4810591f;558195d2-5afb-439d-b3ff-bd8aaa0d05ad;1;2
37c4de0d-098a-4531-a24c-e83d4810591f;790cc44b-d80a-4fa0-9dff-60a47c367dcc;2;1
37c4de0d-098a-4531-a24c-e83d4810591f;d15617ab-21a0-4233-b0c7-d81e9c4fe168;1;1
37c4de0d-098a-4531-a24c-e83d4810591f;8d6f9e88-4f45-4613-bed8-1104fed67e81;1;2
37c4de0d-098a-4531-a24c-e83d4810591f;38e77705-c9dd-4340-b07b-1a602079c785;1;2
37c4de0d-098a-4531-a24c-e83d4810591f;7029238d-800f-474c-a1a1-6e39f6426826;2;1
37c4de0d-098a-4531-a24c-e83d4810591f;b9fe6496-64c2-44a6-9e68-7faa1dbabf94;2;1
37c4de0d-098a-4531-a24c-e83d4810591f;e7c8da36-b6ff-47fa-9904-06af82e7ade4;2;1
37c4de0d-098a-4531-a24c-e83d4810591f;35f389be-886f-421b-a0da-6244a230cfc3;3;0
37c4de0d-098a-4531-a24c-e83d4810591f;9976821a-b7c4-45e4-90e1-4718a8ea498d;1;1
37c4de0d-098a-4531-a24c-e83d4810591f;4a3ff2cf-924a-40b2-8540-6213eacd2460;2;0
37c4de0d-098a-4531-a24c-e83d4810591f;bc757dba-eae9-449c-8986-3a7423db361b;1;0
37c4de0d-098a-4531-a24c-e83d4810591f;4a6a222f-45d8-46dc-a479-9e2862c5ec04;1;2
37c4de0d-098a-4531-a24c-e83d4810591f;ac7f16c1-b9ac-4471-bbc1-d224f3dea0eb;1;2
37c4de0d-098a-4531-a24c-e83d4810591f;720ea640-677c-40ea-b0f0-2349c14f43e9;2;0
37c4de0d-098a-4531-a24c-e83d4810591f;221524df-de81-4c62-b5fc-07692a7a6701;1;0
37c4de0d-098a-4531-a24c-e83d4810591f;7401aacf-a513-4899-add1-9020af17c085;3;1
37c4de0d-098a-4531-a24c-e83d4810591f;eb71238e-8f11-4b6c-b3d8-4f073dde25cb;1;2
37c4de0d-098a-4531-a24c-e83d4810591f;15ccd2e2-ff62-44af-9cdc-4ba734802b4c;0;3
37c4de0d-098a-4531-a24c-e83d4810591f;b89d061b-211b-468d-8df1-00be0ad11e3b;1;2
37c4de0d-098a-4531-a24c-e83d4810591f;cc216780-5af6-48e5-ba90-40b2b5095f6f;3;1
37c4de0d-098a-4531-a24c-e83d4810591f;23c37287-e2a9-46bd-8462-d93e552f7f02;1;2
37c4de0d-098a-4531-a24c-e83d4810591f;d1baa0fe-6f5b-4c77-ab18-cf3879a35202;2;1
37c4de0d-098a-4531-a24c-e83d4810591f;48233635-63c8-4c8e-9e24-f5fea034d578;1;1
37c4de0d-098a-4531-a24c-e83d4810591f;a0ed30bf-d2ba-4f20-b3ff-9235725a2828;1;3
37c4de0d-098a-4531-a24c-e83d4810591f;dbe94e5e-1ac1-483b-b3e3-b1837bd07b69;1;1
37c4de0d-098a-4531-a24c-e83d4810591f;b4c8645f-7fda-4983-9b85-79c70621e255;3;1
37c4de0d-098a-4531-a24c-e83d4810591f;fbafc025-bbef-4e8f-8c24-3168b7c94609;1;2
37c4de0d-098a-4531-a24c-e83d4810591f;577621d7-41f9-42e9-bc72-7cd5eb642329;2;1
37c4de0d-098a-4531-a24c-e83d4810591f;2e780d25-f1f5-4e6b-bed3-a2c17e245885;2;0
37c4de0d-098a-4531-a24c-e83d4810591f;c9bb33fd-91e7-4fba-b13a-32c8f574bac9;1;0
37c4de0d-098a-4531-a24c-e83d4810591f;4ed786d2-f903-4cfc-8bad-0b1c03757811;1;1
37c4de0d-098a-4531-a24c-e83d4810591f;ec8fa0cd-da44-4bb1-8124-94c0f54837cf;2;0
37c4de0d-098a-4531-a24c-e83d4810591f;4fbf144a-faa9-4928-aa94-424246daf5c2;0;1
37c4de0d-098a-4531-a24c-e83d4810591f;aefa3302-baf2-4aa1-84f3-c1b37212b1fd;2;0
37c4de0d-098a-4531-a24c-e83d4810591f;ffa9e78d-d28b-4f50-8147-10d459414ece;2;1
37c4de0d-098a-4531-a24c-e83d4810591f;e234852c-1749-439a-81a0-9714c2de6884;1;2
37c4de0d-098a-4531-a24c-e83d4810591f;617b2750-c295-4c2c-8947-16e4dfe3e4c3;2;2
37c4de0d-098a-4531-a24c-e83d4810591f;1af918bd-ec32-4802-bad5-4f631af54133;3;0
37c4de0d-098a-4531-a24c-e83d4810591f;84295db2-1e91-48de-9c8c-da77f961b366;2;1
37c4de0d-098a-4531-a24c-e83d4810591f;63ca3b21-8ae6-4694-b5d9-847f594847ca;2;0
37c4de0d-098a-4531-a24c-e83d4810591f;b16dc9f2-3dd6-4477-950f-33306996710f;1;1
37c4de0d-098a-4531-a24c-e83d4810591f;417bb761-fee7-4064-91c1-c0ac7f067f27;0;2
37c4de0d-098a-4531-a24c-e83d4810591f;39a3507d-d9d6-496f-b1d2-1b17699bdcff;1;2
37c4de0d-098a-4531-a24c-e83d4810591f;c5b846f6-0e5f-488f-8db9-903cf600effb;2;0
37c4de0d-098a-4531-a24c-e83d4810591f;05922653-dbb1-4d88-9481-81d45a2a89d4;0;3
37c4de0d-098a-4531-a24c-e83d4810591f;99412f67-a0f5-4a96-a16c-8d79249bbfef;3;0
37c4de0d-098a-4531-a24c-e83d4810591f;fc1a59d4-4b43-412c-a8cf-df27888531b1;2;0
37c4de0d-098a-4531-a24c-e83d4810591f;0a1b2929-b031-4c05-9f44-eb05cc63e024;1;2
37c4de0d-098a-4531-a24c-e83d4810591f;9fa9c061-bbc6-494a-a0b1-3b04e740478e;1;1
37c4de0d-098a-4531-a24c-e83d4810591f;c4fdc0dc-d354-4607-bf5d-9663d8ffcb63;2;1
37c4de0d-098a-4531-a24c-e83d4810591f;75669d9e-deb8-4a01-8f82-efcafd8e3cad;2;2
37c4de0d-098a-4531-a24c-e83d4810591f;214de929-fd81-4d39-9c4a-8833663e4fe1;2;1
37c4de0d-098a-4531-a24c-e83d4810591f;0aa2ebcd-70de-412a-9441-b8b8075500f9;1;1
37c4de0d-098a-4531-a24c-e83d4810591f;3bce09a8-fe18-493f-bba3-75b418219afc;1;2
37c4de0d-098a-4531-a24c-e83d4810591f;c69858fe-95a6-4da7-b0ed-a1c58b2d06b3;2;1
e6da5ff2-290e-4a6b-a992-f14402e6ca2c;00804107-d265-4ce0-8fa0-ddbe68e8163d;2;2
e6da5ff2-290e-4a6b-a992-f14402e6ca2c;eeb974eb-67fc-4260-a4ea-0a9450cd4bc7;0;1
e6da5ff2-290e-4a6b-a992-f14402e6ca2c;51f0ff44-15d4-4669-a082-050405194406;2;1
e6da5ff2-290e-4a6b-a992-f14402e6ca2c;e5044fff-3542-4b24-9331-b3c3bd84692d;3;1
e6da5ff2-290e-4a6b-a992-f14402e6ca2c;f2e46b5c-6866-492b-b8b3-f6cae34f7ec7;1;1
e6da5ff2-290e-4a6b-a992-f14402e6ca2c;f0e9ba93-8a74-429c-be82-31adef64970b;2;1
e6da5ff2-290e-4a6b-a992-f14402e6ca2c;2c237b79-380c-4474-b377-275e67b9c3a4;2;0
e6da5ff2-290e-4a6b-a992-f14402e6ca2c;1dc15474-5c90-41fd-833a-5bf953fc1a62;0;2
e6da5ff2-290e-4a6b-a992-f14402e6ca2c;ed124ab7-1f57-4c61-ae5b-85f327355a54;3;0
e6da5ff2-290e-4a6b-a992-f14402e6ca2c;bed268f0-cf7e-405c-a096-7cf8a582c7e2;2;1
e6da5ff2-290e-4a6b-a992-f14402e6ca2c;b6ed7065-a307-4e7d-b9f8-f454cdbdf5a8;1;1
e6da5ff2-290e-4a6b-a992-f14402e6ca2c;72b48638-ef0f-4645-92c8-51ec6218ed9a;2;1
e6da5ff2-290e-4a6b-a992-f14402e6ca2c;c6d40e5f-a57d-49c7-8a85-c6524e5629b6;2;0
e6da5ff2-290e-4a6b-a992-f14402e6ca2c;02f0c2c3-b0ec-4dc8-9286-274dc62d85b7;0;1
e6da5ff2-290e-4a6b-a992-f14402e6ca2c;46507557-7c9f-4c02-a1a1-6e23f971e923;1;2
e6da5ff2-290e-4a6b-a992-f14402e6ca2c;3e2e3c77-f016-493b-bf16-07e31fe91466;4;0
e6da5ff2-290e-4a6b-a992-f14402e6ca2c;558195d2-5afb-439d-b3ff-bd8aaa0d05ad;0;2
e6da5ff2-290e-4a6b-a992-f14402e6ca2c;790cc44b-d80a-4fa0-9dff-60a47c367dcc;3;1
e6da5ff2-290e-4a6b-a992-f14402e6ca2c;d15617ab-21a0-4233-b0c7-d81e9c4fe168;0;0
e6da5ff2-290e-4a6b-a992-f14402e6ca2c;8d6f9e88-4f45-4613-bed8-1104fed67e81;1;2
e6da5ff2-290e-4a6b-a992-f14402e6ca2c;38e77705-c9dd-4340-b07b-1a602079c785;3;0
e6da5ff2-290e-4a6b-a992-f14402e6ca2c;7029238d-800f-474c-a1a1-6e39f6426826;1;2
e6da5ff2-290e-4a6b-a992-f14402e6ca2c;b9fe6496-64c2-44a6-9e68-7faa1dbabf94;2;1
e6da5ff2-290e-4a6b-a992-f14402e6ca2c;e7c8da36-b6ff-47fa-9904-06af82e7ade4;2;0
e6da5ff2-290e-4a6b-a992-f14402e6ca2c;35f389be-886f-421b-a0da-6244a230cfc3;4;0
e6da5ff2-290e-4a6b-a992-f14402e6ca2c;9976821a-b7c4-45e4-90e1-4718a8ea498d;2;1
e6da5ff2-290e-4a6b-a992-f14402e6ca2c;4a3ff2cf-924a-40b2-8540-6213eacd2460;2;0
e6da5ff2-290e-4a6b-a992-f14402e6ca2c;bc757dba-eae9-449c-8986-3a7423db361b;3;0
e6da5ff2-290e-4a6b-a992-f14402e6ca2c;4a6a222f-45d8-46dc-a479-9e2862c5ec04;2;3
e6da5ff2-290e-4a6b-a992-f14402e6ca2c;ac7f16c1-b9ac-4471-bbc1-d224f3dea0eb;1;4
e6da5ff2-290e-4a6b-a992-f14402e6ca2c;720ea640-677c-40ea-b0f0-2349c14f43e9;0;0
e6da5ff2-290e-4a6b-a992-f14402e6ca2c;221524df-de81-4c62-b5fc-07692a7a6701;1;1
e6da5ff2-290e-4a6b-a992-f14402e6ca2c;7401aacf-a513-4899-add1-9020af17c085;2;1
e6da5ff2-290e-4a6b-a992-f14402e6ca2c;eb71238e-8f11-4b6c-b3d8-4f073dde25cb;2;1
e6da5ff2-290e-4a6b-a992-f14402e6ca2c;15ccd2e2-ff62-44af-9cdc-4ba734802b4c;1;2
e6da5ff2-290e-4a6b-a992-f14402e6ca2c;b89d061b-211b-468d-8df1-00be0ad11e3b;1;2
e6da5ff2-290e-4a6b-a992-f14402e6ca2c;cc216780-5af6-48e5-ba90-40b2b5095f6f;2;1
e6da5ff2-290e-4a6b-a992-f14402e6ca2c;23c37287-e2a9-46bd-8462-d93e552f7f02;1;0
e6da5ff2-290e-4a6b-a992-f14402e6ca2c;d1baa0fe-6f5b-4c77-ab18-cf3879a35202;2;0
e6da5ff2-290e-4a6b-a992-f14402e6ca2c;48233635-63c8-4c8e-9e24-f5fea034d578;1;3
e6da5ff2-290e-4a6b-a992-f14402e6ca2c;a0ed30bf-d2ba-4f20-b3ff-9235725a2828;0;3
e6da5ff2-290e-4a6b-a992-f14402e6ca2c;dbe94e5e-1ac1-483b-b3e3-b1837bd07b69;2;1
e6da5ff2-290e-4a6b-a992-f14402e6ca2c;b4c8645f-7fda-4983-9b85-79c70621e255;4;0
e6da5ff2-290e-4a6b-a992-f14402e6ca2c;fbafc025-bbef-4e8f-8c24-3168b7c94609;1;2
e6da5ff2-290e-4a6b-a992-f14402e6ca2c;577621d7-41f9-42e9-bc72-7cd5eb642329;3;0
e6da5ff2-290e-4a6b-a992-f14402e6ca2c;2e780d25-f1f5-4e6b-bed3-a2c17e245885;2;0
e6da5ff2-290e-4a6b-a992-f14402e6ca2c;c9bb33fd-91e7-4fba-b13a-32c8f574bac9;0;2
e6da5ff2-290e-4a6b-a992-f14402e6ca2c;4ed786d2-f903-4cfc-8bad-0b1c03757811;1;2
e6da5ff2-290e-4a6b-a992-f14402e6ca2c;ec8fa0cd-da44-4bb1-8124-94c0f54837cf;3;1
e6da5ff2-290e-4a6b-a992-f14402e6ca2c;4fbf144a-faa9-4928-aa94-424246daf5c2;0;3
e6da5ff2-290e-4a6b-a992-f14402e6ca2c;aefa3302-baf2-4aa1-84f3-c1b37212b1fd;3;0
e6da5ff2-290e-4a6b-a992-f14402e6ca2c;ffa9e78d-d28b-4f50-8147-10d459414ece;1;1
e6da5ff2-290e-4a6b-a992-f14402e6ca2c;e234852c-1749-439a-81a0-9714c2de6884;2;2
e6da5ff2-290e-4a6b-a992-f14402e6ca2c;617b2750-c295-4c2c-8947-16e4dfe3e4c3;2;1
e6da5ff2-290e-4a6b-a992-f14402e6ca2c;1af918bd-ec32-4802-bad5-4f631af54133;3;1
e6da5ff2-290e-4a6b-a992-f14402e6ca2c;84295db2-1e91-48de-9c8c-da77f961b366;1;0
e6da5ff2-290e-4a6b-a992-f14402e6ca2c;63ca3b21-8ae6-4694-b5d9-847f594847ca;2;0
e6da5ff2-290e-4a6b-a992-f14402e6ca2c;b16dc9f2-3dd6-4477-950f-33306996710f;1;3
e6da5ff2-290e-4a6b-a992-f14402e6ca2c;417bb761-fee7-4064-91c1-c0ac7f067f27;0;3
e6da5ff2-290e-4a6b-a992-f14402e6ca2c;39a3507d-d9d6-496f-b1d2-1b17699bdcff;1;1
e6da5ff2-290e-4a6b-a992-f14402e6ca2c;c5b846f6-0e5f-488f-8db9-903cf600effb;2;0
e6da5ff2-290e-4a6b-a992-f14402e6ca2c;05922653-dbb1-4d88-9481-81d45a2a89d4;1;3
e6da5ff2-290e-4a6b-a992-f14402e6ca2c;99412f67-a0f5-4a96-a16c-8d79249bbfef;3;1
e6da5ff2-290e-4a6b-a992-f14402e6ca2c;fc1a59d4-4b43-412c-a8cf-df27888531b1;2;0
e6da5ff2-290e-4a6b-a992-f14402e6ca2c;0a1b2929-b031-4c05-9f44-eb05cc63e024;0;1
e6da5ff2-290e-4a6b-a992-f14402e6ca2c;9fa9c061-bbc6-494a-a0b1-3b04e740478e;2;2
e6da5ff2-290e-4a6b-a992-f14402e6ca2c;c4fdc0dc-d354-4607-bf5d-9663d8ffcb63;2;2
e6da5ff2-290e-4a6b-a992-f14402e6ca2c;75669d9e-deb8-4a01-8f82-efcafd8e3cad;2;0
e6da5ff2-290e-4a6b-a992-f14402e6ca2c;214de929-fd81-4d39-9c4a-8833663e4fe1;2;1
e6da5ff2-290e-4a6b-a992-f14402e6ca2c;0aa2ebcd-70de-412a-9441-b8b8075500f9;0;2
e6da5ff2-290e-4a6b-a992-f14402e6ca2c;3bce09a8-fe18-493f-bba3-75b418219afc;0;2
e6da5ff2-290e-4a6b-a992-f14402e6ca2c;c69858fe-95a6-4da7-b0ed-a1c58b2d06b3;2;1
1e7180f3-fd68-4801-873d-cbf2d3ab2e99;00804107-d265-4ce0-8fa0-ddbe68e8163d;2;1
1e7180f3-fd68-4801-873d-cbf2d3ab2e99;eeb974eb-67fc-4260-a4ea-0a9450cd4bc7;1;1
1e7180f3-fd68-4801-873d-cbf2d3ab2e99;51f0ff44-15d4-4669-a082-050405194406;2;0
1e7180f3-fd68-4801-873d-cbf2d3ab2e99;e5044fff-3542-4b24-9331-b3c3bd84692d;1;2
1e7180f3-fd68-4801-873d-cbf2d3ab2e99;f2e46b5c-6866-492b-b8b3-f6cae34f7ec7;1;2
1e7180f3-fd68-4801-873d-cbf2d3ab2e99;f0e9ba93-8a74-429c-be82-31adef64970b;1;3
1e7180f3-fd68-4801-873d-cbf2d3ab2e99;2c237b79-380c-4474-b377-275e67b9c3a4;2;1
1e7180f3-fd68-4801-873d-cbf2d3ab2e99;1dc15474-5c90-41fd-833a-5bf953fc1a62;1;2
1e7180f3-fd68-4801-873d-cbf2d3ab2e99;ed124ab7-1f57-4c61-ae5b-85f327355a54;2;1
1e7180f3-fd68-4801-873d-cbf2d3ab2e99;bed268f0-cf7e-405c-a096-7cf8a582c7e2;2;1
1e7180f3-fd68-4801-873d-cbf2d3ab2e99;b6ed7065-a307-4e7d-b9f8-f454cdbdf5a8;1;1
1e7180f3-fd68-4801-873d-cbf2d3ab2e99;72b48638-ef0f-4645-92c8-51ec6218ed9a;1;1
1e7180f3-fd68-4801-873d-cbf2d3ab2e99;c6d40e5f-a57d-49c7-8a85-c6524e5629b6;1;0
1e7180f3-fd68-4801-873d-cbf2d3ab2e99;02f0c2c3-b0ec-4dc8-9286-274dc62d85b7;1;3
1e7180f3-fd68-4801-873d-cbf2d3ab2e99;46507557-7c9f-4c02-a1a1-6e23f971e923;1;1
1e7180f3-fd68-4801-873d-cbf2d3ab2e99;3e2e3c77-f016-493b-bf16-07e31fe91466;4;0
1e7180f3-fd68-4801-873d-cbf2d3ab2e99;558195d2-5afb-439d-b3ff-bd8aaa0d05ad;1;3
1e7180f3-fd68-4801-873d-cbf2d3ab2e99;790cc44b-d80a-4fa0-9dff-60a47c367dcc;4;1
1e7180f3-fd68-4801-873d-cbf2d3ab2e99;d15617ab-21a0-4233-b0c7-d81e9c4fe168;1;1
1e7180f3-fd68-4801-873d-cbf2d3ab2e99;8d6f9e88-4f45-4613-bed8-1104fed67e81;0;3
1e7180f3-fd68-4801-873d-cbf2d3ab2e99;38e77705-c9dd-4340-b07b-1a602079c785;2;1
1e7180f3-fd68-4801-873d-cbf2d3ab2e99;7029238d-800f-474c-a1a1-6e39f6426826;2;2
1e7180f3-fd68-4801-873d-cbf2d3ab2e99;b9fe6496-64c2-44a6-9e68-7faa1dbabf94;2;1
1e7180f3-fd68-4801-873d-cbf2d3ab2e99;e7c8da36-b6ff-47fa-9904-06af82e7ade4;3;0
1e7180f3-fd68-4801-873d-cbf2d3ab2e99;35f389be-886f-421b-a0da-6244a230cfc3;5;0
1e7180f3-fd68-4801-873d-cbf2d3ab2e99;9976821a-b7c4-45e4-90e1-4718a8ea498d;2;1
1e7180f3-fd68-4801-873d-cbf2d3ab2e99;4a3ff2cf-924a-40b2-8540-6213eacd2460;2;2
1e7180f3-fd68-4801-873d-cbf2d3ab2e99;bc757dba-eae9-449c-8986-3a7423db361b;3;1
1e7180f3-fd68-4801-873d-cbf2d3ab2e99;4a6a222f-45d8-46dc-a479-9e2862c5ec04;1;2
1e7180f3-fd68-4801-873d-cbf2d3ab2e99;ac7f16c1-b9ac-4471-bbc1-d224f3dea0eb;0;3
1e7180f3-fd68-4801-873d-cbf2d3ab2e99;720ea640-677c-40ea-b0f0-2349c14f43e9;1;0
1e7180f3-fd68-4801-873d-cbf2d3ab2e99;221524df-de81-4c62-b5fc-07692a7a6701;2;0
1e7180f3-fd68-4801-873d-cbf2d3ab2e99;7401aacf-a513-4899-add1-9020af17c085;2;1
1e7180f3-fd68-4801-873d-cbf2d3ab2e99;eb71238e-8f11-4b6c-b3d8-4f073dde25cb;1;3
1e7180f3-fd68-4801-873d-cbf2d3ab2e99;15ccd2e2-ff62-44af-9cdc-4ba734802b4c;0;3
1e7180f3-fd68-4801-873d-cbf2d3ab2e99;b89d061b-211b-468d-8df1-00be0ad11e3b;1;2
1e7180f3-fd68-4801-873d-cbf2d3ab2e99;cc216780-5af6-48e5-ba90-40b2b5095f6f;2;2
1e7180f3-fd68-4801-873d-cbf2d3ab2e99;23c37287-e2a9-46bd-8462-d93e552f7f02;2;0
1e7180f3-fd68-4801-873d-cbf2d3ab2e99;d1baa0fe-6f5b-4c77-ab18-cf3879a35202;2;0
1e7180f3-fd68-4801-873d-cbf2d3ab2e99;48233635-63c8-4c8e-9e24-f5fea034d578;0;3
1e7180f3-fd68-4801-873d-cbf2d3ab2e99;a0ed30bf-d2ba-4f20-b3ff-9235725a2828;0;4
1e7180f3-fd68-4801-873d-cbf2d3ab2e99;dbe94e5e-1ac1-483b-b3e3-b1837bd07b69;1;1
1e7180f3-fd68-4801-873d-cbf2d3ab2e99;b4c8645f-7fda-4983-9b85-79c70621e255;5;0
1e7180f3-fd68-4801-873d-cbf2d3ab2e99;fbafc025-bbef-4e8f-8c24-3168b7c94609;0;2
1e7180f3-fd68-4801-873d-cbf2d3ab2e99;577621d7-41f9-42e9-bc72-7cd5eb642329;3;0
1e7180f3-fd68-4801-873d-cbf2d3ab2e99;2e780d25-f1f5-4e6b-bed3-a2c17e245885;3;0
1e7180f3-fd68-4801-873d-cbf2d3ab2e99;c9bb33fd-91e7-4fba-b13a-32c8f574bac9;2;2
1e7180f3-fd68-4801-873d-cbf2d3ab2e99;4ed786d2-f903-4cfc-8bad-0b1c03757811;1;3
1e7180f3-fd68-4801-873d-cbf2d3ab2e99;ec8fa0cd-da44-4bb1-8124-94c0f54837cf;1;2
1e7180f3-fd68-4801-873d-cbf2d3ab2e99;4fbf144a-faa9-4928-aa94-424246daf5c2;0;3
1e7180f3-fd68-4801-873d-cbf2d3ab2e99;aefa3302-baf2-4aa1-84f3-c1b37212b1fd;3;0
1e7180f3-fd68-4801-873d-cbf2d3ab2e99;ffa9e78d-d28b-4f50-8147-10d459414ece;1;1
1e7180f3-fd68-4801-873d-cbf2d3ab2e99;e234852c-1749-439a-81a0-9714c2de6884;1;1
1e7180f3-fd68-4801-873d-cbf2d3ab2e99;617b2750-c295-4c2c-8947-16e4dfe3e4c3;3;1
1e7180f3-fd68-4801-873d-cbf2d3ab2e99;1af918bd-ec32-4802-bad5-4f631af54133;2;0
1e7180f3-fd68-4801-873d-cbf2d3ab2e99;84295db2-1e91-48de-9c8c-da77f961b366;2;1
1e7180f3-fd68-4801-873d-cbf2d3ab2e99;63ca3b21-8ae6-4694-b5d9-847f594847ca;2;1
1e7180f3-fd68-4801-873d-cbf2d3ab2e99;b16dc9f2-3dd6-4477-950f-33306996710f;0;0
1e7180f3-fd68-4801-873d-cbf2d3ab2e99;417bb761-fee7-4064-91c1-c0ac7f067f27;1;4
1e7180f3-fd68-4801-873d-cbf2d3ab2e99;39a3507d-d9d6-496f-b1d2-1b17699bdcff;1;3
1e7180f3-fd68-4801-873d-cbf2d3ab2e99;c5b846f6-0e5f-488f-8db9-903cf600effb;4;0
1e7180f3-fd68-4801-873d-cbf2d3ab2e99;05922653-dbb1-4d88-9481-81d45a2a89d4;1;3
1e7180f3-fd68-4801-873d-cbf2d3ab2e99;99412f67-a0f5-4a96-a16c-8d79249bbfef;3;0
1e7180f3-fd68-4801-873d-cbf2d3ab2e99;fc1a59d4-4b43-412c-a8cf-df27888531b1;3;0
1e7180f3-fd68-4801-873d-cbf2d3ab2e99;0a1b2929-b031-4c05-9f44-eb05cc63e024;1;3
1e7180f3-fd68-4801-873d-cbf2d3ab2e99;9fa9c061-bbc6-494a-a0b1-3b04e740478e;0;1
1e7180f3-fd68-4801-873d-cbf2d3ab2e99;c4fdc0dc-d354-4607-bf5d-9663d8ffcb63;2;1
1e7180f3-fd68-4801-873d-cbf2d3ab2e99;75669d9e-deb8-4a01-8f82-efcafd8e3cad;3;0
1e7180f3-fd68-4801-873d-cbf2d3ab2e99;214de929-fd81-4d39-9c4a-8833663e4fe1;1;1
1e7180f3-fd68-4801-873d-cbf2d3ab2e99;0aa2ebcd-70de-412a-9441-b8b8075500f9;0;3
1e7180f3-fd68-4801-873d-cbf2d3ab2e99;3bce09a8-fe18-493f-bba3-75b418219afc;0;3
1e7180f3-fd68-4801-873d-cbf2d3ab2e99;c69858fe-95a6-4da7-b0ed-a1c58b2d06b3;2;2
6daeb202-4a98-42f0-8838-54d5388e22e1;00804107-d265-4ce0-8fa0-ddbe68e8163d;2;1
6daeb202-4a98-42f0-8838-54d5388e22e1;eeb974eb-67fc-4260-a4ea-0a9450cd4bc7;1;1
6daeb202-4a98-42f0-8838-54d5388e22e1;51f0ff44-15d4-4669-a082-050405194406;2;0
6daeb202-4a98-42f0-8838-54d5388e22e1;e5044fff-3542-4b24-9331-b3c3bd84692d;2;1
6daeb202-4a98-42f0-8838-54d5388e22e1;f2e46b5c-6866-492b-b8b3-f6cae34f7ec7;1;1
6daeb202-4a98-42f0-8838-54d5388e22e1;f0e9ba93-8a74-429c-be82-31adef64970b;1;2
6daeb202-4a98-42f0-8838-54d5388e22e1;2c237b79-380c-4474-b377-275e67b9c3a4;2;1
6daeb202-4a98-42f0-8838-54d5388e22e1;1dc15474-5c90-41fd-833a-5bf953fc1a62;0;2
6daeb202-4a98-42f0-8838-54d5388e22e1;ed124ab7-1f57-4c61-ae5b-85f327355a54;2;0
6daeb202-4a98-42f0-8838-54d5388e22e1;bed268f0-cf7e-405c-a096-7cf8a582c7e2;2;0
6daeb202-4a98-42f0-8838-54d5388e22e1;b6ed7065-a307-4e7d-b9f8-f454cdbdf5a8;1;1
6daeb202-4a98-42f0-8838-54d5388e22e1;72b48638-ef0f-4645-92c8-51ec6218ed9a;2;1
6daeb202-4a98-42f0-8838-54d5388e22e1;c6d40e5f-a57d-49c7-8a85-c6524e5629b6;2;1
6daeb202-4a98-42f0-8838-54d5388e22e1;02f0c2c3-b0ec-4dc8-9286-274dc62d85b7;0;3
6daeb202-4a98-42f0-8838-54d5388e22e1;46507557-7c9f-4c02-a1a1-6e23f971e923;1;2
6daeb202-4a98-42f0-8838-54d5388e22e1;3e2e3c77-f016-493b-bf16-07e31fe91466;4;0
6daeb202-4a98-42f0-8838-54d5388e22e1;558195d2-5afb-439d-b3ff-bd8aaa0d05ad;0;2
6daeb202-4a98-42f0-8838-54d5388e22e1;790cc44b-d80a-4fa0-9dff-60a47c367dcc;3;0
6daeb202-4a98-42f0-8838-54d5388e22e1;d15617ab-21a0-4233-b0c7-d81e9c4fe168;2;1
6daeb202-4a98-42f0-8838-54d5388e22e1;8d6f9e88-4f45-4613-bed8-1104fed67e81;1;2
6daeb202-4a98-42f0-8838-54d5388e22e1;38e77705-c9dd-4340-b07b-1a602079c785;2;0
6daeb202-4a98-42f0-8838-54d5388e22e1;7029238d-800f-474c-a1a1-6e39f6426826;2;1
6daeb202-4a98-42f0-8838-54d5388e22e1;b9fe6496-64c2-44a6-9e68-7faa1dbabf94;1;1
6daeb202-4a98-42f0-8838-54d5388e22e1;e7c8da36-b6ff-47fa-9904-06af82e7ade4;1;0
6daeb202-4a98-42f0-8838-54d5388e22e1;35f389be-886f-421b-a0da-6244a230cfc3;4;0
6daeb202-4a98-42f0-8838-54d5388e22e1;9976821a-b7c4-45e4-90e1-4718a8ea498d;1;1
6daeb202-4a98-42f0-8838-54d5388e22e1;4a3ff2cf-924a-40b2-8540-6213eacd2460;2;1
6daeb202-4a98-42f0-8838-54d5388e22e1;bc757dba-eae9-449c-8986-3a7423db361b;3;0
6daeb202-4a98-42f0-8838-54d5388e22e1;4a6a222f-45d8-46dc-a479-9e2862c5ec04;1;2
6daeb202-4a98-42f0-8838-54d5388e22e1;ac7f16c1-b9ac-4471-bbc1-d224f3dea0eb;0;2
6daeb202-4a98-42f0-8838-54d5388e22e1;720ea640-677c-40ea-b0f0-2349c14f43e9;2;1
6daeb202-4a98-42f0-8838-54d5388e22e1;221524df-de81-4c62-b5fc-07692a7a6701;2;0
6daeb202-4a98-42f0-8838-54d5388e22e1;7401aacf-a513-4899-add1-9020af17c085;2;1
6daeb202-4a98-42f0-8838-54d5388e22e1;eb71238e-8f11-4b6c-b3d8-4f073dde25cb;1;2
6daeb202-4a98-42f0-8838-54d5388e22e1;15ccd2e2-ff62-44af-9cdc-4ba734802b4c;0;2
6daeb202-4a98-42f0-8838-54d5388e22e1;b89d061b-211b-468d-8df1-00be0ad11e3b;1;1
6daeb202-4a98-42f0-8838-54d5388e22e1;cc216780-5af6-48e5-ba90-40b2b5095f6f;2;0
6daeb202-4a98-42f0-8838-54d5388e22e1;23c37287-e2a9-46bd-8462-d93e552f7f02;2;0
6daeb202-4a98-42f0-8838-54d5388e22e1;d1baa0fe-6f5b-4c77-ab18-cf3879a35202;2;0
6daeb202-4a98-42f0-8838-54d5388e22e1;48233635-63c8-4c8e-9e24-f5fea034d578;0;2
6daeb202-4a98-42f0-8838-54d5388e22e1;a0ed30bf-d2ba-4f20-b3ff-9235725a2828;0;3
6daeb202-4a98-42f0-8838-54d5388e22e1;dbe94e5e-1ac1-483b-b3e3-b1837bd07b69;1;1
6daeb202-4a98-42f0-8838-54d5388e22e1;b4c8645f-7fda-4983-9b85-79c70621e255;3;0
6daeb202-4a98-42f0-8838-54d5388e22e1;fbafc025-bbef-4e8f-8c24-3168b7c94609;0;2
6daeb202-4a98-42f0-8838-54d5388e22e1;577621d7-41f9-42e9-bc72-7cd5eb642329;2;0
6daeb202-4a98-42f0-8838-54d5388e22e1;2e780d25-f1f5-4e6b-bed3-a2c17e245885;3;0
6daeb202-4a98-42f0-8838-54d5388e22e1;c9bb33fd-91e7-4fba-b13a-32c8f574bac9;1;1
6daeb202-4a98-42f0-8838-54d5388e22e1;4ed786d2-f903-4cfc-8bad-0b1c03757811;1;1
6daeb202-4a98-42f0-8838-54d5388e22e1;ec8fa0cd-da44-4bb1-8124-94c0f54837cf;3;1
6daeb202-4a98-42f0-8838-54d5388e22e1;4fbf144a-faa9-4928-aa94-424246daf5c2;0;2
6daeb202-4a98-42f0-8838-54d5388e22e1;aefa3302-baf2-4aa1-84f3-c1b37212b1fd;4;0
6daeb202-4a98-42f0-8838-54d5388e22e1;ffa9e78d-d28b-4f50-8147-10d459414ece;1;1
6daeb202-4a98-42f0-8838-54d5388e22e1;e234852c-1749-439a-81a0-9714c2de6884;1;2
6daeb202-4a98-42f0-8838-54d5388e22e1;617b2750-c295-4c2c-8947-16e4dfe3e4c3;2;0
6daeb202-4a98-42f0-8838-54d5388e22e1;1af918bd-ec32-4802-bad5-4f631af54133;3;0
6daeb202-4a98-42f0-8838-54d5388e22e1;84295db2-1e91-48de-9c8c-da77f961b366;2;0
6daeb202-4a98-42f0-8838-54d5388e22e1;63ca3b21-8ae6-4694-b5d9-847f594847ca;2;1
6daeb202-4a98-42f0-8838-54d5388e22e1;b16dc9f2-3dd6-4477-950f-33306996710f;0;2
6daeb202-4a98-42f0-8838-54d5388e22e1;417bb761-fee7-4064-91c1-c0ac7f067f27;0;4
6daeb202-4a98-42f0-8838-54d5388e22e1;39a3507d-d9d6-496f-b1d2-1b17699bdcff;1;2
6daeb202-4a98-42f0-8838-54d5388e22e1;c5b846f6-0e5f-488f-8db9-903cf600effb;3;0
6daeb202-4a98-42f0-8838-54d5388e22e1;05922653-dbb1-4d88-9481-81d45a2a89d4;0;2
6daeb202-4a98-42f0-8838-54d5388e22e1;99412f67-a0f5-4a96-a16c-8d79249bbfef;2;0
6daeb202-4a98-42f0-8838-54d5388e22e1;fc1a59d4-4b43-412c-a8cf-df27888531b1;3;0
6daeb202-4a98-42f0-8838-54d5388e22e1;0a1b2929-b031-4c05-9f44-eb05cc63e024;1;2
6daeb202-4a98-42f0-8838-54d5388e22e1;9fa9c061-bbc6-494a-a0b1-3b04e740478e;1;2
6daeb202-4a98-42f0-8838-54d5388e22e1;c4fdc0dc-d354-4607-bf5d-9663d8ffcb63;2;1
6daeb202-4a98-42f0-8838-54d5388e22e1;75669d9e-deb8-4a01-8f82-efcafd8e3cad;2;0
6daeb202-4a98-42f0-8838-54d5388e22e1;214de929-fd81-4d39-9c4a-8833663e4fe1;2;0
6daeb202-4a98-42f0-8838-54d5388e22e1;0aa2ebcd-70de-412a-9441-b8b8075500f9;0;2
6daeb202-4a98-42f0-8838-54d5388e22e1;3bce09a8-fe18-493f-bba3-75b418219afc;0;3
6daeb202-4a98-42f0-8838-54d5388e22e1;c69858fe-95a6-4da7-b0ed-a1c58b2d06b3;2;1
a889109f-ba86-4284-b14e-cd44a15ff890;00804107-d265-4ce0-8fa0-ddbe68e8163d;2;1
a889109f-ba86-4284-b14e-cd44a15ff890;eeb974eb-67fc-4260-a4ea-0a9450cd4bc7;1;1
a889109f-ba86-4284-b14e-cd44a15ff890;51f0ff44-15d4-4669-a082-050405194406;1;0
a889109f-ba86-4284-b14e-cd44a15ff890;e5044fff-3542-4b24-9331-b3c3bd84692d;2;1
a889109f-ba86-4284-b14e-cd44a15ff890;f2e46b5c-6866-492b-b8b3-f6cae34f7ec7;1;1
a889109f-ba86-4284-b14e-cd44a15ff890;f0e9ba93-8a74-429c-be82-31adef64970b;1;2
a889109f-ba86-4284-b14e-cd44a15ff890;2c237b79-380c-4474-b377-275e67b9c3a4;1;0
a889109f-ba86-4284-b14e-cd44a15ff890;1dc15474-5c90-41fd-833a-5bf953fc1a62;0;3
a889109f-ba86-4284-b14e-cd44a15ff890;ed124ab7-1f57-4c61-ae5b-85f327355a54;1;1
a889109f-ba86-4284-b14e-cd44a15ff890;bed268f0-cf7e-405c-a096-7cf8a582c7e2;1;0
a889109f-ba86-4284-b14e-cd44a15ff890;b6ed7065-a307-4e7d-b9f8-f454cdbdf5a8;1;0
a889109f-ba86-4284-b14e-cd44a15ff890;72b48638-ef0f-4645-92c8-51ec6218ed9a;2;0
a889109f-ba86-4284-b14e-cd44a15ff890;c6d40e5f-a57d-49c7-8a85-c6524e5629b6;2;1
a889109f-ba86-4284-b14e-cd44a15ff890;02f0c2c3-b0ec-4dc8-9286-274dc62d85b7;0;2
a889109f-ba86-4284-b14e-cd44a15ff890;46507557-7c9f-4c02-a1a1-6e23f971e923;1;3
a889109f-ba86-4284-b14e-cd44a15ff890;3e2e3c77-f016-493b-bf16-07e31fe91466;4;0
a889109f-ba86-4284-b14e-cd44a15ff890;558195d2-5afb-439d-b3ff-bd8aaa0d05ad;1;2
a889109f-ba86-4284-b14e-cd44a15ff890;790cc44b-d80a-4fa0-9dff-60a47c367dcc;3;0
a889109f-ba86-4284-b14e-cd44a15ff890;d15617ab-21a0-4233-b0c7-d81e9c4fe168;1;0
a889109f-ba86-4284-b14e-cd44a15ff890;8d6f9e88-4f45-4613-bed8-1104fed67e81;1;2
a889109f-ba86-4284-b14e-cd44a15ff890;38e77705-c9dd-4340-b07b-1a602079c785;2;0
a889109f-ba86-4284-b14e-cd44a15ff890;7029238d-800f-474c-a1a1-6e39f6426826;0;0
a889109f-ba86-4284-b14e-cd44a15ff890;b9fe6496-64c2-44a6-9e68-7faa1dbabf94;1;1
a889109f-ba86-4284-b14e-cd44a15ff890;e7c8da36-b6ff-47fa-9904-06af82e7ade4;2;1
a889109f-ba86-4284-b14e-cd44a15ff890;35f389be-886f-421b-a0da-6244a230cfc3;3;0
a889109f-ba86-4284-b14e-cd44a15ff890;9976821a-b7c4-45e4-90e1-4718a8ea498d;2;2
a889109f-ba86-4284-b14e-cd44a15ff890;4a3ff2cf-924a-40b2-8540-6213eacd2460;2;1
a889109f-ba86-4284-b14e-cd44a15ff890;bc757dba-eae9-449c-8986-3a7423db361b;2;0
a889109f-ba86-4284-b14e-cd44a15ff890;4a6a222f-45d8-46dc-a479-9e2862c5ec04;0;1
a889109f-ba86-4284-b14e-cd44a15ff890;ac7f16c1-b9ac-4471-bbc1-d224f3dea0eb;0;2
a889109f-ba86-4284-b14e-cd44a15ff890;720ea640-677c-40ea-b0f0-2349c14f43e9;1;2
a889109f-ba86-4284-b14e-cd44a15ff890;221524df-de81-4c62-b5fc-07692a7a6701;2;1
a889109f-ba86-4284-b14e-cd44a15ff890;7401aacf-a513-4899-add1-9020af17c085;3;2
a889109f-ba86-4284-b14e-cd44a15ff890;eb71238e-8f11-4b6c-b3d8-4f073dde25cb;0;2
a889109f-ba86-4284-b14e-cd44a15ff890;15ccd2e2-ff62-44af-9cdc-4ba734802b4c;0;2
a889109f-ba86-4284-b14e-cd44a15ff890;b89d061b-211b-468d-8df1-00be0ad11e3b;1;0
a889109f-ba86-4284-b14e-cd44a15ff890;cc216780-5af6-48e5-ba90-40b2b5095f6f;2;1
a889109f-ba86-4284-b14e-cd44a15ff890;23c37287-e2a9-46bd-8462-d93e552f7f02;2;0
a889109f-ba86-4284-b14e-cd44a15ff890;d1baa0fe-6f5b-4c77-ab18-cf3879a35202;3;1
a889109f-ba86-4284-b14e-cd44a15ff890;48233635-63c8-4c8e-9e24-f5fea034d578;1;2
a889109f-ba86-4284-b14e-cd44a15ff890;a0ed30bf-d2ba-4f20-b3ff-9235725a2828;0;2
a889109f-ba86-4284-b14e-cd44a15ff890;dbe94e5e-1ac1-483b-b3e3-b1837bd07b69;1;0
a889109f-ba86-4284-b14e-cd44a15ff890;b4c8645f-7fda-4983-9b85-79c70621e255;4;0
a889109f-ba86-4284-b14e-cd44a15ff890;fbafc025-bbef-4e8f-8c24-3168b7c94609;1;2
a889109f-ba86-4284-b14e-cd44a15ff890;577621d7-41f9-42e9-bc72-7cd5eb642329;3;1
a889109f-ba86-4284-b14e-cd44a15ff890;2e780d25-f1f5-4e6b-bed3-a2c17e245885;2;0
a889109f-ba86-4284-b14e-cd44a15ff890;c9bb33fd-91e7-4fba-b13a-32c8f574bac9;1;1
a889109f-ba86-4284-b14e-cd44a15ff890;4ed786d2-f903-4cfc-8bad-0b1c03757811;1;1
a889109f-ba86-4284-b14e-cd44a15ff890;ec8fa0cd-da44-4bb1-8124-94c0f54837cf;2;1
a889109f-ba86-4284-b14e-cd44a15ff890;4fbf144a-faa9-4928-aa94-424246daf5c2;1;3
a889109f-ba86-4284-b14e-cd44a15ff890;aefa3302-baf2-4aa1-84f3-c1b37212b1fd;3;0
a889109f-ba86-4284-b14e-cd44a15ff890;ffa9e78d-d28b-4f50-8147-10d459414ece;1;1
a889109f-ba86-4284-b14e-cd44a15ff890;e234852c-1749-439a-81a0-9714c2de6884;1;3
a889109f-ba86-4284-b14e-cd44a15ff890;617b2750-c295-4c2c-8947-16e4dfe3e4c3;1;0
a889109f-ba86-4284-b14e-cd44a15ff890;1af918bd-ec32-4802-bad5-4f631af54133;2;0
a889109f-ba86-4284-b14e-cd44a15ff890;84295db2-1e91-48de-9c8c-da77f961b366;2;0
a889109f-ba86-4284-b14e-cd44a15ff890;63ca3b21-8ae6-4694-b5d9-847f594847ca;2;0
a889109f-ba86-4284-b14e-cd44a15ff890;b16dc9f2-3dd6-4477-950f-33306996710f;0;2
a889109f-ba86-4284-b14e-cd44a15ff890;417bb761-fee7-4064-91c1-c0ac7f067f27;0;3
a889109f-ba86-4284-b14e-cd44a15ff890;39a3507d-d9d6-496f-b1d2-1b17699bdcff;1;2
a889109f-ba86-4284-b14e-cd44a15ff890;c5b846f6-0e5f-488f-8db9-903cf600effb;3;1
a889109f-ba86-4284-b14e-cd44a15ff890;05922653-dbb1-4d88-9481-81d45a2a89d4;0;2
a889109f-ba86-4284-b14e-cd44a15ff890;99412f67-a0f5-4a96-a16c-8d79249bbfef;3;0
a889109f-ba86-4284-b14e-cd44a15ff890;fc1a59d4-4b43-412c-a8cf-df27888531b1;3;1
a889109f-ba86-4284-b14e-cd44a15ff890;0a1b2929-b031-4c05-9f44-eb05cc63e024;1;1
a889109f-ba86-4284-b14e-cd44a15ff890;9fa9c061-bbc6-494a-a0b1-3b04e740478e;1;0
a889109f-ba86-4284-b14e-cd44a15ff890;c4fdc0dc-d354-4607-bf5d-9663d8ffcb63;1;1
a889109f-ba86-4284-b14e-cd44a15ff890;75669d9e-deb8-4a01-8f82-efcafd8e3cad;1;0
a889109f-ba86-4284-b14e-cd44a15ff890;214de929-fd81-4d39-9c4a-8833663e4fe1;3;1
a889109f-ba86-4284-b14e-cd44a15ff890;0aa2ebcd-70de-412a-9441-b8b8075500f9;0;1
a889109f-ba86-4284-b14e-cd44a15ff890;3bce09a8-fe18-493f-bba3-75b418219afc;0;3
a889109f-ba86-4284-b14e-cd44a15ff890;c69858fe-95a6-4da7-b0ed-a1c58b2d06b3;1;1
42365a8b-cc07-4526-8f34-d57f6e5c2326;00804107-d265-4ce0-8fa0-ddbe68e8163d;2;0
42365a8b-cc07-4526-8f34-d57f6e5c2326;eeb974eb-67fc-4260-a4ea-0a9450cd4bc7;1;1
42365a8b-cc07-4526-8f34-d57f6e5c2326;51f0ff44-15d4-4669-a082-050405194406;1;0
42365a8b-cc07-4526-8f34-d57f6e5c2326;e5044fff-3542-4b24-9331-b3c3bd84692d;2;2
42365a8b-cc07-4526-8f34-d57f6e5c2326;f2e46b5c-6866-492b-b8b3-f6cae34f7ec7;1;1
42365a8b-cc07-4526-8f34-d57f6e5c2326;f0e9ba93-8a74-429c-be82-31adef64970b;1;1
42365a8b-cc07-4526-8f34-d57f6e5c2326;2c237b79-380c-4474-b377-275e67b9c3a4;0;1
42365a8b-cc07-4526-8f34-d57f6e5c2326;1dc15474-5c90-41fd-833a-5bf953fc1a62;0;2
42365a8b-cc07-4526-8f34-d57f6e5c2326;ed124ab7-1f57-4c61-ae5b-85f327355a54;1;1
42365a8b-cc07-4526-8f34-d57f6e5c2326;bed268f0-cf7e-405c-a096-7cf8a582c7e2;1;1
42365a8b-cc07-4526-8f34-d57f6e5c2326;b6ed7065-a307-4e7d-b9f8-f454cdbdf5a8;2;1
42365a8b-cc07-4526-8f34-d57f6e5c2326;72b48638-ef0f-4645-92c8-51ec6218ed9a;2;1
42365a8b-cc07-4526-8f34-d57f6e5c2326;c6d40e5f-a57d-49c7-8a85-c6524e5629b6;2;1
42365a8b-cc07-4526-8f34-d57f6e5c2326;02f0c2c3-b0ec-4dc8-9286-274dc62d85b7;0;3
42365a8b-cc07-4526-8f34-d57f6e5c2326;46507557-7c9f-4c02-a1a1-6e23f971e923;1;2
42365a8b-cc07-4526-8f34-d57f6e5c2326;3e2e3c77-f016-493b-bf16-07e31fe91466;4;1
42365a8b-cc07-4526-8f34-d57f6e5c2326;558195d2-5afb-439d-b3ff-bd8aaa0d05ad;1;1
42365a8b-cc07-4526-8f34-d57f6e5c2326;790cc44b-d80a-4fa0-9dff-60a47c367dcc;3;1
42365a8b-cc07-4526-8f34-d57f6e5c2326;d15617ab-21a0-4233-b0c7-d81e9c4fe168;1;1
42365a8b-cc07-4526-8f34-d57f6e5c2326;8d6f9e88-4f45-4613-bed8-1104fed67e81;1;2
42365a8b-cc07-4526-8f34-d57f6e5c2326;38e77705-c9dd-4340-b07b-1a602079c785;2;1
42365a8b-cc07-4526-8f34-d57f6e5c2326;7029238d-800f-474c-a1a1-6e39f6426826;0;0
42365a8b-cc07-4526-8f34-d57f6e5c2326;b9fe6496-64c2-44a6-9e68-7faa1dbabf94;1;1
42365a8b-cc07-4526-8f34-d57f6e5c2326;e7c8da36-b6ff-47fa-9904-06af82e7ade4;2;0
42365a8b-cc07-4526-8f34-d57f6e5c2326;35f389be-886f-421b-a0da-6244a230cfc3;4;1
42365a8b-cc07-4526-8f34-d57f6e5c2326;9976821a-b7c4-45e4-90e1-4718a8ea498d;2;2
42365a8b-cc07-4526-8f34-d57f6e5c2326;4a3ff2cf-924a-40b2-8540-6213eacd2460;2;1
42365a8b-cc07-4526-8f34-d57f6e5c2326;bc757dba-eae9-449c-8986-3a7423db361b;3;1
42365a8b-cc07-4526-8f34-d57f6e5c2326;4a6a222f-45d8-46dc-a479-9e2862c5ec04;1;2
42365a8b-cc07-4526-8f34-d57f6e5c2326;ac7f16c1-b9ac-4471-bbc1-d224f3dea0eb;1;2
42365a8b-cc07-4526-8f34-d57f6e5c2326;720ea640-677c-40ea-b0f0-2349c14f43e9;2;2
42365a8b-cc07-4526-8f34-d57f6e5c2326;221524df-de81-4c62-b5fc-07692a7a6701;2;0
42365a8b-cc07-4526-8f34-d57f6e5c2326;7401aacf-a513-4899-add1-9020af17c085;2;1
42365a8b-cc07-4526-8f34-d57f6e5c2326;eb71238e-8f11-4b6c-b3d8-4f073dde25cb;1;2
42365a8b-cc07-4526-8f34-d57f6e5c2326;15ccd2e2-ff62-44af-9cdc-4ba734802b4c;0;3
42365a8b-cc07-4526-8f34-d57f6e5c2326;b89d061b-211b-468d-8df1-00be0ad11e3b;2;2
42365a8b-cc07-4526-8f34-d57f6e5c2326;cc216780-5af6-48e5-ba90-40b2b5095f6f;2;1
42365a8b-cc07-4526-8f34-d57f6e5c2326;23c37287-e2a9-46bd-8462-d93e552f7f02;0;0
42365a8b-cc07-4526-8f34-d57f6e5c2326;d1baa0fe-6f5b-4c77-ab18-cf3879a35202;1;0
42365a8b-cc07-4526-8f34-d57f6e5c2326;48233635-63c8-4c8e-9e24-f5fea034d578;0;2
42365a8b-cc07-4526-8f34-d57f6e5c2326;a0ed30bf-d2ba-4f20-b3ff-9235725a2828;1;3
42365a8b-cc07-4526-8f34-d57f6e5c2326;dbe94e5e-1ac1-483b-b3e3-b1837bd07b69;2;1
42365a8b-cc07-4526-8f34-d57f6e5c2326;b4c8645f-7fda-4983-9b85-79c70621e255;5;0
42365a8b-cc07-4526-8f34-d57f6e5c2326;fbafc025-bbef-4e8f-8c24-3168b7c94609;1;2
42365a8b-cc07-4526-8f34-d57f6e5c2326;577621d7-41f9-42e9-bc72-7cd5eb642329;3;1
42365a8b-cc07-4526-8f34-d57f6e5c2326;2e780d25-f1f5-4e6b-bed3-a2c17e245885;3;0
42365a8b-cc07-4526-8f34-d57f6e5c2326;c9bb33fd-91e7-4fba-b13a-32c8f574bac9;2;2
42365a8b-cc07-4526-8f34-d57f6e5c2326;4ed786d2-f903-4cfc-8bad-0b1c03757811;1;2
42365a8b-cc07-4526-8f34-d57f6e5c2326;ec8fa0cd-da44-4bb1-8124-94c0f54837cf;2;1
42365a8b-cc07-4526-8f34-d57f6e5c2326;4fbf144a-faa9-4928-aa94-424246daf5c2;0;3
42365a8b-cc07-4526-8f34-d57f6e5c2326;aefa3302-baf2-4aa1-84f3-c1b37212b1fd;4;0
42365a8b-cc07-4526-8f34-d57f6e5c2326;ffa9e78d-d28b-4f50-8147-10d459414ece;2;2
42365a8b-cc07-4526-8f34-d57f6e5c2326;e234852c-1749-439a-81a0-9714c2de6884;1;2
42365a8b-cc07-4526-8f34-d57f6e5c2326;617b2750-c295-4c2c-8947-16e4dfe3e4c3;2;0
42365a8b-cc07-4526-8f34-d57f6e5c2326;1af918bd-ec32-4802-bad5-4f631af54133;2;1
42365a8b-cc07-4526-8f34-d57f6e5c2326;84295db2-1e91-48de-9c8c-da77f961b366;2;1
42365a8b-cc07-4526-8f34-d57f6e5c2326;63ca3b21-8ae6-4694-b5d9-847f594847ca;2;1
42365a8b-cc07-4526-8f34-d57f6e5c2326;b16dc9f2-3dd6-4477-950f-33306996710f;1;2
42365a8b-cc07-4526-8f34-d57f6e5c2326;417bb761-fee7-4064-91c1-c0ac7f067f27;0;4
42365a8b-cc07-4526-8f34-d57f6e5c2326;39a3507d-d9d6-496f-b1d2-1b17699bdcff;2;2
42365a8b-cc07-4526-8f34-d57f6e5c2326;c5b846f6-0e5f-488f-8db9-903cf600effb;4;0
42365a8b-cc07-4526-8f34-d57f6e5c2326;05922653-dbb1-4d88-9481-81d45a2a89d4;1;2
42365a8b-cc07-4526-8f34-d57f6e5c2326;99412f67-a0f5-4a96-a16c-8d79249bbfef;3;0
42365a8b-cc07-4526-8f34-d57f6e5c2326;fc1a59d4-4b43-412c-a8cf-df27888531b1;3;1
42365a8b-cc07-4526-8f34-d57f6e5c2326;0a1b2929-b031-4c05-9f44-eb05cc63e024;1;1
42365a8b-cc07-4526-8f34-d57f6e5c2326;9fa9c061-bbc6-494a-a0b1-3b04e740478e;0;2
42365a8b-cc07-4526-8f34-d57f6e5c2326;c4fdc0dc-d354-4607-bf5d-9663d8ffcb63;2;1
42365a8b-cc07-4526-8f34-d57f6e5c2326;75669d9e-deb8-4a01-8f82-efcafd8e3cad;2;0
42365a8b-cc07-4526-8f34-d57f6e5c2326;214de929-fd81-4d39-9c4a-8833663e4fe1;3;1
42365a8b-cc07-4526-8f34-d57f6e5c2326;0aa2ebcd-70de-412a-9441-b8b8075500f9;1;2
42365a8b-cc07-4526-8f34-d57f6e5c2326;3bce09a8-fe18-493f-bba3-75b418219afc;2;6
42365a8b-cc07-4526-8f34-d57f6e5c2326;c69858fe-95a6-4da7-b0ed-a1c58b2d06b3;3;1
f3c0c710-8af5-42c5-ab7c-973820454b05;00804107-d265-4ce0-8fa0-ddbe68e8163d;2;2
f3c0c710-8af5-42c5-ab7c-973820454b05;eeb974eb-67fc-4260-a4ea-0a9450cd4bc7;1;2
f3c0c710-8af5-42c5-ab7c-973820454b05;51f0ff44-15d4-4669-a082-050405194406;0;2
f3c0c710-8af5-42c5-ab7c-973820454b05;e5044fff-3542-4b24-9331-b3c3bd84692d;2;0
f3c0c710-8af5-42c5-ab7c-973820454b05;f2e46b5c-6866-492b-b8b3-f6cae34f7ec7;2;3
f3c0c710-8af5-42c5-ab7c-973820454b05;f0e9ba93-8a74-429c-be82-31adef64970b;3;1
f3c0c710-8af5-42c5-ab7c-973820454b05;2c237b79-380c-4474-b377-275e67b9c3a4;2;0
f3c0c710-8af5-42c5-ab7c-973820454b05;1dc15474-5c90-41fd-833a-5bf953fc1a62;1;3
f3c0c710-8af5-42c5-ab7c-973820454b05;ed124ab7-1f57-4c61-ae5b-85f327355a54;2;0
f3c0c710-8af5-42c5-ab7c-973820454b05;bed268f0-cf7e-405c-a096-7cf8a582c7e2;2;1
f3c0c710-8af5-42c5-ab7c-973820454b05;b6ed7065-a307-4e7d-b9f8-f454cdbdf5a8;2;2
f3c0c710-8af5-42c5-ab7c-973820454b05;72b48638-ef0f-4645-92c8-51ec6218ed9a;1;1
f3c0c710-8af5-42c5-ab7c-973820454b05;c6d40e5f-a57d-49c7-8a85-c6524e5629b6;3;2
f3c0c710-8af5-42c5-ab7c-973820454b05;02f0c2c3-b0ec-4dc8-9286-274dc62d85b7;2;2
f3c0c710-8af5-42c5-ab7c-973820454b05;46507557-7c9f-4c02-a1a1-6e23f971e923;1;2
f3c0c710-8af5-42c5-ab7c-973820454b05;3e2e3c77-f016-493b-bf16-07e31fe91466;3;0
f3c0c710-8af5-42c5-ab7c-973820454b05;558195d2-5afb-439d-b3ff-bd8aaa0d05ad;1;2
f3c0c710-8af5-42c5-ab7c-973820454b05;790cc44b-d80a-4fa0-9dff-60a47c367dcc;2;1
f3c0c710-8af5-42c5-ab7c-973820454b05;d15617ab-21a0-4233-b0c7-d81e9c4fe168;2;2
f3c0c710-8af5-42c5-ab7c-973820454b05;8d6f9e88-4f45-4613-bed8-1104fed67e81;1;0
f3c0c710-8af5-42c5-ab7c-973820454b05;38e77705-c9dd-4340-b07b-1a602079c785;2;2
f3c0c710-8af5-42c5-ab7c-973820454b05;7029238d-800f-474c-a1a1-6e39f6426826;1;2
f3c0c710-8af5-42c5-ab7c-973820454b05;b9fe6496-64c2-44a6-9e68-7faa1dbabf94;2;2
f3c0c710-8af5-42c5-ab7c-973820454b05;e7c8da36-b6ff-47fa-9904-06af82e7ade4;1;0
f3c0c710-8af5-42c5-ab7c-973820454b05;35f389be-886f-421b-a0da-6244a230cfc3;3;0
f3c0c710-8af5-42c5-ab7c-973820454b05;9976821a-b7c4-45e4-90e1-4718a8ea498d;2;1
f3c0c710-8af5-42c5-ab7c-973820454b05;4a3ff2cf-924a-40b2-8540-6213eacd2460;3;1
f3c0c710-8af5-42c5-ab7c-973820454b05;bc757dba-eae9-449c-8986-3a7423db361b;1;0
f3c0c710-8af5-42c5-ab7c-973820454b05;4a6a222f-45d8-46dc-a479-9e2862c5ec04;1;3
f3c0c710-8af5-42c5-ab7c-973820454b05;ac7f16c1-b9ac-4471-bbc1-d224f3dea0eb;0;2
f3c0c710-8af5-42c5-ab7c-973820454b05;720ea640-677c-40ea-b0f0-2349c14f43e9;2;1
f3c0c710-8af5-42c5-ab7c-973820454b05;221524df-de81-4c62-b5fc-07692a7a6701;1;0
f3c0c710-8af5-42c5-ab7c-973820454b05;7401aacf-a513-4899-add1-9020af17c085;2;2
f3c0c710-8af5-42c5-ab7c-973820454b05;eb71238e-8f11-4b6c-b3d8-4f073dde25cb;1;1
f3c0c710-8af5-42c5-ab7c-973820454b05;15ccd2e2-ff62-44af-9cdc-4ba734802b4c;0;2
f3c0c710-8af5-42c5-ab7c-973820454b05;b89d061b-211b-468d-8df1-00be0ad11e3b;1;1
f3c0c710-8af5-42c5-ab7c-973820454b05;cc216780-5af6-48e5-ba90-40b2b5095f6f;2;1
f3c0c710-8af5-42c5-ab7c-973820454b05;23c37287-e2a9-46bd-8462-d93e552f7f02;2;2
f3c0c710-8af5-42c5-ab7c-973820454b05;d1baa0fe-6f5b-4c77-ab18-cf3879a35202;2;1
f3c0c710-8af5-42c5-ab7c-973820454b05;48233635-63c8-4c8e-9e24-f5fea034d578;2;2
f3c0c710-8af5-42c5-ab7c-973820454b05;a0ed30bf-d2ba-4f20-b3ff-9235725a2828;1;2
f3c0c710-8af5-42c5-ab7c-973820454b05;dbe94e5e-1ac1-483b-b3e3-b1837bd07b69;1;1
f3c0c710-8af5-42c5-ab7c-973820454b05;b4c8645f-7fda-4983-9b85-79c70621e255;3;0
f3c0c710-8af5-42c5-ab7c-973820454b05;fbafc025-bbef-4e8f-8c24-3168b7c94609;1;2
f3c0c710-8af5-42c5-ab7c-973820454b05;577621d7-41f9-42e9-bc72-7cd5eb642329;2;0
f3c0c710-8af5-42c5-ab7c-973820454b05;2e780d25-f1f5-4e6b-bed3-a2c17e245885;2;1
f3c0c710-8af5-42c5-ab7c-973820454b05;c9bb33fd-91e7-4fba-b13a-32c8f574bac9;1;2
f3c0c710-8af5-42c5-ab7c-973820454b05;4ed786d2-f903-4cfc-8bad-0b1c03757811;1;1
f3c0c710-8af5-42c5-ab7c-973820454b05;ec8fa0cd-da44-4bb1-8124-94c0f54837cf;4;2
f3c0c710-8af5-42c5-ab7c-973820454b05;4fbf144a-faa9-4928-aa94-424246daf5c2;1;2
f3c0c710-8af5-42c5-ab7c-973820454b05;aefa3302-baf2-4aa1-84f3-c1b37212b1fd;3;0
f3c0c710-8af5-42c5-ab7c-973820454b05;ffa9e78d-d28b-4f50-8147-10d459414ece;1;2
f3c0c710-8af5-42c5-ab7c-973820454b05;e234852c-1749-439a-81a0-9714c2de6884;0;2
f3c0c710-8af5-42c5-ab7c-973820454b05;617b2750-c295-4c2c-8947-16e4dfe3e4c3;1;0
f3c0c710-8af5-42c5-ab7c-973820454b05;1af918bd-ec32-4802-bad5-4f631af54133;2;0
f3c0c710-8af5-42c5-ab7c-973820454b05;84295db2-1e91-48de-9c8c-da77f961b366;1;0
f3c0c710-8af5-42c5-ab7c-973820454b05;63ca3b21-8ae6-4694-b5d9-847f594847ca;2;0
f3c0c710-8af5-42c5-ab7c-973820454b05;b16dc9f2-3dd6-4477-950f-33306996710f;1;1
f3c0c710-8af5-42c5-ab7c-973820454b05;417bb761-fee7-4064-91c1-c0ac7f067f27;0;3
f3c0c710-8af5-42c5-ab7c-973820454b05;39a3507d-d9d6-496f-b1d2-1b17699bdcff;0;2
f3c0c710-8af5-42c5-ab7c-973820454b05;c5b846f6-0e5f-488f-8db9-903cf600effb;2;1
f3c0c710-8af5-42c5-ab7c-973820454b05;05922653-dbb1-4d88-9481-81d45a2a89d4;0;2
f3c0c710-8af5-42c5-ab7c-973820454b05;99412f67-a0f5-4a96-a16c-8d79249bbfef;3;1
f3c0c710-8af5-42c5-ab7c-973820454b05;fc1a59d4-4b43-412c-a8cf-df27888531b1;1;0
f3c0c710-8af5-42c5-ab7c-973820454b05;0a1b2929-b031-4c05-9f44-eb05cc63e024;1;1
f3c0c710-8af5-42c5-ab7c-973820454b05;9fa9c061-bbc6-494a-a0b1-3b04e740478e;1;2
f3c0c710-8af5-42c5-ab7c-973820454b05;c4fdc0dc-d354-4607-bf5d-9663d8ffcb63;2;2
f3c0c710-8af5-42c5-ab7c-973820454b05;75669d9e-deb8-4a01-8f82-efcafd8e3cad;3;1
f3c0c710-8af5-42c5-ab7c-973820454b05;214de929-fd81-4d39-9c4a-8833663e4fe1;1;2
f3c0c710-8af5-42c5-ab7c-973820454b05;0aa2ebcd-70de-412a-9441-b8b8075500f9;1;2
f3c0c710-8af5-42c5-ab7c-973820454b05;3bce09a8-fe18-493f-bba3-75b418219afc;1;3
f3c0c710-8af5-42c5-ab7c-973820454b05;c69858fe-95a6-4da7-b0ed-a1c58b2d06b3;2;2
b9540556-61d4-4da8-80f4-daf031f45a73;00804107-d265-4ce0-8fa0-ddbe68e8163d;2;1
b9540556-61d4-4da8-80f4-daf031f45a73;eeb974eb-67fc-4260-a4ea-0a9450cd4bc7;0;1
b9540556-61d4-4da8-80f4-daf031f45a73;51f0ff44-15d4-4669-a082-050405194406;0;0
b9540556-61d4-4da8-80f4-daf031f45a73;e5044fff-3542-4b24-9331-b3c3bd84692d;2;1
b9540556-61d4-4da8-80f4-daf031f45a73;f2e46b5c-6866-492b-b8b3-f6cae34f7ec7;0;3
b9540556-61d4-4da8-80f4-daf031f45a73;f0e9ba93-8a74-429c-be82-31adef64970b;1;1
b9540556-61d4-4da8-80f4-daf031f45a73;2c237b79-380c-4474-b377-275e67b9c3a4;2;0
b9540556-61d4-4da8-80f4-daf031f45a73;1dc15474-5c90-41fd-833a-5bf953fc1a62;1;1
b9540556-61d4-4da8-80f4-daf031f45a73;ed124ab7-1f57-4c61-ae5b-85f327355a54;1;0
b9540556-61d4-4da8-80f4-daf031f45a73;bed268f0-cf7e-405c-a096-7cf8a582c7e2;3;0
b9540556-61d4-4da8-80f4-daf031f45a73;b6ed7065-a307-4e7d-b9f8-f454cdbdf5a8;0;2
b9540556-61d4-4da8-80f4-daf031f45a73;72b48638-ef0f-4645-92c8-51ec6218ed9a;0;2
b9540556-61d4-4da8-80f4-daf031f45a73;c6d40e5f-a57d-49c7-8a85-c6524e5629b6;2;1
b9540556-61d4-4da8-80f4-daf031f45a73;02f0c2c3-b0ec-4dc8-9286-274dc62d85b7;1;3
b9540556-61d4-4da8-80f4-daf031f45a73;46507557-7c9f-4c02-a1a1-6e23f971e923;1;1
b9540556-61d4-4da8-80f4-daf031f45a73;3e2e3c77-f016-493b-bf16-07e31fe91466;2;0
b9540556-61d4-4da8-80f4-daf031f45a73;558195d2-5afb-439d-b3ff-bd8aaa0d05ad;1;0
b9540556-61d4-4da8-80f4-daf031f45a73;790cc44b-d80a-4fa0-9dff-60a47c367dcc;3;0
b9540556-61d4-4da8-80f4-daf031f45a73;d15617ab-21a0-4233-b0c7-d81e9c4fe168;2;1
b9540556-61d4-4da8-80f4-daf031f45a73;8d6f9e88-4f45-4613-bed8-1104fed67e81;1;2
b9540556-61d4-4da8-80f4-daf031f45a73;38e77705-c9dd-4340-b07b-1a602079c785;2;1
b9540556-61d4-4da8-80f4-daf031f45a73;7029238d-800f-474c-a1a1-6e39f6426826;1;1
b9540556-61d4-4da8-80f4-daf031f45a73;b9fe6496-64c2-44a6-9e68-7faa1dbabf94;0;1
b9540556-61d4-4da8-80f4-daf031f45a73;e7c8da36-b6ff-47fa-9904-06af82e7ade4;2;1
b9540556-61d4-4da8-80f4-daf031f45a73;35f389be-886f-421b-a0da-6244a230cfc3;4;0
b9540556-61d4-4da8-80f4-daf031f45a73;9976821a-b7c4-45e4-90e1-4718a8ea498d;2;3
b9540556-61d4-4da8-80f4-daf031f45a73;4a3ff2cf-924a-40b2-8540-6213eacd2460;5;0
b9540556-61d4-4da8-80f4-daf031f45a73;bc757dba-eae9-449c-8986-3a7423db361b;2;0
b9540556-61d4-4da8-80f4-daf031f45a73;4a6a222f-45d8-46dc-a479-9e2862c5ec04;0;1
b9540556-61d4-4da8-80f4-daf031f45a73;ac7f16c1-b9ac-4471-bbc1-d224f3dea0eb;0;2
b9540556-61d4-4da8-80f4-daf031f45a73;720ea640-677c-40ea-b0f0-2349c14f43e9;2;1
b9540556-61d4-4da8-80f4-daf031f45a73;221524df-de81-4c62-b5fc-07692a7a6701;2;0
b9540556-61d4-4da8-80f4-daf031f45a73;7401aacf-a513-4899-add1-9020af17c085;3;0
b9540556-61d4-4da8-80f4-daf031f45a73;eb71238e-8f11-4b6c-b3d8-4f073dde25cb;1;2
b9540556-61d4-4da8-80f4-daf031f45a73;15ccd2e2-ff62-44af-9cdc-4ba734802b4c;1;3
b9540556-61d4-4da8-80f4-daf031f45a73;b89d061b-211b-468d-8df1-00be0ad11e3b;2;1
b9540556-61d4-4da8-80f4-daf031f45a73;cc216780-5af6-48e5-ba90-40b2b5095f6f;2;0
b9540556-61d4-4da8-80f4-daf031f45a73;23c37287-e2a9-46bd-8462-d93e552f7f02;2;1
b9540556-61d4-4da8-80f4-daf031f45a73;d1baa0fe-6f5b-4c77-ab18-cf3879a35202;3;0
b9540556-61d4-4da8-80f4-daf031f45a73;48233635-63c8-4c8e-9e24-f5fea034d578;2;1
b9540556-61d4-4da8-80f4-daf031f45a73;a0ed30bf-d2ba-4f20-b3ff-9235725a2828;0;1
b9540556-61d4-4da8-80f4-daf031f45a73;dbe94e5e-1ac1-483b-b3e3-b1837bd07b69;2;0
b9540556-61d4-4da8-80f4-daf031f45a73;b4c8645f-7fda-4983-9b85-79c70621e255;3;0
b9540556-61d4-4da8-80f4-daf031f45a73;fbafc025-bbef-4e8f-8c24-3168b7c94609;1;2
b9540556-61d4-4da8-80f4-daf031f45a73;577621d7-41f9-42e9-bc72-7cd5eb642329;4;2
b9540556-61d4-4da8-80f4-daf031f45a73;2e780d25-f1f5-4e6b-bed3-a2c17e245885;2;1
b9540556-61d4-4da8-80f4-daf031f45a73;c9bb33fd-91e7-4fba-b13a-32c8f574bac9;1;1
b9540556-61d4-4da8-80f4-daf031f45a73;4ed786d2-f903-4cfc-8bad-0b1c03757811;2;0
b9540556-61d4-4da8-80f4-daf031f45a73;ec8fa0cd-da44-4bb1-8124-94c0f54837cf;3;0
b9540556-61d4-4da8-80f4-daf031f45a73;4fbf144a-faa9-4928-aa94-424246daf5c2;1;3
b9540556-61d4-4da8-80f4-daf031f45a73;aefa3302-baf2-4aa1-84f3-c1b37212b1fd;2;0
b9540556-61d4-4da8-80f4-daf031f45a73;ffa9e78d-d28b-4f50-8147-10d459414ece;2;1
b9540556-61d4-4da8-80f4-daf031f45a73;e234852c-1749-439a-81a0-9714c2de6884;1;2
b9540556-61d4-4da8-80f4-daf031f45a73;617b2750-c295-4c2c-8947-16e4dfe3e4c3;2;1
b9540556-61d4-4da8-80f4-daf031f45a73;1af918bd-ec32-4802-bad5-4f631af54133;3;1
b9540556-61d4-4da8-80f4-daf031f45a73;84295db2-1e91-48de-9c8c-da77f961b366;1;0
b9540556-61d4-4da8-80f4-daf031f45a73;63ca3b21-8ae6-4694-b5d9-847f594847ca;2;0
b9540556-61d4-4da8-80f4-daf031f45a73;b16dc9f2-3dd6-4477-950f-33306996710f;1;2
b9540556-61d4-4da8-80f4-daf031f45a73;417bb761-fee7-4064-91c1-c0ac7f067f27;0;4
b9540556-61d4-4da8-80f4-daf031f45a73;39a3507d-d9d6-496f-b1d2-1b17699bdcff;2;2
b9540556-61d4-4da8-80f4-daf031f45a73;c5b846f6-0e5f-488f-8db9-903cf600effb;2;0
b9540556-61d4-4da8-80f4-daf031f45a73;05922653-dbb1-4d88-9481-81d45a2a89d4;1;2
b9540556-61d4-4da8-80f4-daf031f45a73;99412f67-a0f5-4a96-a16c-8d79249bbfef;2;1
b9540556-61d4-4da8-80f4-daf031f45a73;fc1a59d4-4b43-412c-a8cf-df27888531b1;3;0
b9540556-61d4-4da8-80f4-daf031f45a73;0a1b2929-b031-4c05-9f44-eb05cc63e024;0;0
b9540556-61d4-4da8-80f4-daf031f45a73;9fa9c061-bbc6-494a-a0b1-3b04e740478e;3;1
b9540556-61d4-4da8-80f4-daf031f45a73;c4fdc0dc-d354-4607-bf5d-9663d8ffcb63;2;1
b9540556-61d4-4da8-80f4-daf031f45a73;75669d9e-deb8-4a01-8f82-efcafd8e3cad;1;1
b9540556-61d4-4da8-80f4-daf031f45a73;214de929-fd81-4d39-9c4a-8833663e4fe1;2;0
b9540556-61d4-4da8-80f4-daf031f45a73;0aa2ebcd-70de-412a-9441-b8b8075500f9;0;2
b9540556-61d4-4da8-80f4-daf031f45a73;3bce09a8-fe18-493f-bba3-75b418219afc;0;1
b9540556-61d4-4da8-80f4-daf031f45a73;c69858fe-95a6-4da7-b0ed-a1c58b2d06b3;2;0
fb122eb9-99eb-4135-8f15-b64eae8937a8;00804107-d265-4ce0-8fa0-ddbe68e8163d;2;0
fb122eb9-99eb-4135-8f15-b64eae8937a8;eeb974eb-67fc-4260-a4ea-0a9450cd4bc7;1;1
fb122eb9-99eb-4135-8f15-b64eae8937a8;51f0ff44-15d4-4669-a082-050405194406;1;0
fb122eb9-99eb-4135-8f15-b64eae8937a8;e5044fff-3542-4b24-9331-b3c3bd84692d;1;1
fb122eb9-99eb-4135-8f15-b64eae8937a8;f2e46b5c-6866-492b-b8b3-f6cae34f7ec7;1;2
fb122eb9-99eb-4135-8f15-b64eae8937a8;f0e9ba93-8a74-429c-be82-31adef64970b;0;1
fb122eb9-99eb-4135-8f15-b64eae8937a8;2c237b79-380c-4474-b377-275e67b9c3a4;1;1
fb122eb9-99eb-4135-8f15-b64eae8937a8;1dc15474-5c90-41fd-833a-5bf953fc1a62;0;2
fb122eb9-99eb-4135-8f15-b64eae8937a8;ed124ab7-1f57-4c61-ae5b-85f327355a54;2;0
fb122eb9-99eb-4135-8f15-b64eae8937a8;bed268f0-cf7e-405c-a096-7cf8a582c7e2;1;0
fb122eb9-99eb-4135-8f15-b64eae8937a8;b6ed7065-a307-4e7d-b9f8-f454cdbdf5a8;1;0
fb122eb9-99eb-4135-8f15-b64eae8937a8;72b48638-ef0f-4645-92c8-51ec6218ed9a;1;0
fb122eb9-99eb-4135-8f15-b64eae8937a8;c6d40e5f-a57d-49c7-8a85-c6524e5629b6;2;1
fb122eb9-99eb-4135-8f15-b64eae8937a8;02f0c2c3-b0ec-4dc8-9286-274dc62d85b7;0;1
fb122eb9-99eb-4135-8f15-b64eae8937a8;46507557-7c9f-4c02-a1a1-6e23f971e923;0;1
fb122eb9-99eb-4135-8f15-b64eae8937a8;3e2e3c77-f016-493b-bf16-07e31fe91466;3;0
fb122eb9-99eb-4135-8f15-b64eae8937a8;558195d2-5afb-439d-b3ff-bd8aaa0d05ad;0;2
fb122eb9-99eb-4135-8f15-b64eae8937a8;790cc44b-d80a-4fa0-9dff-60a47c367dcc;2;0
fb122eb9-99eb-4135-8f15-b64eae8937a8;d15617ab-21a0-4233-b0c7-d81e9c4fe168;2;0
fb122eb9-99eb-4135-8f15-b64eae8937a8;8d6f9e88-4f45-4613-bed8-1104fed67e81;1;1
fb122eb9-99eb-4135-8f15-b64eae8937a8;38e77705-c9dd-4340-b07b-1a602079c785;2;0
fb122eb9-99eb-4135-8f15-b64eae8937a8;7029238d-800f-474c-a1a1-6e39f6426826;2;1
fb122eb9-99eb-4135-8f15-b64eae8937a8;b9fe6496-64c2-44a6-9e68-7faa1dbabf94;1;2
fb122eb9-99eb-4135-8f15-b64eae8937a8;e7c8da36-b6ff-47fa-9904-06af82e7ade4;1;1
fb122eb9-99eb-4135-8f15-b64eae8937a8;35f389be-886f-421b-a0da-6244a230cfc3;3;0
fb122eb9-99eb-4135-8f15-b64eae8937a8;9976821a-b7c4-45e4-90e1-4718a8ea498d;1;1
fb122eb9-99eb-4135-8f15-b64eae8937a8;4a3ff2cf-924a-40b2-8540-6213eacd2460;2;0
fb122eb9-99eb-4135-8f15-b64eae8937a8;bc757dba-eae9-449c-8986-3a7423db361b;2;0
fb122eb9-99eb-4135-8f15-b64eae8937a8;4a6a222f-45d8-46dc-a479-9e2862c5ec04;0;2
fb122eb9-99eb-4135-8f15-b64eae8937a8;ac7f16c1-b9ac-4471-bbc1-d224f3dea0eb;0;2
fb122eb9-99eb-4135-8f15-b64eae8937a8;720ea640-677c-40ea-b0f0-2349c14f43e9;2;1
fb122eb9-99eb-4135-8f15-b64eae8937a8;221524df-de81-4c62-b5fc-07692a7a6701;1;1
fb122eb9-99eb-4135-8f15-b64eae8937a8;7401aacf-a513-4899-add1-9020af17c085;2;1
fb122eb9-99eb-4135-8f15-b64eae8937a8;eb71238e-8f11-4b6c-b3d8-4f073dde25cb;0;1
fb122eb9-99eb-4135-8f15-b64eae8937a8;15ccd2e2-ff62-44af-9cdc-4ba734802b4c;0;2
fb122eb9-99eb-4135-8f15-b64eae8937a8;b89d061b-211b-468d-8df1-00be0ad11e3b;1;1
fb122eb9-99eb-4135-8f15-b64eae8937a8;cc216780-5af6-48e5-ba90-40b2b5095f6f;2;0
fb122eb9-99eb-4135-8f15-b64eae8937a8;23c37287-e2a9-46bd-8462-d93e552f7f02;1;0
fb122eb9-99eb-4135-8f15-b64eae8937a8;d1baa0fe-6f5b-4c77-ab18-cf3879a35202;2;0
fb122eb9-99eb-4135-8f15-b64eae8937a8;48233635-63c8-4c8e-9e24-f5fea034d578;0;1
fb122eb9-99eb-4135-8f15-b64eae8937a8;a0ed30bf-d2ba-4f20-b3ff-9235725a2828;0;2
fb122eb9-99eb-4135-8f15-b64eae8937a8;dbe94e5e-1ac1-483b-b3e3-b1837bd07b69;1;1
fb122eb9-99eb-4135-8f15-b64eae8937a8;b4c8645f-7fda-4983-9b85-79c70621e255;3;0
fb122eb9-99eb-4135-8f15-b64eae8937a8;fbafc025-bbef-4e8f-8c24-3168b7c94609;0;2
fb122eb9-99eb-4135-8f15-b64eae8937a8;577621d7-41f9-42e9-bc72-7cd5eb642329;3;0
fb122eb9-99eb-4135-8f15-b64eae8937a8;2e780d25-f1f5-4e6b-bed3-a2c17e245885;2;0
fb122eb9-99eb-4135-8f15-b64eae8937a8;c9bb33fd-91e7-4fba-b13a-32c8f574bac9;1;2
fb122eb9-99eb-4135-8f15-b64eae8937a8;4ed786d2-f903-4cfc-8bad-0b1c03757811;1;1
fb122eb9-99eb-4135-8f15-b64eae8937a8;ec8fa0cd-da44-4bb1-8124-94c0f54837cf;2;1
fb122eb9-99eb-4135-8f15-b64eae8937a8;4fbf144a-faa9-4928-aa94-424246daf5c2;0;2
fb122eb9-99eb-4135-8f15-b64eae8937a8;aefa3302-baf2-4aa1-84f3-c1b37212b1fd;3;0
fb122eb9-99eb-4135-8f15-b64eae8937a8;ffa9e78d-d28b-4f50-8147-10d459414ece;1;1
fb122eb9-99eb-4135-8f15-b64eae8937a8;e234852c-1749-439a-81a0-9714c2de6884;1;2
fb122eb9-99eb-4135-8f15-b64eae8937a8;617b2750-c295-4c2c-8947-16e4dfe3e4c3;2;0
fb122eb9-99eb-4135-8f15-b64eae8937a8;1af918bd-ec32-4802-bad5-4f631af54133;2;0
fb122eb9-99eb-4135-8f15-b64eae8937a8;84295db2-1e91-48de-9c8c-da77f961b366;2;0
fb122eb9-99eb-4135-8f15-b64eae8937a8;63ca3b21-8ae6-4694-b5d9-847f594847ca;2;0
fb122eb9-99eb-4135-8f15-b64eae8937a8;b16dc9f2-3dd6-4477-950f-33306996710f;0;1
fb122eb9-99eb-4135-8f15-b64eae8937a8;417bb761-fee7-4064-91c1-c0ac7f067f27;0;3
fb122eb9-99eb-4135-8f15-b64eae8937a8;39a3507d-d9d6-496f-b1d2-1b17699bdcff;1;1
fb122eb9-99eb-4135-8f15-b64eae8937a8;c5b846f6-0e5f-488f-8db9-903cf600effb;2;0
fb122eb9-99eb-4135-8f15-b64eae8937a8;05922653-dbb1-4d88-9481-81d45a2a89d4;0;2
fb122eb9-99eb-4135-8f15-b64eae8937a8;99412f67-a0f5-4a96-a16c-8d79249bbfef;2;0
fb122eb9-99eb-4135-8f15-b64eae8937a8;fc1a59d4-4b43-412c-a8cf-df27888531b1;2;0
fb122eb9-99eb-4135-8f15-b64eae8937a8;0a1b2929-b031-4c05-9f44-eb05cc63e024;1;1
fb122eb9-99eb-4135-8f15-b64eae8937a8;9fa9c061-bbc6-494a-a0b1-3b04e740478e;1;1
fb122eb9-99eb-4135-8f15-b64eae8937a8;c4fdc0dc-d354-4607-bf5d-9663d8ffcb63;1;1
fb122eb9-99eb-4135-8f15-b64eae8937a8;75669d9e-deb8-4a01-8f82-efcafd8e3cad;1;1
fb122eb9-99eb-4135-8f15-b64eae8937a8;214de929-fd81-4d39-9c4a-8833663e4fe1;2;0
fb122eb9-99eb-4135-8f15-b64eae8937a8;0aa2ebcd-70de-412a-9441-b8b8075500f9;0;2
fb122eb9-99eb-4135-8f15-b64eae8937a8;3bce09a8-fe18-493f-bba3-75b418219afc;0;2
fb122eb9-99eb-4135-8f15-b64eae8937a8;c69858fe-95a6-4da7-b0ed-a1c58b2d06b3;2;0
4837e0cd-dcb3-4839-aa46-1a4c24c18ccb;00804107-d265-4ce0-8fa0-ddbe68e8163d;2;1
4837e0cd-dcb3-4839-aa46-1a4c24c18ccb;eeb974eb-67fc-4260-a4ea-0a9450cd4bc7;1;1
4837e0cd-dcb3-4839-aa46-1a4c24c18ccb;51f0ff44-15d4-4669-a082-050405194406;1;0
4837e0cd-dcb3-4839-aa46-1a4c24c18ccb;e5044fff-3542-4b24-9331-b3c3bd84692d;2;1
4837e0cd-dcb3-4839-aa46-1a4c24c18ccb;f2e46b5c-6866-492b-b8b3-f6cae34f7ec7;0;2
4837e0cd-dcb3-4839-aa46-1a4c24c18ccb;f0e9ba93-8a74-429c-be82-31adef64970b;1;2
4837e0cd-dcb3-4839-aa46-1a4c24c18ccb;2c237b79-380c-4474-b377-275e67b9c3a4;1;0
4837e0cd-dcb3-4839-aa46-1a4c24c18ccb;1dc15474-5c90-41fd-833a-5bf953fc1a62;0;2
4837e0cd-dcb3-4839-aa46-1a4c24c18ccb;ed124ab7-1f57-4c61-ae5b-85f327355a54;2;0
4837e0cd-dcb3-4839-aa46-1a4c24c18ccb;bed268f0-cf7e-405c-a096-7cf8a582c7e2;1;0
4837e0cd-dcb3-4839-aa46-1a4c24c18ccb;b6ed7065-a307-4e7d-b9f8-f454cdbdf5a8;1;1
4837e0cd-dcb3-4839-aa46-1a4c24c18ccb;72b48638-ef0f-4645-92c8-51ec6218ed9a;2;1
4837e0cd-dcb3-4839-aa46-1a4c24c18ccb;c6d40e5f-a57d-49c7-8a85-c6524e5629b6;2;1
4837e0cd-dcb3-4839-aa46-1a4c24c18ccb;02f0c2c3-b0ec-4dc8-9286-274dc62d85b7;0;2
4837e0cd-dcb3-4839-aa46-1a4c24c18ccb;46507557-7c9f-4c02-a1a1-6e23f971e923;0;1
4837e0cd-dcb3-4839-aa46-1a4c24c18ccb;3e2e3c77-f016-493b-bf16-07e31fe91466;3;0
4837e0cd-dcb3-4839-aa46-1a4c24c18ccb;558195d2-5afb-439d-b3ff-bd8aaa0d05ad;0;1
4837e0cd-dcb3-4839-aa46-1a4c24c18ccb;790cc44b-d80a-4fa0-9dff-60a47c367dcc;2;0
4837e0cd-dcb3-4839-aa46-1a4c24c18ccb;d15617ab-21a0-4233-b0c7-d81e9c4fe168;1;0
4837e0cd-dcb3-4839-aa46-1a4c24c18ccb;8d6f9e88-4f45-4613-bed8-1104fed67e81;0;1
4837e0cd-dcb3-4839-aa46-1a4c24c18ccb;38e77705-c9dd-4340-b07b-1a602079c785;1;0
4837e0cd-dcb3-4839-aa46-1a4c24c18ccb;7029238d-800f-474c-a1a1-6e39f6426826;1;1
4837e0cd-dcb3-4839-aa46-1a4c24c18ccb;b9fe6496-64c2-44a6-9e68-7faa1dbabf94;1;2
4837e0cd-dcb3-4839-aa46-1a4c24c18ccb;e7c8da36-b6ff-47fa-9904-06af82e7ade4;2;0
4837e0cd-dcb3-4839-aa46-1a4c24c18ccb;35f389be-886f-421b-a0da-6244a230cfc3;4;0
4837e0cd-dcb3-4839-aa46-1a4c24c18ccb;9976821a-b7c4-45e4-90e1-4718a8ea498d;1;2
4837e0cd-dcb3-4839-aa46-1a4c24c18ccb;4a3ff2cf-924a-40b2-8540-6213eacd2460;2;0
4837e0cd-dcb3-4839-aa46-1a4c24c18ccb;bc757dba-eae9-449c-8986-3a7423db361b;2;0
4837e0cd-dcb3-4839-aa46-1a4c24c18ccb;4a6a222f-45d8-46dc-a479-9e2862c5ec04;0;1
4837e0cd-dcb3-4839-aa46-1a4c24c18ccb;ac7f16c1-b9ac-4471-bbc1-d224f3dea0eb;0;2
4837e0cd-dcb3-4839-aa46-1a4c24c18ccb;720ea640-677c-40ea-b0f0-2349c14f43e9;1;1
4837e0cd-dcb3-4839-aa46-1a4c24c18ccb;221524df-de81-4c62-b5fc-07692a7a6701;1;0
4837e0cd-dcb3-4839-aa46-1a4c24c18ccb;7401aacf-a513-4899-add1-9020af17c085;2;1
4837e0cd-dcb3-4839-aa46-1a4c24c18ccb;eb71238e-8f11-4b6c-b3d8-4f073dde25cb;1;2
4837e0cd-dcb3-4839-aa46-1a4c24c18ccb;15ccd2e2-ff62-44af-9cdc-4ba734802b4c;0;2
4837e0cd-dcb3-4839-aa46-1a4c24c18ccb;b89d061b-211b-468d-8df1-00be0ad11e3b;2;1
4837e0cd-dcb3-4839-aa46-1a4c24c18ccb;cc216780-5af6-48e5-ba90-40b2b5095f6f;2;0
4837e0cd-dcb3-4839-aa46-1a4c24c18ccb;23c37287-e2a9-46bd-8462-d93e552f7f02;1;1
4837e0cd-dcb3-4839-aa46-1a4c24c18ccb;d1baa0fe-6f5b-4c77-ab18-cf3879a35202;3;1
4837e0cd-dcb3-4839-aa46-1a4c24c18ccb;48233635-63c8-4c8e-9e24-f5fea034d578;0;2
4837e0cd-dcb3-4839-aa46-1a4c24c18ccb;a0ed30bf-d2ba-4f20-b3ff-9235725a2828;0;2
4837e0cd-dcb3-4839-aa46-1a4c24c18ccb;dbe94e5e-1ac1-483b-b3e3-b1837bd07b69;1;0
4837e0cd-dcb3-4839-aa46-1a4c24c18ccb;b4c8645f-7fda-4983-9b85-79c70621e255;3;0
4837e0cd-dcb3-4839-aa46-1a4c24c18ccb;fbafc025-bbef-4e8f-8c24-3168b7c94609;1;2
4837e0cd-dcb3-4839-aa46-1a4c24c18ccb;577621d7-41f9-42e9-bc72-7cd5eb642329;3;0
4837e0cd-dcb3-4839-aa46-1a4c24c18ccb;2e780d25-f1f5-4e6b-bed3-a2c17e245885;2;0
4837e0cd-dcb3-4839-aa46-1a4c24c18ccb;c9bb33fd-91e7-4fba-b13a-32c8f574bac9;0;1
4837e0cd-dcb3-4839-aa46-1a4c24c18ccb;4ed786d2-f903-4cfc-8bad-0b1c03757811;0;1
4837e0cd-dcb3-4839-aa46-1a4c24c18ccb;ec8fa0cd-da44-4bb1-8124-94c0f54837cf;3;1
4837e0cd-dcb3-4839-aa46-1a4c24c18ccb;4fbf144a-faa9-4928-aa94-424246daf5c2;0;2
4837e0cd-dcb3-4839-aa46-1a4c24c18ccb;aefa3302-baf2-4aa1-84f3-c1b37212b1fd;3;0
4837e0cd-dcb3-4839-aa46-1a4c24c18ccb;ffa9e78d-d28b-4f50-8147-10d459414ece;1;1
4837e0cd-dcb3-4839-aa46-1a4c24c18ccb;e234852c-1749-439a-81a0-9714c2de6884;1;2
4837e0cd-dcb3-4839-aa46-1a4c24c18ccb;617b2750-c295-4c2c-8947-16e4dfe3e4c3;2;0
4837e0cd-dcb3-4839-aa46-1a4c24c18ccb;1af918bd-ec32-4802-bad5-4f631af54133;2;0
4837e0cd-dcb3-4839-aa46-1a4c24c18ccb;84295db2-1e91-48de-9c8c-da77f961b366;2;0
4837e0cd-dcb3-4839-aa46-1a4c24c18ccb;63ca3b21-8ae6-4694-b5d9-847f594847ca;3;1
4837e0cd-dcb3-4839-aa46-1a4c24c18ccb;b16dc9f2-3dd6-4477-950f-33306996710f;0;2
4837e0cd-dcb3-4839-aa46-1a4c24c18ccb;417bb761-fee7-4064-91c1-c0ac7f067f27;0;2
4837e0cd-dcb3-4839-aa46-1a4c24c18ccb;39a3507d-d9d6-496f-b1d2-1b17699bdcff;0;1
4837e0cd-dcb3-4839-aa46-1a4c24c18ccb;c5b846f6-0e5f-488f-8db9-903cf600effb;3;0
4837e0cd-dcb3-4839-aa46-1a4c24c18ccb;05922653-dbb1-4d88-9481-81d45a2a89d4;0;2
4837e0cd-dcb3-4839-aa46-1a4c24c18ccb;99412f67-a0f5-4a96-a16c-8d79249bbfef;2;0
4837e0cd-dcb3-4839-aa46-1a4c24c18ccb;fc1a59d4-4b43-412c-a8cf-df27888531b1;2;0
4837e0cd-dcb3-4839-aa46-1a4c24c18ccb;0a1b2929-b031-4c05-9f44-eb05cc63e024;1;1
4837e0cd-dcb3-4839-aa46-1a4c24c18ccb;9fa9c061-bbc6-494a-a0b1-3b04e740478e;1;0
4837e0cd-dcb3-4839-aa46-1a4c24c18ccb;c4fdc0dc-d354-4607-bf5d-9663d8ffcb63;2;1
4837e0cd-dcb3-4839-aa46-1a4c24c18ccb;75669d9e-deb8-4a01-8f82-efcafd8e3cad;1;0
4837e0cd-dcb3-4839-aa46-1a4c24c18ccb;214de929-fd81-4d39-9c4a-8833663e4fe1;3;0
4837e0cd-dcb3-4839-aa46-1a4c24c18ccb;0aa2ebcd-70de-412a-9441-b8b8075500f9;0;2
4837e0cd-dcb3-4839-aa46-1a4c24c18ccb;3bce09a8-fe18-493f-bba3-75b418219afc;0;2
4837e0cd-dcb3-4839-aa46-1a4c24c18ccb;c69858fe-95a6-4da7-b0ed-a1c58b2d06b3;2;1
819acc51-54f5-4865-a366-0dbf8db29e0e;00804107-d265-4ce0-8fa0-ddbe68e8163d;2;1
819acc51-54f5-4865-a366-0dbf8db29e0e;eeb974eb-67fc-4260-a4ea-0a9450cd4bc7;1;1
819acc51-54f5-4865-a366-0dbf8db29e0e;51f0ff44-15d4-4669-a082-050405194406;0;1
819acc51-54f5-4865-a366-0dbf8db29e0e;e5044fff-3542-4b24-9331-b3c3bd84692d;1;0
819acc51-54f5-4865-a366-0dbf8db29e0e;f2e46b5c-6866-492b-b8b3-f6cae34f7ec7;1;1
819acc51-54f5-4865-a366-0dbf8db29e0e;f0e9ba93-8a74-429c-be82-31adef64970b;0;2
819acc51-54f5-4865-a366-0dbf8db29e0e;2c237b79-380c-4474-b377-275e67b9c3a4;1;1
819acc51-54f5-4865-a366-0dbf8db29e0e;1dc15474-5c90-41fd-833a-5bf953fc1a62;0;0
819acc51-54f5-4865-a366-0dbf8db29e0e;ed124ab7-1f57-4c61-ae5b-85f327355a54;2;1
819acc51-54f5-4865-a366-0dbf8db29e0e;bed268f0-cf7e-405c-a096-7cf8a582c7e2;0;0
819acc51-54f5-4865-a366-0dbf8db29e0e;b6ed7065-a307-4e7d-b9f8-f454cdbdf5a8;1;1
819acc51-54f5-4865-a366-0dbf8db29e0e;72b48638-ef0f-4645-92c8-51ec6218ed9a;2;2
819acc51-54f5-4865-a366-0dbf8db29e0e;c6d40e5f-a57d-49c7-8a85-c6524e5629b6;2;1
819acc51-54f5-4865-a366-0dbf8db29e0e;02f0c2c3-b0ec-4dc8-9286-274dc62d85b7;1;1
819acc51-54f5-4865-a366-0dbf8db29e0e;46507557-7c9f-4c02-a1a1-6e23f971e923;0;0
819acc51-54f5-4865-a366-0dbf8db29e0e;3e2e3c77-f016-493b-bf16-07e31fe91466;1;0
819acc51-54f5-4865-a366-0dbf8db29e0e;558195d2-5afb-439d-b3ff-bd8aaa0d05ad;1;1
819acc51-54f5-4865-a366-0dbf8db29e0e;790cc44b-d80a-4fa0-9dff-60a47c367dcc;0;0
819acc51-54f5-4865-a366-0dbf8db29e0e;d15617ab-21a0-4233-b0c7-d81e9c4fe168;2;1
819acc51-54f5-4865-a366-0dbf8db29e0e;8d6f9e88-4f45-4613-bed8-1104fed67e81;1;0
819acc51-54f5-4865-a366-0dbf8db29e0e;38e77705-c9dd-4340-b07b-1a602079c785;1;1
819acc51-54f5-4865-a366-0dbf8db29e0e;7029238d-800f-474c-a1a1-6e39f6426826;2;2
819acc51-54f5-4865-a366-0dbf8db29e0e;b9fe6496-64c2-44a6-9e68-7faa1dbabf94;2;3
819acc51-54f5-4865-a366-0dbf8db29e0e;e7c8da36-b6ff-47fa-9904-06af82e7ade4;2;0
819acc51-54f5-4865-a366-0dbf8db29e0e;35f389be-886f-421b-a0da-6244a230cfc3;2;1
819acc51-54f5-4865-a366-0dbf8db29e0e;9976821a-b7c4-45e4-90e1-4718a8ea498d;1;1
819acc51-54f5-4865-a366-0dbf8db29e0e;4a3ff2cf-924a-40b2-8540-6213eacd2460;1;0
819acc51-54f5-4865-a366-0dbf8db29e0e;bc757dba-eae9-449c-8986-3a7423db361b;0;0
819acc51-54f5-4865-a366-0dbf8db29e0e;4a6a222f-45d8-46dc-a479-9e2862c5ec04;2;3
819acc51-54f5-4865-a366-0dbf8db29e0e;ac7f16c1-b9ac-4471-bbc1-d224f3dea0eb;0;1
819acc51-54f5-4865-a366-0dbf8db29e0e;720ea640-677c-40ea-b0f0-2349c14f43e9;2;1
819acc51-54f5-4865-a366-0dbf8db29e0e;221524df-de81-4c62-b5fc-07692a7a6701;1;1
819acc51-54f5-4865-a366-0dbf8db29e0e;7401aacf-a513-4899-add1-9020af17c085;1;0
819acc51-54f5-4865-a366-0dbf8db29e0e;eb71238e-8f11-4b6c-b3d8-4f073dde25cb;2;1
819acc51-54f5-4865-a366-0dbf8db29e0e;15ccd2e2-ff62-44af-9cdc-4ba734802b4c;1;0
819acc51-54f5-4865-a366-0dbf8db29e0e;b89d061b-211b-468d-8df1-00be0ad11e3b;1;2
819acc51-54f5-4865-a366-0dbf8db29e0e;cc216780-5af6-48e5-ba90-40b2b5095f6f;2;2
819acc51-54f5-4865-a366-0dbf8db29e0e;23c37287-e2a9-46bd-8462-d93e552f7f02;0;0
819acc51-54f5-4865-a366-0dbf8db29e0e;d1baa0fe-6f5b-4c77-ab18-cf3879a35202;1;3
819acc51-54f5-4865-a366-0dbf8db29e0e;48233635-63c8-4c8e-9e24-f5fea034d578;2;1
819acc51-54f5-4865-a366-0dbf8db29e0e;a0ed30bf-d2ba-4f20-b3ff-9235725a2828;1;1
819acc51-54f5-4865-a366-0dbf8db29e0e;dbe94e5e-1ac1-483b-b3e3-b1837bd07b69;1;0
819acc51-54f5-4865-a366-0dbf8db29e0e;b4c8645f-7fda-4983-9b85-79c70621e255;3;2
819acc51-54f5-4865-a366-0dbf8db29e0e;fbafc025-bbef-4e8f-8c24-3168b7c94609;2;1
819acc51-54f5-4865-a366-0dbf8db29e0e;577621d7-41f9-42e9-bc72-7cd5eb642329;2;1
819acc51-54f5-4865-a366-0dbf8db29e0e;2e780d25-f1f5-4e6b-bed3-a2c17e245885;1;0
819acc51-54f5-4865-a366-0dbf8db29e0e;c9bb33fd-91e7-4fba-b13a-32c8f574bac9;2;2
819acc51-54f5-4865-a366-0dbf8db29e0e;4ed786d2-f903-4cfc-8bad-0b1c03757811;1;1
819acc51-54f5-4865-a366-0dbf8db29e0e;ec8fa0cd-da44-4bb1-8124-94c0f54837cf;3;1
819acc51-54f5-4865-a366-0dbf8db29e0e;4fbf144a-faa9-4928-aa94-424246daf5c2;1;0
819acc51-54f5-4865-a366-0dbf8db29e0e;aefa3302-baf2-4aa1-84f3-c1b37212b1fd;2;1
819acc51-54f5-4865-a366-0dbf8db29e0e;ffa9e78d-d28b-4f50-8147-10d459414ece;1;1
819acc51-54f5-4865-a366-0dbf8db29e0e;e234852c-1749-439a-81a0-9714c2de6884;0;2
819acc51-54f5-4865-a366-0dbf8db29e0e;617b2750-c295-4c2c-8947-16e4dfe3e4c3;1;1
819acc51-54f5-4865-a366-0dbf8db29e0e;1af918bd-ec32-4802-bad5-4f631af54133;2;1
819acc51-54f5-4865-a366-0dbf8db29e0e;84295db2-1e91-48de-9c8c-da77f961b366;1;1
819acc51-54f5-4865-a366-0dbf8db29e0e;63ca3b21-8ae6-4694-b5d9-847f594847ca;1;0
819acc51-54f5-4865-a366-0dbf8db29e0e;b16dc9f2-3dd6-4477-950f-33306996710f;2;2
819acc51-54f5-4865-a366-0dbf8db29e0e;417bb761-fee7-4064-91c1-c0ac7f067f27;2;3
819acc51-54f5-4865-a366-0dbf8db29e0e;39a3507d-d9d6-496f-b1d2-1b17699bdcff;0;1
819acc51-54f5-4865-a366-0dbf8db29e0e;c5b846f6-0e5f-488f-8db9-903cf600effb;2;1
819acc51-54f5-4865-a366-0dbf8db29e0e;05922653-dbb1-4d88-9481-81d45a2a89d4;1;1
819acc51-54f5-4865-a366-0dbf8db29e0e;99412f67-a0f5-4a96-a16c-8d79249bbfef;1;0
819acc51-54f5-4865-a366-0dbf8db29e0e;fc1a59d4-4b43-412c-a8cf-df27888531b1;1;0
819acc51-54f5-4865-a366-0dbf8db29e0e;0a1b2929-b031-4c05-9f44-eb05cc63e024;1;1
819acc51-54f5-4865-a366-0dbf8db29e0e;9fa9c061-bbc6-494a-a0b1-3b04e740478e;0;0
819acc51-54f5-4865-a366-0dbf8db29e0e;c4fdc0dc-d354-4607-bf5d-9663d8ffcb63;1;2
819acc51-54f5-4865-a366-0dbf8db29e0e;75669d9e-deb8-4a01-8f82-efcafd8e3cad;1;1
819acc51-54f5-4865-a366-0dbf8db29e0e;214de929-fd81-4d39-9c4a-8833663e4fe1;2;1
819acc51-54f5-4865-a366-0dbf8db29e0e;0aa2ebcd-70de-412a-9441-b8b8075500f9;0;0
819acc51-54f5-4865-a366-0dbf8db29e0e;3bce09a8-fe18-493f-bba3-75b418219afc;0;1
819acc51-54f5-4865-a366-0dbf8db29e0e;c69858fe-95a6-4da7-b0ed-a1c58b2d06b3;1;0
4762231e-a47f-4eea-bfd1-2074419e4bfb;00804107-d265-4ce0-8fa0-ddbe68e8163d;2;0
4762231e-a47f-4eea-bfd1-2074419e4bfb;eeb974eb-67fc-4260-a4ea-0a9450cd4bc7;0;2
4762231e-a47f-4eea-bfd1-2074419e4bfb;51f0ff44-15d4-4669-a082-050405194406;1;0
4762231e-a47f-4eea-bfd1-2074419e4bfb;e5044fff-3542-4b24-9331-b3c3bd84692d;2;1
4762231e-a47f-4eea-bfd1-2074419e4bfb;f2e46b5c-6866-492b-b8b3-f6cae34f7ec7;0;0
4762231e-a47f-4eea-bfd1-2074419e4bfb;f0e9ba93-8a74-429c-be82-31adef64970b;1;1
4762231e-a47f-4eea-bfd1-2074419e4bfb;2c237b79-380c-4474-b377-275e67b9c3a4;1;1
4762231e-a47f-4eea-bfd1-2074419e4bfb;1dc15474-5c90-41fd-833a-5bf953fc1a62;0;3
4762231e-a47f-4eea-bfd1-2074419e4bfb;ed124ab7-1f57-4c61-ae5b-85f327355a54;2;0
4762231e-a47f-4eea-bfd1-2074419e4bfb;bed268f0-cf7e-405c-a096-7cf8a582c7e2;4;1
4762231e-a47f-4eea-bfd1-2074419e4bfb;b6ed7065-a307-4e7d-b9f8-f454cdbdf5a8;1;1
4762231e-a47f-4eea-bfd1-2074419e4bfb;72b48638-ef0f-4645-92c8-51ec6218ed9a;2;2
4762231e-a47f-4eea-bfd1-2074419e4bfb;c6d40e5f-a57d-49c7-8a85-c6524e5629b6;1;1
4762231e-a47f-4eea-bfd1-2074419e4bfb;02f0c2c3-b0ec-4dc8-9286-274dc62d85b7;0;2
4762231e-a47f-4eea-bfd1-2074419e4bfb;46507557-7c9f-4c02-a1a1-6e23f971e923;1;2
4762231e-a47f-4eea-bfd1-2074419e4bfb;3e2e3c77-f016-493b-bf16-07e31fe91466;3;0
4762231e-a47f-4eea-bfd1-2074419e4bfb;558195d2-5afb-439d-b3ff-bd8aaa0d05ad;0;1
4762231e-a47f-4eea-bfd1-2074419e4bfb;790cc44b-d80a-4fa0-9dff-60a47c367dcc;2;0
4762231e-a47f-4eea-bfd1-2074419e4bfb;d15617ab-21a0-4233-b0c7-d81e9c4fe168;0;0
4762231e-a47f-4eea-bfd1-2074419e4bfb;8d6f9e88-4f45-4613-bed8-1104fed67e81;1;1
4762231e-a47f-4eea-bfd1-2074419e4bfb;38e77705-c9dd-4340-b07b-1a602079c785;1;0
4762231e-a47f-4eea-bfd1-2074419e4bfb;7029238d-800f-474c-a1a1-6e39f6426826;0;1
4762231e-a47f-4eea-bfd1-2074419e4bfb;b9fe6496-64c2-44a6-9e68-7faa1dbabf94;1;2
4762231e-a47f-4eea-bfd1-2074419e4bfb;e7c8da36-b6ff-47fa-9904-06af82e7ade4;1;1
4762231e-a47f-4eea-bfd1-2074419e4bfb;35f389be-886f-421b-a0da-6244a230cfc3;3;0
4762231e-a47f-4eea-bfd1-2074419e4bfb;9976821a-b7c4-45e4-90e1-4718a8ea498d;0;2
4762231e-a47f-4eea-bfd1-2074419e4bfb;4a3ff2cf-924a-40b2-8540-6213eacd2460;3;1
4762231e-a47f-4eea-bfd1-2074419e4bfb;bc757dba-eae9-449c-8986-3a7423db361b;2;0
4762231e-a47f-4eea-bfd1-2074419e4bfb;4a6a222f-45d8-46dc-a479-9e2862c5ec04;0;0
4762231e-a47f-4eea-bfd1-2074419e4bfb;ac7f16c1-b9ac-4471-bbc1-d224f3dea0eb;1;1
4762231e-a47f-4eea-bfd1-2074419e4bfb;720ea640-677c-40ea-b0f0-2349c14f43e9;1;0
4762231e-a47f-4eea-bfd1-2074419e4bfb;221524df-de81-4c62-b5fc-07692a7a6701;2;1
4762231e-a47f-4eea-bfd1-2074419e4bfb;7401aacf-a513-4899-add1-9020af17c085;1;1
4762231e-a47f-4eea-bfd1-2074419e4bfb;eb71238e-8f11-4b6c-b3d8-4f073dde25cb;0;1
4762231e-a47f-4eea-bfd1-2074419e4bfb;15ccd2e2-ff62-44af-9cdc-4ba734802b4c;1;3
4762231e-a47f-4eea-bfd1-2074419e4bfb;b89d061b-211b-468d-8df1-00be0ad11e3b;1;2
4762231e-a47f-4eea-bfd1-2074419e4bfb;cc216780-5af6-48e5-ba90-40b2b5095f6f;1;0
4762231e-a47f-4eea-bfd1-2074419e4bfb;23c37287-e2a9-46bd-8462-d93e552f7f02;0;0
4762231e-a47f-4eea-bfd1-2074419e4bfb;d1baa0fe-6f5b-4c77-ab18-cf3879a35202;0;0
4762231e-a47f-4eea-bfd1-2074419e4bfb;48233635-63c8-4c8e-9e24-f5fea034d578;0;1
4762231e-a47f-4eea-bfd1-2074419e4bfb;a0ed30bf-d2ba-4f20-b3ff-9235725a2828;0;3
4762231e-a47f-4eea-bfd1-2074419e4bfb;dbe94e5e-1ac1-483b-b3e3-b1837bd07b69;1;0
4762231e-a47f-4eea-bfd1-2074419e4bfb;b4c8645f-7fda-4983-9b85-79c70621e255;3;0
4762231e-a47f-4eea-bfd1-2074419e4bfb;fbafc025-bbef-4e8f-8c24-3168b7c94609;0;1
4762231e-a47f-4eea-bfd1-2074419e4bfb;577621d7-41f9-42e9-bc72-7cd5eb642329;2;0
4762231e-a47f-4eea-bfd1-2074419e4bfb;2e780d25-f1f5-4e6b-bed3-a2c17e245885;3;0
4762231e-a47f-4eea-bfd1-2074419e4bfb;c9bb33fd-91e7-4fba-b13a-32c8f574bac9;1;1
4762231e-a47f-4eea-bfd1-2074419e4bfb;4ed786d2-f903-4cfc-8bad-0b1c03757811;0;0
4762231e-a47f-4eea-bfd1-2074419e4bfb;ec8fa0cd-da44-4bb1-8124-94c0f54837cf;4;0
4762231e-a47f-4eea-bfd1-2074419e4bfb;4fbf144a-faa9-4928-aa94-424246daf5c2;0;1
4762231e-a47f-4eea-bfd1-2074419e4bfb;aefa3302-baf2-4aa1-84f3-c1b37212b1fd;2;0
4762231e-a47f-4eea-bfd1-2074419e4bfb;ffa9e78d-d28b-4f50-8147-10d459414ece;1;0
4762231e-a47f-4eea-bfd1-2074419e4bfb;e234852c-1749-439a-81a0-9714c2de6884;1;2
4762231e-a47f-4eea-bfd1-2074419e4bfb;617b2750-c295-4c2c-8947-16e4dfe3e4c3;0;0
4762231e-a47f-4eea-bfd1-2074419e4bfb;1af918bd-ec32-4802-bad5-4f631af54133;3;0
4762231e-a47f-4eea-bfd1-2074419e4bfb;84295db2-1e91-48de-9c8c-da77f961b366;2;0
4762231e-a47f-4eea-bfd1-2074419e4bfb;63ca3b21-8ae6-4694-b5d9-847f594847ca;1;0
4762231e-a47f-4eea-bfd1-2074419e4bfb;b16dc9f2-3dd6-4477-950f-33306996710f;1;1
4762231e-a47f-4eea-bfd1-2074419e4bfb;417bb761-fee7-4064-91c1-c0ac7f067f27;0;2
4762231e-a47f-4eea-bfd1-2074419e4bfb;39a3507d-d9d6-496f-b1d2-1b17699bdcff;0;1
4762231e-a47f-4eea-bfd1-2074419e4bfb;c5b846f6-0e5f-488f-8db9-903cf600effb;4;0
4762231e-a47f-4eea-bfd1-2074419e4bfb;05922653-dbb1-4d88-9481-81d45a2a89d4;0;2
4762231e-a47f-4eea-bfd1-2074419e4bfb;99412f67-a0f5-4a96-a16c-8d79249bbfef;2;0
4762231e-a47f-4eea-bfd1-2074419e4bfb;fc1a59d4-4b43-412c-a8cf-df27888531b1;2;0
4762231e-a47f-4eea-bfd1-2074419e4bfb;0a1b2929-b031-4c05-9f44-eb05cc63e024;1;1
4762231e-a47f-4eea-bfd1-2074419e4bfb;9fa9c061-bbc6-494a-a0b1-3b04e740478e;0;0
4762231e-a47f-4eea-bfd1-2074419e4bfb;c4fdc0dc-d354-4607-bf5d-9663d8ffcb63;0;0
4762231e-a47f-4eea-bfd1-2074419e4bfb;75669d9e-deb8-4a01-8f82-efcafd8e3cad;1;0
4762231e-a47f-4eea-bfd1-2074419e4bfb;214de929-fd81-4d39-9c4a-8833663e4fe1;2;0
4762231e-a47f-4eea-bfd1-2074419e4bfb;0aa2ebcd-70de-412a-9441-b8b8075500f9;0;3
4762231e-a47f-4eea-bfd1-2074419e4bfb;3bce09a8-fe18-493f-bba3-75b418219afc;0;2
4762231e-a47f-4eea-bfd1-2074419e4bfb;c69858fe-95a6-4da7-b0ed-a1c58b2d06b3;1;0
1aadd2ae-f2f9-4469-8706-984535b648f3;00804107-d265-4ce0-8fa0-ddbe68e8163d;2;1
1aadd2ae-f2f9-4469-8706-984535b648f3;eeb974eb-67fc-4260-a4ea-0a9450cd4bc7;1;1
1aadd2ae-f2f9-4469-8706-984535b648f3;51f0ff44-15d4-4669-a082-050405194406;0;2
1aadd2ae-f2f9-4469-8706-984535b648f3;e5044fff-3542-4b24-9331-b3c3bd84692d;1;0
1aadd2ae-f2f9-4469-8706-984535b648f3;f2e46b5c-6866-492b-b8b3-f6cae34f7ec7;0;1
1aadd2ae-f2f9-4469-8706-984535b648f3;f0e9ba93-8a74-429c-be82-31adef64970b;1;1
1aadd2ae-f2f9-4469-8706-984535b648f3;2c237b79-380c-4474-b377-275e67b9c3a4;1;0
1aadd2ae-f2f9-4469-8706-984535b648f3;1dc15474-5c90-41fd-833a-5bf953fc1a62;0;2
1aadd2ae-f2f9-4469-8706-984535b648f3;ed124ab7-1f57-4c61-ae5b-85f327355a54;2;1
1aadd2ae-f2f9-4469-8706-984535b648f3;bed268f0-cf7e-405c-a096-7cf8a582c7e2;2;2
1aadd2ae-f2f9-4469-8706-984535b648f3;b6ed7065-a307-4e7d-b9f8-f454cdbdf5a8;1;0
1aadd2ae-f2f9-4469-8706-984535b648f3;72b48638-ef0f-4645-92c8-51ec6218ed9a;0;2
1aadd2ae-f2f9-4469-8706-984535b648f3;c6d40e5f-a57d-49c7-8a85-c6524e5629b6;3;1
1aadd2ae-f2f9-4469-8706-984535b648f3;02f0c2c3-b0ec-4dc8-9286-274dc62d85b7;1;0
1aadd2ae-f2f9-4469-8706-984535b648f3;46507557-7c9f-4c02-a1a1-6e23f971e923;0;2
1aadd2ae-f2f9-4469-8706-984535b648f3;3e2e3c77-f016-493b-bf16-07e31fe91466;4;0
1aadd2ae-f2f9-4469-8706-984535b648f3;558195d2-5afb-439d-b3ff-bd8aaa0d05ad;0;3
1aadd2ae-f2f9-4469-8706-984535b648f3;790cc44b-d80a-4fa0-9dff-60a47c367dcc;2;0
1aadd2ae-f2f9-4469-8706-984535b648f3;d15617ab-21a0-4233-b0c7-d81e9c4fe168;1;1
1aadd2ae-f2f9-4469-8706-984535b648f3;8d6f9e88-4f45-4613-bed8-1104fed67e81;2;1
1aadd2ae-f2f9-4469-8706-984535b648f3;38e77705-c9dd-4340-b07b-1a602079c785;0;1
1aadd2ae-f2f9-4469-8706-984535b648f3;7029238d-800f-474c-a1a1-6e39f6426826;0;2
1aadd2ae-f2f9-4469-8706-984535b648f3;b9fe6496-64c2-44a6-9e68-7faa1dbabf94;0;1
1aadd2ae-f2f9-4469-8706-984535b648f3;e7c8da36-b6ff-47fa-9904-06af82e7ade4;2;0
1aadd2ae-f2f9-4469-8706-984535b648f3;35f389be-886f-421b-a0da-6244a230cfc3;5;0
1aadd2ae-f2f9-4469-8706-984535b648f3;9976821a-b7c4-45e4-90e1-4718a8ea498d;0;2
1aadd2ae-f2f9-4469-8706-984535b648f3;4a3ff2cf-924a-40b2-8540-6213eacd2460;3;1
1aadd2ae-f2f9-4469-8706-984535b648f3;bc757dba-eae9-449c-8986-3a7423db361b;3;0
1aadd2ae-f2f9-4469-8706-984535b648f3;4a6a222f-45d8-46dc-a479-9e2862c5ec04;1;2
1aadd2ae-f2f9-4469-8706-984535b648f3;ac7f16c1-b9ac-4471-bbc1-d224f3dea0eb;0;1
1aadd2ae-f2f9-4469-8706-984535b648f3;720ea640-677c-40ea-b0f0-2349c14f43e9;3;1
1aadd2ae-f2f9-4469-8706-984535b648f3;221524df-de81-4c62-b5fc-07692a7a6701;2;0
1aadd2ae-f2f9-4469-8706-984535b648f3;7401aacf-a513-4899-add1-9020af17c085;3;1
1aadd2ae-f2f9-4469-8706-984535b648f3;eb71238e-8f11-4b6c-b3d8-4f073dde25cb;1;1
1aadd2ae-f2f9-4469-8706-984535b648f3;15ccd2e2-ff62-44af-9cdc-4ba734802b4c;1;3
1aadd2ae-f2f9-4469-8706-984535b648f3;b89d061b-211b-468d-8df1-00be0ad11e3b;1;2
1aadd2ae-f2f9-4469-8706-984535b648f3;cc216780-5af6-48e5-ba90-40b2b5095f6f;2;0
1aadd2ae-f2f9-4469-8706-984535b648f3;23c37287-e2a9-46bd-8462-d93e552f7f02;1;1
1aadd2ae-f2f9-4469-8706-984535b648f3;d1baa0fe-6f5b-4c77-ab18-cf3879a35202;1;0
1aadd2ae-f2f9-4469-8706-984535b648f3;48233635-63c8-4c8e-9e24-f5fea034d578;2;2
1aadd2ae-f2f9-4469-8706-984535b648f3;a0ed30bf-d2ba-4f20-b3ff-9235725a2828;1;2
1aadd2ae-f2f9-4469-8706-984535b648f3;dbe94e5e-1ac1-483b-b3e3-b1837bd07b69;2;2
1aadd2ae-f2f9-4469-8706-984535b648f3;b4c8645f-7fda-4983-9b85-79c70621e255;3;0
1aadd2ae-f2f9-4469-8706-984535b648f3;fbafc025-bbef-4e8f-8c24-3168b7c94609;0;2
1aadd2ae-f2f9-4469-8706-984535b648f3;577621d7-41f9-42e9-bc72-7cd5eb642329;2;0
1aadd2ae-f2f9-4469-8706-984535b648f3;2e780d25-f1f5-4e6b-bed3-a2c17e245885;1;0
1aadd2ae-f2f9-4469-8706-984535b648f3;c9bb33fd-91e7-4fba-b13a-32c8f574bac9;1;2
1aadd2ae-f2f9-4469-8706-984535b648f3;4ed786d2-f903-4cfc-8bad-0b1c03757811;0;1
1aadd2ae-f2f9-4469-8706-984535b648f3;ec8fa0cd-da44-4bb1-8124-94c0f54837cf;4;0
1aadd2ae-f2f9-4469-8706-984535b648f3;4fbf144a-faa9-4928-aa94-424246daf5c2;0;1
1aadd2ae-f2f9-4469-8706-984535b648f3;aefa3302-baf2-4aa1-84f3-c1b37212b1fd;3;0
1aadd2ae-f2f9-4469-8706-984535b648f3;ffa9e78d-d28b-4f50-8147-10d459414ece;0;2
1aadd2ae-f2f9-4469-8706-984535b648f3;e234852c-1749-439a-81a0-9714c2de6884;0;4
1aadd2ae-f2f9-4469-8706-984535b648f3;617b2750-c295-4c2c-8947-16e4dfe3e4c3;1;1
1aadd2ae-f2f9-4469-8706-984535b648f3;1af918bd-ec32-4802-bad5-4f631af54133;3;0
1aadd2ae-f2f9-4469-8706-984535b648f3;84295db2-1e91-48de-9c8c-da77f961b366;2;1
1aadd2ae-f2f9-4469-8706-984535b648f3;63ca3b21-8ae6-4694-b5d9-847f594847ca;2;0
1aadd2ae-f2f9-4469-8706-984535b648f3;b16dc9f2-3dd6-4477-950f-33306996710f;1;0
1aadd2ae-f2f9-4469-8706-984535b648f3;417bb761-fee7-4064-91c1-c0ac7f067f27;0;3
1aadd2ae-f2f9-4469-8706-984535b648f3;39a3507d-d9d6-496f-b1d2-1b17699bdcff;0;1
1aadd2ae-f2f9-4469-8706-984535b648f3;c5b846f6-0e5f-488f-8db9-903cf600effb;1;0
1aadd2ae-f2f9-4469-8706-984535b648f3;05922653-dbb1-4d88-9481-81d45a2a89d4;0;2
1aadd2ae-f2f9-4469-8706-984535b648f3;99412f67-a0f5-4a96-a16c-8d79249bbfef;2;0
1aadd2ae-f2f9-4469-8706-984535b648f3;fc1a59d4-4b43-412c-a8cf-df27888531b1;3;1
1aadd2ae-f2f9-4469-8706-984535b648f3;0a1b2929-b031-4c05-9f44-eb05cc63e024;2;1
1aadd2ae-f2f9-4469-8706-984535b648f3;9fa9c061-bbc6-494a-a0b1-3b04e740478e;1;0
1aadd2ae-f2f9-4469-8706-984535b648f3;c4fdc0dc-d354-4607-bf5d-9663d8ffcb63;2;1
1aadd2ae-f2f9-4469-8706-984535b648f3;75669d9e-deb8-4a01-8f82-efcafd8e3cad;0;1
1aadd2ae-f2f9-4469-8706-984535b648f3;214de929-fd81-4d39-9c4a-8833663e4fe1;2;0
1aadd2ae-f2f9-4469-8706-984535b648f3;0aa2ebcd-70de-412a-9441-b8b8075500f9;0;2
1aadd2ae-f2f9-4469-8706-984535b648f3;3bce09a8-fe18-493f-bba3-75b418219afc;1;3
1aadd2ae-f2f9-4469-8706-984535b648f3;c69858fe-95a6-4da7-b0ed-a1c58b2d06b3;2;0
dd3e21bd-5a92-48f4-a790-65175201afe4;00804107-d265-4ce0-8fa0-ddbe68e8163d;1;0
dd3e21bd-5a92-48f4-a790-65175201afe4;eeb974eb-67fc-4260-a4ea-0a9450cd4bc7;0;1
dd3e21bd-5a92-48f4-a790-65175201afe4;51f0ff44-15d4-4669-a082-050405194406;2;1
dd3e21bd-5a92-48f4-a790-65175201afe4;e5044fff-3542-4b24-9331-b3c3bd84692d;2;0
dd3e21bd-5a92-48f4-a790-65175201afe4;f2e46b5c-6866-492b-b8b3-f6cae34f7ec7;1;1
dd3e21bd-5a92-48f4-a790-65175201afe4;f0e9ba93-8a74-429c-be82-31adef64970b;1;0
dd3e21bd-5a92-48f4-a790-65175201afe4;2c237b79-380c-4474-b377-275e67b9c3a4;2;1
dd3e21bd-5a92-48f4-a790-65175201afe4;1dc15474-5c90-41fd-833a-5bf953fc1a62;0;2
dd3e21bd-5a92-48f4-a790-65175201afe4;ed124ab7-1f57-4c61-ae5b-85f327355a54;1;0
dd3e21bd-5a92-48f4-a790-65175201afe4;bed268f0-cf7e-405c-a096-7cf8a582c7e2;3;0
dd3e21bd-5a92-48f4-a790-65175201afe4;b6ed7065-a307-4e7d-b9f8-f454cdbdf5a8;2;3
dd3e21bd-5a92-48f4-a790-65175201afe4;72b48638-ef0f-4645-92c8-51ec6218ed9a;1;2
dd3e21bd-5a92-48f4-a790-65175201afe4;c6d40e5f-a57d-49c7-8a85-c6524e5629b6;1;0
dd3e21bd-5a92-48f4-a790-65175201afe4;02f0c2c3-b0ec-4dc8-9286-274dc62d85b7;0;4
dd3e21bd-5a92-48f4-a790-65175201afe4;46507557-7c9f-4c02-a1a1-6e23f971e923;1;1
dd3e21bd-5a92-48f4-a790-65175201afe4;3e2e3c77-f016-493b-bf16-07e31fe91466;5;0
dd3e21bd-5a92-48f4-a790-65175201afe4;558195d2-5afb-439d-b3ff-bd8aaa0d05ad;1;2
dd3e21bd-5a92-48f4-a790-65175201afe4;790cc44b-d80a-4fa0-9dff-60a47c367dcc;3;0
dd3e21bd-5a92-48f4-a790-65175201afe4;d15617ab-21a0-4233-b0c7-d81e9c4fe168;0;0
dd3e21bd-5a92-48f4-a790-65175201afe4;8d6f9e88-4f45-4613-bed8-1104fed67e81;0;1
dd3e21bd-5a92-48f4-a790-65175201afe4;38e77705-c9dd-4340-b07b-1a602079c785;2;1
dd3e21bd-5a92-48f4-a790-65175201afe4;7029238d-800f-474c-a1a1-6e39f6426826;1;0
dd3e21bd-5a92-48f4-a790-65175201afe4;b9fe6496-64c2-44a6-9e68-7faa1dbabf94;2;0
dd3e21bd-5a92-48f4-a790-65175201afe4;e7c8da36-b6ff-47fa-9904-06af82e7ade4;1;3
dd3e21bd-5a92-48f4-a790-65175201afe4;35f389be-886f-421b-a0da-6244a230cfc3;1;0
dd3e21bd-5a92-48f4-a790-65175201afe4;9976821a-b7c4-45e4-90e1-4718a8ea498d;2;1
dd3e21bd-5a92-48f4-a790-65175201afe4;4a3ff2cf-924a-40b2-8540-6213eacd2460;2;2
dd3e21bd-5a92-48f4-a790-65175201afe4;bc757dba-eae9-449c-8986-3a7423db361b;2;0
dd3e21bd-5a92-48f4-a790-65175201afe4;4a6a222f-45d8-46dc-a479-9e2862c5ec04;2;1
dd3e21bd-5a92-48f4-a790-65175201afe4;ac7f16c1-b9ac-4471-bbc1-d224f3dea0eb;0;2
dd3e21bd-5a92-48f4-a790-65175201afe4;720ea640-677c-40ea-b0f0-2349c14f43e9;2;1
dd3e21bd-5a92-48f4-a790-65175201afe4;221524df-de81-4c62-b5fc-07692a7a6701;0;1
dd3e21bd-5a92-48f4-a790-65175201afe4;7401aacf-a513-4899-add1-9020af17c085;3;0
dd3e21bd-5a92-48f4-a790-65175201afe4;eb71238e-8f11-4b6c-b3d8-4f073dde25cb;1;2
dd3e21bd-5a92-48f4-a790-65175201afe4;15ccd2e2-ff62-44af-9cdc-4ba734802b4c;0;3
dd3e21bd-5a92-48f4-a790-65175201afe4;b89d061b-211b-468d-8df1-00be0ad11e3b;3;0
dd3e21bd-5a92-48f4-a790-65175201afe4;cc216780-5af6-48e5-ba90-40b2b5095f6f;2;1
dd3e21bd-5a92-48f4-a790-65175201afe4;23c37287-e2a9-46bd-8462-d93e552f7f02;2;1
dd3e21bd-5a92-48f4-a790-65175201afe4;d1baa0fe-6f5b-4c77-ab18-cf3879a35202;3;1
dd3e21bd-5a92-48f4-a790-65175201afe4;48233635-63c8-4c8e-9e24-f5fea034d578;0;3
dd3e21bd-5a92-48f4-a790-65175201afe4;a0ed30bf-d2ba-4f20-b3ff-9235725a2828;0;4
dd3e21bd-5a92-48f4-a790-65175201afe4;dbe94e5e-1ac1-483b-b3e3-b1837bd07b69;2;0
dd3e21bd-5a92-48f4-a790-65175201afe4;b4c8645f-7fda-4983-9b85-79c70621e255;4;0
dd3e21bd-5a92-48f4-a790-65175201afe4;fbafc025-bbef-4e8f-8c24-3168b7c94609;0;2
dd3e21bd-5a92-48f4-a790-65175201afe4;577621d7-41f9-42e9-bc72-7cd5eb642329;3;1
dd3e21bd-5a92-48f4-a790-65175201afe4;2e780d25-f1f5-4e6b-bed3-a2c17e245885;3;1
dd3e21bd-5a92-48f4-a790-65175201afe4;c9bb33fd-91e7-4fba-b13a-32c8f574bac9;1;2
dd3e21bd-5a92-48f4-a790-65175201afe4;4ed786d2-f903-4cfc-8bad-0b1c03757811;2;1
dd3e21bd-5a92-48f4-a790-65175201afe4;ec8fa0cd-da44-4bb1-8124-94c0f54837cf;3;0
dd3e21bd-5a92-48f4-a790-65175201afe4;4fbf144a-faa9-4928-aa94-424246daf5c2;0;6
dd3e21bd-5a92-48f4-a790-65175201afe4;aefa3302-baf2-4aa1-84f3-c1b37212b1fd;5;0
dd3e21bd-5a92-48f4-a790-65175201afe4;ffa9e78d-d28b-4f50-8147-10d459414ece;3;1
dd3e21bd-5a92-48f4-a790-65175201afe4;e234852c-1749-439a-81a0-9714c2de6884;1;2
dd3e21bd-5a92-48f4-a790-65175201afe4;617b2750-c295-4c2c-8947-16e4dfe3e4c3;3;0
dd3e21bd-5a92-48f4-a790-65175201afe4;1af918bd-ec32-4802-bad5-4f631af54133;2;0
dd3e21bd-5a92-48f4-a790-65175201afe4;84295db2-1e91-48de-9c8c-da77f961b366;3;0
dd3e21bd-5a92-48f4-a790-65175201afe4;63ca3b21-8ae6-4694-b5d9-847f594847ca;3;1
dd3e21bd-5a92-48f4-a790-65175201afe4;b16dc9f2-3dd6-4477-950f-33306996710f;0;0
dd3e21bd-5a92-48f4-a790-65175201afe4;417bb761-fee7-4064-91c1-c0ac7f067f27;0;4
dd3e21bd-5a92-48f4-a790-65175201afe4;39a3507d-d9d6-496f-b1d2-1b17699bdcff;0;0
dd3e21bd-5a92-48f4-a790-65175201afe4;c5b846f6-0e5f-488f-8db9-903cf600effb;4;0
dd3e21bd-5a92-48f4-a790-65175201afe4;05922653-dbb1-4d88-9481-81d45a2a89d4;0;2
dd3e21bd-5a92-48f4-a790-65175201afe4;99412f67-a0f5-4a96-a16c-8d79249bbfef;5;0
dd3e21bd-5a92-48f4-a790-65175201afe4;fc1a59d4-4b43-412c-a8cf-df27888531b1;3;1
dd3e21bd-5a92-48f4-a790-65175201afe4;0a1b2929-b031-4c05-9f44-eb05cc63e024;2;3
dd3e21bd-5a92-48f4-a790-65175201afe4;9fa9c061-bbc6-494a-a0b1-3b04e740478e;1;2
dd3e21bd-5a92-48f4-a790-65175201afe4;c4fdc0dc-d354-4607-bf5d-9663d8ffcb63;2;0
dd3e21bd-5a92-48f4-a790-65175201afe4;75669d9e-deb8-4a01-8f82-efcafd8e3cad;1;0
dd3e21bd-5a92-48f4-a790-65175201afe4;214de929-fd81-4d39-9c4a-8833663e4fe1;2;1
dd3e21bd-5a92-48f4-a790-65175201afe4;0aa2ebcd-70de-412a-9441-b8b8075500f9;1;2
dd3e21bd-5a92-48f4-a790-65175201afe4;3bce09a8-fe18-493f-bba3-75b418219afc;1;3
dd3e21bd-5a92-48f4-a790-65175201afe4;c69858fe-95a6-4da7-b0ed-a1c58b2d06b3;1;2
96688c50-a145-4774-969e-c36ce4f139fd;00804107-d265-4ce0-8fa0-ddbe68e8163d;2;1
96688c50-a145-4774-969e-c36ce4f139fd;eeb974eb-67fc-4260-a4ea-0a9450cd4bc7;1;3
96688c50-a145-4774-969e-c36ce4f139fd;51f0ff44-15d4-4669-a082-050405194406;2;0
96688c50-a145-4774-969e-c36ce4f139fd;e5044fff-3542-4b24-9331-b3c3bd84692d;2;1
96688c50-a145-4774-969e-c36ce4f139fd;f2e46b5c-6866-492b-b8b3-f6cae34f7ec7;2;2
96688c50-a145-4774-969e-c36ce4f139fd;f0e9ba93-8a74-429c-be82-31adef64970b;3;1
96688c50-a145-4774-969e-c36ce4f139fd;2c237b79-380c-4474-b377-275e67b9c3a4;2;2
96688c50-a145-4774-969e-c36ce4f139fd;1dc15474-5c90-41fd-833a-5bf953fc1a62;1;3
96688c50-a145-4774-969e-c36ce4f139fd;ed124ab7-1f57-4c61-ae5b-85f327355a54;3;0
96688c50-a145-4774-969e-c36ce4f139fd;bed268f0-cf7e-405c-a096-7cf8a582c7e2;1;3
96688c50-a145-4774-969e-c36ce4f139fd;b6ed7065-a307-4e7d-b9f8-f454cdbdf5a8;3;1
96688c50-a145-4774-969e-c36ce4f139fd;72b48638-ef0f-4645-92c8-51ec6218ed9a;1;2
96688c50-a145-4774-969e-c36ce4f139fd;c6d40e5f-a57d-49c7-8a85-c6524e5629b6;3;1
96688c50-a145-4774-969e-c36ce4f139fd;02f0c2c3-b0ec-4dc8-9286-274dc62d85b7;0;4
96688c50-a145-4774-969e-c36ce4f139fd;46507557-7c9f-4c02-a1a1-6e23f971e923;2;2
96688c50-a145-4774-969e-c36ce4f139fd;3e2e3c77-f016-493b-bf16-07e31fe91466;6;0
96688c50-a145-4774-969e-c36ce4f139fd;558195d2-5afb-439d-b3ff-bd8aaa0d05ad;2;3
96688c50-a145-4774-969e-c36ce4f139fd;790cc44b-d80a-4fa0-9dff-60a47c367dcc;5;0
96688c50-a145-4774-969e-c36ce4f139fd;d15617ab-21a0-4233-b0c7-d81e9c4fe168;2;1
96688c50-a145-4774-969e-c36ce4f139fd;8d6f9e88-4f45-4613-bed8-1104fed67e81;1;2
96688c50-a145-4774-969e-c36ce4f139fd;38e77705-c9dd-4340-b07b-1a602079c785;3;1
96688c50-a145-4774-969e-c36ce4f139fd;7029238d-800f-474c-a1a1-6e39f6426826;1;1
96688c50-a145-4774-969e-c36ce4f139fd;b9fe6496-64c2-44a6-9e68-7faa1dbabf94;2;3
96688c50-a145-4774-969e-c36ce4f139fd;e7c8da36-b6ff-47fa-9904-06af82e7ade4;3;1
96688c50-a145-4774-969e-c36ce4f139fd;35f389be-886f-421b-a0da-6244a230cfc3;6;0
96688c50-a145-4774-969e-c36ce4f139fd;9976821a-b7c4-45e4-90e1-4718a8ea498d;2;1
96688c50-a145-4774-969e-c36ce4f139fd;4a3ff2cf-924a-40b2-8540-6213eacd2460;4;1
96688c50-a145-4774-969e-c36ce4f139fd;bc757dba-eae9-449c-8986-3a7423db361b;4;0
96688c50-a145-4774-969e-c36ce4f139fd;4a6a222f-45d8-46dc-a479-9e2862c5ec04;0;4
96688c50-a145-4774-969e-c36ce4f139fd;ac7f16c1-b9ac-4471-bbc1-d224f3dea0eb;0;4
96688c50-a145-4774-969e-c36ce4f139fd;720ea640-677c-40ea-b0f0-2349c14f43e9;3;1
96688c50-a145-4774-969e-c36ce4f139fd;221524df-de81-4c62-b5fc-07692a7a6701;2;2
96688c50-a145-4774-969e-c36ce4f139fd;7401aacf-a513-4899-add1-9020af17c085;2;0
96688c50-a145-4774-969e-c36ce4f139fd;eb71238e-8f11-4b6c-b3d8-4f073dde25cb;1;2
96688c50-a145-4774-969e-c36ce4f139fd;15ccd2e2-ff62-44af-9cdc-4ba734802b4c;0;4
96688c50-a145-4774-969e-c36ce4f139fd;b89d061b-211b-468d-8df1-00be0ad11e3b;2;2
96688c50-a145-4774-969e-c36ce4f139fd;cc216780-5af6-48e5-ba90-40b2b5095f6f;3;0
96688c50-a145-4774-969e-c36ce4f139fd;23c37287-e2a9-46bd-8462-d93e552f7f02;1;2
96688c50-a145-4774-969e-c36ce4f139fd;d1baa0fe-6f5b-4c77-ab18-cf3879a35202;3;0
96688c50-a145-4774-969e-c36ce4f139fd;48233635-63c8-4c8e-9e24-f5fea034d578;1;2
96688c50-a145-4774-969e-c36ce4f139fd;a0ed30bf-d2ba-4f20-b3ff-9235725a2828;0;4
96688c50-a145-4774-969e-c36ce4f139fd;dbe94e5e-1ac1-483b-b3e3-b1837bd07b69;2;1
96688c50-a145-4774-969e-c36ce4f139fd;b4c8645f-7fda-4983-9b85-79c70621e255;6;0
96688c50-a145-4774-969e-c36ce4f139fd;fbafc025-bbef-4e8f-8c24-3168b7c94609;1;2
96688c50-a145-4774-969e-c36ce4f139fd;577621d7-41f9-42e9-bc72-7cd5eb642329;5;0
96688c50-a145-4774-969e-c36ce4f139fd;2e780d25-f1f5-4e6b-bed3-a2c17e245885;3;0
96688c50-a145-4774-969e-c36ce4f139fd;c9bb33fd-91e7-4fba-b13a-32c8f574bac9;2;4
96688c50-a145-4774-969e-c36ce4f139fd;4ed786d2-f903-4cfc-8bad-0b1c03757811;0;3
96688c50-a145-4774-969e-c36ce4f139fd;ec8fa0cd-da44-4bb1-8124-94c0f54837cf;4;1
96688c50-a145-4774-969e-c36ce4f139fd;4fbf144a-faa9-4928-aa94-424246daf5c2;0;3
96688c50-a145-4774-969e-c36ce4f139fd;aefa3302-baf2-4aa1-84f3-c1b37212b1fd;5;0
96688c50-a145-4774-969e-c36ce4f139fd;ffa9e78d-d28b-4f50-8147-10d459414ece;2;1
96688c50-a145-4774-969e-c36ce4f139fd;e234852c-1749-439a-81a0-9714c2de6884;1;3
96688c50-a145-4774-969e-c36ce4f139fd;617b2750-c295-4c2c-8947-16e4dfe3e4c3;3;1
96688c50-a145-4774-969e-c36ce4f139fd;1af918bd-ec32-4802-bad5-4f631af54133;3;1
96688c50-a145-4774-969e-c36ce4f139fd;84295db2-1e91-48de-9c8c-da77f961b366;3;0
96688c50-a145-4774-969e-c36ce4f139fd;63ca3b21-8ae6-4694-b5d9-847f594847ca;2;1
96688c50-a145-4774-969e-c36ce4f139fd;b16dc9f2-3dd6-4477-950f-33306996710f;1;2
96688c50-a145-4774-969e-c36ce4f139fd;417bb761-fee7-4064-91c1-c0ac7f067f27;0;4
96688c50-a145-4774-969e-c36ce4f139fd;39a3507d-d9d6-496f-b1d2-1b17699bdcff;1;2
96688c50-a145-4774-969e-c36ce4f139fd;c5b846f6-0e5f-488f-8db9-903cf600effb;5;0
96688c50-a145-4774-969e-c36ce4f139fd;05922653-dbb1-4d88-9481-81d45a2a89d4;0;4
96688c50-a145-4774-969e-c36ce4f139fd;99412f67-a0f5-4a96-a16c-8d79249bbfef;6;0
96688c50-a145-4774-969e-c36ce4f139fd;fc1a59d4-4b43-412c-a8cf-df27888531b1;5;0
96688c50-a145-4774-969e-c36ce4f139fd;0a1b2929-b031-4c05-9f44-eb05cc63e024;1;3
96688c50-a145-4774-969e-c36ce4f139fd;9fa9c061-bbc6-494a-a0b1-3b04e740478e;2;2
96688c50-a145-4774-969e-c36ce4f139fd;c4fdc0dc-d354-4607-bf5d-9663d8ffcb63;2;2
96688c50-a145-4774-969e-c36ce4f139fd;75669d9e-deb8-4a01-8f82-efcafd8e3cad;2;0
96688c50-a145-4774-969e-c36ce4f139fd;214de929-fd81-4d39-9c4a-8833663e4fe1;3;0
96688c50-a145-4774-969e-c36ce4f139fd;0aa2ebcd-70de-412a-9441-b8b8075500f9;0;3
96688c50-a145-4774-969e-c36ce4f139fd;3bce09a8-fe18-493f-bba3-75b418219afc;0;4
96688c50-a145-4774-969e-c36ce4f139fd;c69858fe-95a6-4da7-b0ed-a1c58b2d06b3;3;1
ae6aceb4-183b-4e5d-af12-da77ddd11b1e;00804107-d265-4ce0-8fa0-ddbe68e8163d;2;0
ae6aceb4-183b-4e5d-af12-da77ddd11b1e;eeb974eb-67fc-4260-a4ea-0a9450cd4bc7;1;1
ae6aceb4-183b-4e5d-af12-da77ddd11b1e;51f0ff44-15d4-4669-a082-050405194406;2;0
ae6aceb4-183b-4e5d-af12-da77ddd11b1e;e5044fff-3542-4b24-9331-b3c3bd84692d;2;1
ae6aceb4-183b-4e5d-af12-da77ddd11b1e;f2e46b5c-6866-492b-b8b3-f6cae34f7ec7;1;1
ae6aceb4-183b-4e5d-af12-da77ddd11b1e;f0e9ba93-8a74-429c-be82-31adef64970b;0;2
ae6aceb4-183b-4e5d-af12-da77ddd11b1e;2c237b79-380c-4474-b377-275e67b9c3a4;1;1
ae6aceb4-183b-4e5d-af12-da77ddd11b1e;1dc15474-5c90-41fd-833a-5bf953fc1a62;0;3
ae6aceb4-183b-4e5d-af12-da77ddd11b1e;ed124ab7-1f57-4c61-ae5b-85f327355a54;1;1
ae6aceb4-183b-4e5d-af12-da77ddd11b1e;bed268f0-cf7e-405c-a096-7cf8a582c7e2;2;0
ae6aceb4-183b-4e5d-af12-da77ddd11b1e;b6ed7065-a307-4e7d-b9f8-f454cdbdf5a8;1;1
ae6aceb4-183b-4e5d-af12-da77ddd11b1e;72b48638-ef0f-4645-92c8-51ec6218ed9a;2;0
ae6aceb4-183b-4e5d-af12-da77ddd11b1e;c6d40e5f-a57d-49c7-8a85-c6524e5629b6;2;1
ae6aceb4-183b-4e5d-af12-da77ddd11b1e;02f0c2c3-b0ec-4dc8-9286-274dc62d85b7;0;2
ae6aceb4-183b-4e5d-af12-da77ddd11b1e;46507557-7c9f-4c02-a1a1-6e23f971e923;1;1
ae6aceb4-183b-4e5d-af12-da77ddd11b1e;3e2e3c77-f016-493b-bf16-07e31fe91466;4;0
ae6aceb4-183b-4e5d-af12-da77ddd11b1e;558195d2-5afb-439d-b3ff-bd8aaa0d05ad;0;2
ae6aceb4-183b-4e5d-af12-da77ddd11b1e;790cc44b-d80a-4fa0-9dff-60a47c367dcc;3;0
ae6aceb4-183b-4e5d-af12-da77ddd11b1e;d15617ab-21a0-4233-b0c7-d81e9c4fe168;1;1
ae6aceb4-183b-4e5d-af12-da77ddd11b1e;8d6f9e88-4f45-4613-bed8-1104fed67e81;0;2
ae6aceb4-183b-4e5d-af12-da77ddd11b1e;38e77705-c9dd-4340-b07b-1a602079c785;2;1
ae6aceb4-183b-4e5d-af12-da77ddd11b1e;7029238d-800f-474c-a1a1-6e39f6426826;2;1
ae6aceb4-183b-4e5d-af12-da77ddd11b1e;b9fe6496-64c2-44a6-9e68-7faa1dbabf94;2;1
ae6aceb4-183b-4e5d-af12-da77ddd11b1e;e7c8da36-b6ff-47fa-9904-06af82e7ade4;2;1
ae6aceb4-183b-4e5d-af12-da77ddd11b1e;35f389be-886f-421b-a0da-6244a230cfc3;3;0
ae6aceb4-183b-4e5d-af12-da77ddd11b1e;9976821a-b7c4-45e4-90e1-4718a8ea498d;0;1
ae6aceb4-183b-4e5d-af12-da77ddd11b1e;4a3ff2cf-924a-40b2-8540-6213eacd2460;2;1
ae6aceb4-183b-4e5d-af12-da77ddd11b1e;bc757dba-eae9-449c-8986-3a7423db361b;3;0
ae6aceb4-183b-4e5d-af12-da77ddd11b1e;4a6a222f-45d8-46dc-a479-9e2862c5ec04;1;2
ae6aceb4-183b-4e5d-af12-da77ddd11b1e;ac7f16c1-b9ac-4471-bbc1-d224f3dea0eb;0;3
ae6aceb4-183b-4e5d-af12-da77ddd11b1e;720ea640-677c-40ea-b0f0-2349c14f43e9;2;1
ae6aceb4-183b-4e5d-af12-da77ddd11b1e;221524df-de81-4c62-b5fc-07692a7a6701;1;1
ae6aceb4-183b-4e5d-af12-da77ddd11b1e;7401aacf-a513-4899-add1-9020af17c085;2;0
ae6aceb4-183b-4e5d-af12-da77ddd11b1e;eb71238e-8f11-4b6c-b3d8-4f073dde25cb;1;2
ae6aceb4-183b-4e5d-af12-da77ddd11b1e;15ccd2e2-ff62-44af-9cdc-4ba734802b4c;1;3
ae6aceb4-183b-4e5d-af12-da77ddd11b1e;b89d061b-211b-468d-8df1-00be0ad11e3b;1;1
ae6aceb4-183b-4e5d-af12-da77ddd11b1e;cc216780-5af6-48e5-ba90-40b2b5095f6f;2;1
ae6aceb4-183b-4e5d-af12-da77ddd11b1e;23c37287-e2a9-46bd-8462-d93e552f7f02;1;1
ae6aceb4-183b-4e5d-af12-da77ddd11b1e;d1baa0fe-6f5b-4c77-ab18-cf3879a35202;2;1
ae6aceb4-183b-4e5d-af12-da77ddd11b1e;48233635-63c8-4c8e-9e24-f5fea034d578;1;2
ae6aceb4-183b-4e5d-af12-da77ddd11b1e;a0ed30bf-d2ba-4f20-b3ff-9235725a2828;1;3
ae6aceb4-183b-4e5d-af12-da77ddd11b1e;dbe94e5e-1ac1-483b-b3e3-b1837bd07b69;1;1
ae6aceb4-183b-4e5d-af12-da77ddd11b1e;b4c8645f-7fda-4983-9b85-79c70621e255;4;0
ae6aceb4-183b-4e5d-af12-da77ddd11b1e;fbafc025-bbef-4e8f-8c24-3168b7c94609;0;2
ae6aceb4-183b-4e5d-af12-da77ddd11b1e;577621d7-41f9-42e9-bc72-7cd5eb642329;3;0
ae6aceb4-183b-4e5d-af12-da77ddd11b1e;2e780d25-f1f5-4e6b-bed3-a2c17e245885;2;0
ae6aceb4-183b-4e5d-af12-da77ddd11b1e;c9bb33fd-91e7-4fba-b13a-32c8f574bac9;1;2
ae6aceb4-183b-4e5d-af12-da77ddd11b1e;4ed786d2-f903-4cfc-8bad-0b1c03757811;1;1
ae6aceb4-183b-4e5d-af12-da77ddd11b1e;ec8fa0cd-da44-4bb1-8124-94c0f54837cf;2;0
ae6aceb4-183b-4e5d-af12-da77ddd11b1e;4fbf144a-faa9-4928-aa94-424246daf5c2;0;2
ae6aceb4-183b-4e5d-af12-da77ddd11b1e;aefa3302-baf2-4aa1-84f3-c1b37212b1fd;3;0
ae6aceb4-183b-4e5d-af12-da77ddd11b1e;ffa9e78d-d28b-4f50-8147-10d459414ece;2;1
ae6aceb4-183b-4e5d-af12-da77ddd11b1e;e234852c-1749-439a-81a0-9714c2de6884;1;3
ae6aceb4-183b-4e5d-af12-da77ddd11b1e;617b2750-c295-4c2c-8947-16e4dfe3e4c3;2;1
ae6aceb4-183b-4e5d-af12-da77ddd11b1e;1af918bd-ec32-4802-bad5-4f631af54133;2;0
ae6aceb4-183b-4e5d-af12-da77ddd11b1e;84295db2-1e91-48de-9c8c-da77f961b366;2;1
ae6aceb4-183b-4e5d-af12-da77ddd11b1e;63ca3b21-8ae6-4694-b5d9-847f594847ca;2;0
ae6aceb4-183b-4e5d-af12-da77ddd11b1e;b16dc9f2-3dd6-4477-950f-33306996710f;0;1
ae6aceb4-183b-4e5d-af12-da77ddd11b1e;417bb761-fee7-4064-91c1-c0ac7f067f27;0;2
ae6aceb4-183b-4e5d-af12-da77ddd11b1e;39a3507d-d9d6-496f-b1d2-1b17699bdcff;1;1
ae6aceb4-183b-4e5d-af12-da77ddd11b1e;c5b846f6-0e5f-488f-8db9-903cf600effb;2;0
ae6aceb4-183b-4e5d-af12-da77ddd11b1e;05922653-dbb1-4d88-9481-81d45a2a89d4;0;2
ae6aceb4-183b-4e5d-af12-da77ddd11b1e;99412f67-a0f5-4a96-a16c-8d79249bbfef;2;0
ae6aceb4-183b-4e5d-af12-da77ddd11b1e;fc1a59d4-4b43-412c-a8cf-df27888531b1;2;0
ae6aceb4-183b-4e5d-af12-da77ddd11b1e;0a1b2929-b031-4c05-9f44-eb05cc63e024;1;2
ae6aceb4-183b-4e5d-af12-da77ddd11b1e;9fa9c061-bbc6-494a-a0b1-3b04e740478e;1;1
ae6aceb4-183b-4e5d-af12-da77ddd11b1e;c4fdc0dc-d354-4607-bf5d-9663d8ffcb63;1;0
ae6aceb4-183b-4e5d-af12-da77ddd11b1e;75669d9e-deb8-4a01-8f82-efcafd8e3cad;1;1
ae6aceb4-183b-4e5d-af12-da77ddd11b1e;214de929-fd81-4d39-9c4a-8833663e4fe1;2;0
ae6aceb4-183b-4e5d-af12-da77ddd11b1e;0aa2ebcd-70de-412a-9441-b8b8075500f9;1;2
ae6aceb4-183b-4e5d-af12-da77ddd11b1e;3bce09a8-fe18-493f-bba3-75b418219afc;1;3
ae6aceb4-183b-4e5d-af12-da77ddd11b1e;c69858fe-95a6-4da7-b0ed-a1c58b2d06b3;2;1
dae608d2-1961-4efa-85e9-baa616f5df88;00804107-d265-4ce0-8fa0-ddbe68e8163d;2;0
dae608d2-1961-4efa-85e9-baa616f5df88;eeb974eb-67fc-4260-a4ea-0a9450cd4bc7;1;1
dae608d2-1961-4efa-85e9-baa616f5df88;51f0ff44-15d4-4669-a082-050405194406;2;0
dae608d2-1961-4efa-85e9-baa616f5df88;e5044fff-3542-4b24-9331-b3c3bd84692d;1;1
dae608d2-1961-4efa-85e9-baa616f5df88;f2e46b5c-6866-492b-b8b3-f6cae34f7ec7;1;2
dae608d2-1961-4efa-85e9-baa616f5df88;f0e9ba93-8a74-429c-be82-31adef64970b;1;2
dae608d2-1961-4efa-85e9-baa616f5df88;2c237b79-380c-4474-b377-275e67b9c3a4;1;1
dae608d2-1961-4efa-85e9-baa616f5df88;1dc15474-5c90-41fd-833a-5bf953fc1a62;2;1
dae608d2-1961-4efa-85e9-baa616f5df88;ed124ab7-1f57-4c61-ae5b-85f327355a54;2;0
dae608d2-1961-4efa-85e9-baa616f5df88;bed268f0-cf7e-405c-a096-7cf8a582c7e2;2;0
dae608d2-1961-4efa-85e9-baa616f5df88;b6ed7065-a307-4e7d-b9f8-f454cdbdf5a8;2;1
dae608d2-1961-4efa-85e9-baa616f5df88;72b48638-ef0f-4645-92c8-51ec6218ed9a;1;1
dae608d2-1961-4efa-85e9-baa616f5df88;c6d40e5f-a57d-49c7-8a85-c6524e5629b6;2;1
dae608d2-1961-4efa-85e9-baa616f5df88;02f0c2c3-b0ec-4dc8-9286-274dc62d85b7;0;2
dae608d2-1961-4efa-85e9-baa616f5df88;46507557-7c9f-4c02-a1a1-6e23f971e923;1;1
dae608d2-1961-4efa-85e9-baa616f5df88;3e2e3c77-f016-493b-bf16-07e31fe91466;3;0
dae608d2-1961-4efa-85e9-baa616f5df88;558195d2-5afb-439d-b3ff-bd8aaa0d05ad;0;2
dae608d2-1961-4efa-85e9-baa616f5df88;790cc44b-d80a-4fa0-9dff-60a47c367dcc;2;0
dae608d2-1961-4efa-85e9-baa616f5df88;d15617ab-21a0-4233-b0c7-d81e9c4fe168;1;1
dae608d2-1961-4efa-85e9-baa616f5df88;8d6f9e88-4f45-4613-bed8-1104fed67e81;2;0
dae608d2-1961-4efa-85e9-baa616f5df88;38e77705-c9dd-4340-b07b-1a602079c785;2;1
dae608d2-1961-4efa-85e9-baa616f5df88;7029238d-800f-474c-a1a1-6e39f6426826;1;1
dae608d2-1961-4efa-85e9-baa616f5df88;b9fe6496-64c2-44a6-9e68-7faa1dbabf94;0;2
dae608d2-1961-4efa-85e9-baa616f5df88;e7c8da36-b6ff-47fa-9904-06af82e7ade4;2;1
dae608d2-1961-4efa-85e9-baa616f5df88;35f389be-886f-421b-a0da-6244a230cfc3;3;0
dae608d2-1961-4efa-85e9-baa616f5df88;9976821a-b7c4-45e4-90e1-4718a8ea498d;1;1
dae608d2-1961-4efa-85e9-baa616f5df88;4a3ff2cf-924a-40b2-8540-6213eacd2460;2;1
dae608d2-1961-4efa-85e9-baa616f5df88;bc757dba-eae9-449c-8986-3a7423db361b;1;0
dae608d2-1961-4efa-85e9-baa616f5df88;4a6a222f-45d8-46dc-a479-9e2862c5ec04;1;2
dae608d2-1961-4efa-85e9-baa616f5df88;ac7f16c1-b9ac-4471-bbc1-d224f3dea0eb;0;2
dae608d2-1961-4efa-85e9-baa616f5df88;720ea640-677c-40ea-b0f0-2349c14f43e9;2;0
dae608d2-1961-4efa-85e9-baa616f5df88;221524df-de81-4c62-b5fc-07692a7a6701;1;0
dae608d2-1961-4efa-85e9-baa616f5df88;7401aacf-a513-4899-add1-9020af17c085;2;1
dae608d2-1961-4efa-85e9-baa616f5df88;eb71238e-8f11-4b6c-b3d8-4f073dde25cb;0;2
dae608d2-1961-4efa-85e9-baa616f5df88;15ccd2e2-ff62-44af-9cdc-4ba734802b4c;0;2
dae608d2-1961-4efa-85e9-baa616f5df88;b89d061b-211b-468d-8df1-00be0ad11e3b;2;2
dae608d2-1961-4efa-85e9-baa616f5df88;cc216780-5af6-48e5-ba90-40b2b5095f6f;0;2
dae608d2-1961-4efa-85e9-baa616f5df88;23c37287-e2a9-46bd-8462-d93e552f7f02;0;2
dae608d2-1961-4efa-85e9-baa616f5df88;d1baa0fe-6f5b-4c77-ab18-cf3879a35202;1;0
dae608d2-1961-4efa-85e9-baa616f5df88;48233635-63c8-4c8e-9e24-f5fea034d578;1;2
dae608d2-1961-4efa-85e9-baa616f5df88;a0ed30bf-d2ba-4f20-b3ff-9235725a2828;1;3
dae608d2-1961-4efa-85e9-baa616f5df88;dbe94e5e-1ac1-483b-b3e3-b1837bd07b69;4;0
dae608d2-1961-4efa-85e9-baa616f5df88;b4c8645f-7fda-4983-9b85-79c70621e255;6;0
dae608d2-1961-4efa-85e9-baa616f5df88;fbafc025-bbef-4e8f-8c24-3168b7c94609;0;2
dae608d2-1961-4efa-85e9-baa616f5df88;577621d7-41f9-42e9-bc72-7cd5eb642329;3;0
dae608d2-1961-4efa-85e9-baa616f5df88;2e780d25-f1f5-4e6b-bed3-a2c17e245885;3;1
dae608d2-1961-4efa-85e9-baa616f5df88;c9bb33fd-91e7-4fba-b13a-32c8f574bac9;0;2
dae608d2-1961-4efa-85e9-baa616f5df88;4ed786d2-f903-4cfc-8bad-0b1c03757811;0;0
dae608d2-1961-4efa-85e9-baa616f5df88;ec8fa0cd-da44-4bb1-8124-94c0f54837cf;3;1
dae608d2-1961-4efa-85e9-baa616f5df88;4fbf144a-faa9-4928-aa94-424246daf5c2;0;1
dae608d2-1961-4efa-85e9-baa616f5df88;aefa3302-baf2-4aa1-84f3-c1b37212b1fd;3;0
dae608d2-1961-4efa-85e9-baa616f5df88;ffa9e78d-d28b-4f50-8147-10d459414ece;1;2
dae608d2-1961-4efa-85e9-baa616f5df88;e234852c-1749-439a-81a0-9714c2de6884;1;2
dae608d2-1961-4efa-85e9-baa616f5df88;617b2750-c295-4c2c-8947-16e4dfe3e4c3;2;1
dae608d2-1961-4efa-85e9-baa616f5df88;1af918bd-ec32-4802-bad5-4f631af54133;5;0
dae608d2-1961-4efa-85e9-baa616f5df88;84295db2-1e91-48de-9c8c-da77f961b366;1;0
dae608d2-1961-4efa-85e9-baa616f5df88;63ca3b21-8ae6-4694-b5d9-847f594847ca;3;1
dae608d2-1961-4efa-85e9-baa616f5df88;b16dc9f2-3dd6-4477-950f-33306996710f;0;0
dae608d2-1961-4efa-85e9-baa616f5df88;417bb761-fee7-4064-91c1-c0ac7f067f27;0;3
dae608d2-1961-4efa-85e9-baa616f5df88;39a3507d-d9d6-496f-b1d2-1b17699bdcff;0;2
dae608d2-1961-4efa-85e9-baa616f5df88;c5b846f6-0e5f-488f-8db9-903cf600effb;3;0
dae608d2-1961-4efa-85e9-baa616f5df88;05922653-dbb1-4d88-9481-81d45a2a89d4;0;3
dae608d2-1961-4efa-85e9-baa616f5df88;99412f67-a0f5-4a96-a16c-8d79249bbfef;4;0
dae608d2-1961-4efa-85e9-baa616f5df88;fc1a59d4-4b43-412c-a8cf-df27888531b1;2;1
dae608d2-1961-4efa-85e9-baa616f5df88;0a1b2929-b031-4c05-9f44-eb05cc63e024;2;3
dae608d2-1961-4efa-85e9-baa616f5df88;9fa9c061-bbc6-494a-a0b1-3b04e740478e;2;0
dae608d2-1961-4efa-85e9-baa616f5df88;c4fdc0dc-d354-4607-bf5d-9663d8ffcb63;5;3
dae608d2-1961-4efa-85e9-baa616f5df88;75669d9e-deb8-4a01-8f82-efcafd8e3cad;2;0
dae608d2-1961-4efa-85e9-baa616f5df88;214de929-fd81-4d39-9c4a-8833663e4fe1;4;1
dae608d2-1961-4efa-85e9-baa616f5df88;0aa2ebcd-70de-412a-9441-b8b8075500f9;0;3
dae608d2-1961-4efa-85e9-baa616f5df88;3bce09a8-fe18-493f-bba3-75b418219afc;0;3
dae608d2-1961-4efa-85e9-baa616f5df88;c69858fe-95a6-4da7-b0ed-a1c58b2d06b3;2;2
b40554b1-a3f6-4426-9e05-df9c79a42032;00804107-d265-4ce0-8fa0-ddbe68e8163d;1;0
b40554b1-a3f6-4426-9e05-df9c79a42032;eeb974eb-67fc-4260-a4ea-0a9450cd4bc7;0;2
b40554b1-a3f6-4426-9e05-df9c79a42032;51f0ff44-15d4-4669-a082-050405194406;3;1
b40554b1-a3f6-4426-9e05-df9c79a42032;e5044fff-3542-4b24-9331-b3c3bd84692d;2;1
b40554b1-a3f6-4426-9e05-df9c79a42032;f2e46b5c-6866-492b-b8b3-f6cae34f7ec7;2;1
b40554b1-a3f6-4426-9e05-df9c79a42032;f0e9ba93-8a74-429c-be82-31adef64970b;1;2
b40554b1-a3f6-4426-9e05-df9c79a42032;2c237b79-380c-4474-b377-275e67b9c3a4;1;1
b40554b1-a3f6-4426-9e05-df9c79a42032;1dc15474-5c90-41fd-833a-5bf953fc1a62;0;4
b40554b1-a3f6-4426-9e05-df9c79a42032;ed124ab7-1f57-4c61-ae5b-85f327355a54;0;0
b40554b1-a3f6-4426-9e05-df9c79a42032;bed268f0-cf7e-405c-a096-7cf8a582c7e2;2;0
b40554b1-a3f6-4426-9e05-df9c79a42032;b6ed7065-a307-4e7d-b9f8-f454cdbdf5a8;2;1
b40554b1-a3f6-4426-9e05-df9c79a42032;72b48638-ef0f-4645-92c8-51ec6218ed9a;1;0
b40554b1-a3f6-4426-9e05-df9c79a42032;c6d40e5f-a57d-49c7-8a85-c6524e5629b6;2;1
b40554b1-a3f6-4426-9e05-df9c79a42032;02f0c2c3-b0ec-4dc8-9286-274dc62d85b7;0;2
b40554b1-a3f6-4426-9e05-df9c79a42032;46507557-7c9f-4c02-a1a1-6e23f971e923;0;2
b40554b1-a3f6-4426-9e05-df9c79a42032;3e2e3c77-f016-493b-bf16-07e31fe91466;4;0
b40554b1-a3f6-4426-9e05-df9c79a42032;558195d2-5afb-439d-b3ff-bd8aaa0d05ad;1;3
b40554b1-a3f6-4426-9e05-df9c79a42032;790cc44b-d80a-4fa0-9dff-60a47c367dcc;3;0
b40554b1-a3f6-4426-9e05-df9c79a42032;d15617ab-21a0-4233-b0c7-d81e9c4fe168;1;2
b40554b1-a3f6-4426-9e05-df9c79a42032;8d6f9e88-4f45-4613-bed8-1104fed67e81;1;3
b40554b1-a3f6-4426-9e05-df9c79a42032;38e77705-c9dd-4340-b07b-1a602079c785;3;1
b40554b1-a3f6-4426-9e05-df9c79a42032;7029238d-800f-474c-a1a1-6e39f6426826;2;0
b40554b1-a3f6-4426-9e05-df9c79a42032;b9fe6496-64c2-44a6-9e68-7faa1dbabf94;3;1
b40554b1-a3f6-4426-9e05-df9c79a42032;e7c8da36-b6ff-47fa-9904-06af82e7ade4;2;0
b40554b1-a3f6-4426-9e05-df9c79a42032;35f389be-886f-421b-a0da-6244a230cfc3;4;0
b40554b1-a3f6-4426-9e05-df9c79a42032;9976821a-b7c4-45e4-90e1-4718a8ea498d;1;1
b40554b1-a3f6-4426-9e05-df9c79a42032;4a3ff2cf-924a-40b2-8540-6213eacd2460;3;1
b40554b1-a3f6-4426-9e05-df9c79a42032;bc757dba-eae9-449c-8986-3a7423db361b;1;0
b40554b1-a3f6-4426-9e05-df9c79a42032;4a6a222f-45d8-46dc-a479-9e2862c5ec04;0;1
b40554b1-a3f6-4426-9e05-df9c79a42032;ac7f16c1-b9ac-4471-bbc1-d224f3dea0eb;1;2
b40554b1-a3f6-4426-9e05-df9c79a42032;720ea640-677c-40ea-b0f0-2349c14f43e9;1;2
b40554b1-a3f6-4426-9e05-df9c79a42032;221524df-de81-4c62-b5fc-07692a7a6701;1;0
b40554b1-a3f6-4426-9e05-df9c79a42032;7401aacf-a513-4899-add1-9020af17c085;2;0
b40554b1-a3f6-4426-9e05-df9c79a42032;eb71238e-8f11-4b6c-b3d8-4f073dde25cb;0;1
b40554b1-a3f6-4426-9e05-df9c79a42032;15ccd2e2-ff62-44af-9cdc-4ba734802b4c;0;2
b40554b1-a3f6-4426-9e05-df9c79a42032;b89d061b-211b-468d-8df1-00be0ad11e3b;2;0
b40554b1-a3f6-4426-9e05-df9c79a42032;cc216780-5af6-48e5-ba90-40b2b5095f6f;3;1
b40554b1-a3f6-4426-9e05-df9c79a42032;23c37287-e2a9-46bd-8462-d93e552f7f02;1;0
b40554b1-a3f6-4426-9e05-df9c79a42032;d1baa0fe-6f5b-4c77-ab18-cf3879a35202;2;0
b40554b1-a3f6-4426-9e05-df9c79a42032;48233635-63c8-4c8e-9e24-f5fea034d578;1;2
b40554b1-a3f6-4426-9e05-df9c79a42032;a0ed30bf-d2ba-4f20-b3ff-9235725a2828;0;1
b40554b1-a3f6-4426-9e05-df9c79a42032;dbe94e5e-1ac1-483b-b3e3-b1837bd07b69;1;1
b40554b1-a3f6-4426-9e05-df9c79a42032;b4c8645f-7fda-4983-9b85-79c70621e255;4;0
b40554b1-a3f6-4426-9e05-df9c79a42032;fbafc025-bbef-4e8f-8c24-3168b7c94609;1;1
b40554b1-a3f6-4426-9e05-df9c79a42032;577621d7-41f9-42e9-bc72-7cd5eb642329;3;0
b40554b1-a3f6-4426-9e05-df9c79a42032;2e780d25-f1f5-4e6b-bed3-a2c17e245885;1;0
b40554b1-a3f6-4426-9e05-df9c79a42032;c9bb33fd-91e7-4fba-b13a-32c8f574bac9;0;1
b40554b1-a3f6-4426-9e05-df9c79a42032;4ed786d2-f903-4cfc-8bad-0b1c03757811;0;1
b40554b1-a3f6-4426-9e05-df9c79a42032;ec8fa0cd-da44-4bb1-8124-94c0f54837cf;3;1
b40554b1-a3f6-4426-9e05-df9c79a42032;4fbf144a-faa9-4928-aa94-424246daf5c2;0;2
b40554b1-a3f6-4426-9e05-df9c79a42032;aefa3302-baf2-4aa1-84f3-c1b37212b1fd;3;0
b40554b1-a3f6-4426-9e05-df9c79a42032;ffa9e78d-d28b-4f50-8147-10d459414ece;2;0
b40554b1-a3f6-4426-9e05-df9c79a42032;e234852c-1749-439a-81a0-9714c2de6884;1;1
b40554b1-a3f6-4426-9e05-df9c79a42032;617b2750-c295-4c2c-8947-16e4dfe3e4c3;1;0
b40554b1-a3f6-4426-9e05-df9c79a42032;1af918bd-ec32-4802-bad5-4f631af54133;2;0
b40554b1-a3f6-4426-9e05-df9c79a42032;84295db2-1e91-48de-9c8c-da77f961b366;2;0
b40554b1-a3f6-4426-9e05-df9c79a42032;63ca3b21-8ae6-4694-b5d9-847f594847ca;2;0
b40554b1-a3f6-4426-9e05-df9c79a42032;b16dc9f2-3dd6-4477-950f-33306996710f;1;1
b40554b1-a3f6-4426-9e05-df9c79a42032;417bb761-fee7-4064-91c1-c0ac7f067f27;1;2
b40554b1-a3f6-4426-9e05-df9c79a42032;39a3507d-d9d6-496f-b1d2-1b17699bdcff;1;1
b40554b1-a3f6-4426-9e05-df9c79a42032;c5b846f6-0e5f-488f-8db9-903cf600effb;4;0
b40554b1-a3f6-4426-9e05-df9c79a42032;05922653-dbb1-4d88-9481-81d45a2a89d4;0;2
b40554b1-a3f6-4426-9e05-df9c79a42032;99412f67-a0f5-4a96-a16c-8d79249bbfef;2;0
b40554b1-a3f6-4426-9e05-df9c79a42032;fc1a59d4-4b43-412c-a8cf-df27888531b1;2;0
b40554b1-a3f6-4426-9e05-df9c79a42032;0a1b2929-b031-4c05-9f44-eb05cc63e024;2;2
b40554b1-a3f6-4426-9e05-df9c79a42032;9fa9c061-bbc6-494a-a0b1-3b04e740478e;2;1
b40554b1-a3f6-4426-9e05-df9c79a42032;c4fdc0dc-d354-4607-bf5d-9663d8ffcb63;1;1
b40554b1-a3f6-4426-9e05-df9c79a42032;75669d9e-deb8-4a01-8f82-efcafd8e3cad;3;1
b40554b1-a3f6-4426-9e05-df9c79a42032;214de929-fd81-4d39-9c4a-8833663e4fe1;2;1
b40554b1-a3f6-4426-9e05-df9c79a42032;0aa2ebcd-70de-412a-9441-b8b8075500f9;0;1
b40554b1-a3f6-4426-9e05-df9c79a42032;3bce09a8-fe18-493f-bba3-75b418219afc;1;3
b40554b1-a3f6-4426-9e05-df9c79a42032;c69858fe-95a6-4da7-b0ed-a1c58b2d06b3;1;0
79d6c79b-c77e-4dc8-a128-ec2d8a9255fa;00804107-d265-4ce0-8fa0-ddbe68e8163d;2;0
79d6c79b-c77e-4dc8-a128-ec2d8a9255fa;eeb974eb-67fc-4260-a4ea-0a9450cd4bc7;1;2
79d6c79b-c77e-4dc8-a128-ec2d8a9255fa;51f0ff44-15d4-4669-a082-050405194406;2;0
79d6c79b-c77e-4dc8-a128-ec2d8a9255fa;e5044fff-3542-4b24-9331-b3c3bd84692d;2;1
79d6c79b-c77e-4dc8-a128-ec2d8a9255fa;f2e46b5c-6866-492b-b8b3-f6cae34f7ec7;1;2
79d6c79b-c77e-4dc8-a128-ec2d8a9255fa;f0e9ba93-8a74-429c-be82-31adef64970b;1;2
79d6c79b-c77e-4dc8-a128-ec2d8a9255fa;2c237b79-380c-4474-b377-275e67b9c3a4;2;1
79d6c79b-c77e-4dc8-a128-ec2d8a9255fa;1dc15474-5c90-41fd-833a-5bf953fc1a62;0;2
79d6c79b-c77e-4dc8-a128-ec2d8a9255fa;ed124ab7-1f57-4c61-ae5b-85f327355a54;2;1
79d6c79b-c77e-4dc8-a128-ec2d8a9255fa;bed268f0-cf7e-405c-a096-7cf8a582c7e2;3;0
79d6c79b-c77e-4dc8-a128-ec2d8a9255fa;b6ed7065-a307-4e7d-b9f8-f454cdbdf5a8;1;1
79d6c79b-c77e-4dc8-a128-ec2d8a9255fa;72b48638-ef0f-4645-92c8-51ec6218ed9a;2;0
79d6c79b-c77e-4dc8-a128-ec2d8a9255fa;c6d40e5f-a57d-49c7-8a85-c6524e5629b6;2;1
79d6c79b-c77e-4dc8-a128-ec2d8a9255fa;02f0c2c3-b0ec-4dc8-9286-274dc62d85b7;0;2
79d6c79b-c77e-4dc8-a128-ec2d8a9255fa;46507557-7c9f-4c02-a1a1-6e23f971e923;1;2
79d6c79b-c77e-4dc8-a128-ec2d8a9255fa;3e2e3c77-f016-493b-bf16-07e31fe91466;4;0
79d6c79b-c77e-4dc8-a128-ec2d8a9255fa;558195d2-5afb-439d-b3ff-bd8aaa0d05ad;0;2
79d6c79b-c77e-4dc8-a128-ec2d8a9255fa;790cc44b-d80a-4fa0-9dff-60a47c367dcc;2;0
79d6c79b-c77e-4dc8-a128-ec2d8a9255fa;d15617ab-21a0-4233-b0c7-d81e9c4fe168;2;1
79d6c79b-c77e-4dc8-a128-ec2d8a9255fa;8d6f9e88-4f45-4613-bed8-1104fed67e81;1;2
79d6c79b-c77e-4dc8-a128-ec2d8a9255fa;38e77705-c9dd-4340-b07b-1a602079c785;1;1
79d6c79b-c77e-4dc8-a128-ec2d8a9255fa;7029238d-800f-474c-a1a1-6e39f6426826;0;1
79d6c79b-c77e-4dc8-a128-ec2d8a9255fa;b9fe6496-64c2-44a6-9e68-7faa1dbabf94;1;2
79d6c79b-c77e-4dc8-a128-ec2d8a9255fa;e7c8da36-b6ff-47fa-9904-06af82e7ade4;1;1
79d6c79b-c77e-4dc8-a128-ec2d8a9255fa;35f389be-886f-421b-a0da-6244a230cfc3;4;0
79d6c79b-c77e-4dc8-a128-ec2d8a9255fa;9976821a-b7c4-45e4-90e1-4718a8ea498d;1;1
79d6c79b-c77e-4dc8-a128-ec2d8a9255fa;4a3ff2cf-924a-40b2-8540-6213eacd2460;2;0
79d6c79b-c77e-4dc8-a128-ec2d8a9255fa;bc757dba-eae9-449c-8986-3a7423db361b;2;0
79d6c79b-c77e-4dc8-a128-ec2d8a9255fa;4a6a222f-45d8-46dc-a479-9e2862c5ec04;1;2
79d6c79b-c77e-4dc8-a128-ec2d8a9255fa;ac7f16c1-b9ac-4471-bbc1-d224f3dea0eb;0;2
79d6c79b-c77e-4dc8-a128-ec2d8a9255fa;720ea640-677c-40ea-b0f0-2349c14f43e9;2;1
79d6c79b-c77e-4dc8-a128-ec2d8a9255fa;221524df-de81-4c62-b5fc-07692a7a6701;1;0
79d6c79b-c77e-4dc8-a128-ec2d8a9255fa;7401aacf-a513-4899-add1-9020af17c085;1;1
79d6c79b-c77e-4dc8-a128-ec2d8a9255fa;eb71238e-8f11-4b6c-b3d8-4f073dde25cb;1;2
79d6c79b-c77e-4dc8-a128-ec2d8a9255fa;15ccd2e2-ff62-44af-9cdc-4ba734802b4c;0;3
79d6c79b-c77e-4dc8-a128-ec2d8a9255fa;b89d061b-211b-468d-8df1-00be0ad11e3b;1;1
79d6c79b-c77e-4dc8-a128-ec2d8a9255fa;cc216780-5af6-48e5-ba90-40b2b5095f6f;2;0
79d6c79b-c77e-4dc8-a128-ec2d8a9255fa;23c37287-e2a9-46bd-8462-d93e552f7f02;2;1
79d6c79b-c77e-4dc8-a128-ec2d8a9255fa;d1baa0fe-6f5b-4c77-ab18-cf3879a35202;3;1
79d6c79b-c77e-4dc8-a128-ec2d8a9255fa;48233635-63c8-4c8e-9e24-f5fea034d578;0;2
79d6c79b-c77e-4dc8-a128-ec2d8a9255fa;a0ed30bf-d2ba-4f20-b3ff-9235725a2828;0;2
79d6c79b-c77e-4dc8-a128-ec2d8a9255fa;dbe94e5e-1ac1-483b-b3e3-b1837bd07b69;1;1
79d6c79b-c77e-4dc8-a128-ec2d8a9255fa;b4c8645f-7fda-4983-9b85-79c70621e255;3;0
79d6c79b-c77e-4dc8-a128-ec2d8a9255fa;fbafc025-bbef-4e8f-8c24-3168b7c94609;0;2
79d6c79b-c77e-4dc8-a128-ec2d8a9255fa;577621d7-41f9-42e9-bc72-7cd5eb642329;3;0
79d6c79b-c77e-4dc8-a128-ec2d8a9255fa;2e780d25-f1f5-4e6b-bed3-a2c17e245885;3;0
79d6c79b-c77e-4dc8-a128-ec2d8a9255fa;c9bb33fd-91e7-4fba-b13a-32c8f574bac9;1;1
79d6c79b-c77e-4dc8-a128-ec2d8a9255fa;4ed786d2-f903-4cfc-8bad-0b1c03757811;0;1
79d6c79b-c77e-4dc8-a128-ec2d8a9255fa;ec8fa0cd-da44-4bb1-8124-94c0f54837cf;2;0
79d6c79b-c77e-4dc8-a128-ec2d8a9255fa;4fbf144a-faa9-4928-aa94-424246daf5c2;0;2
79d6c79b-c77e-4dc8-a128-ec2d8a9255fa;aefa3302-baf2-4aa1-84f3-c1b37212b1fd;3;0
79d6c79b-c77e-4dc8-a128-ec2d8a9255fa;ffa9e78d-d28b-4f50-8147-10d459414ece;2;1
79d6c79b-c77e-4dc8-a128-ec2d8a9255fa;e234852c-1749-439a-81a0-9714c2de6884;1;2
79d6c79b-c77e-4dc8-a128-ec2d8a9255fa;617b2750-c295-4c2c-8947-16e4dfe3e4c3;2;0
79d6c79b-c77e-4dc8-a128-ec2d8a9255fa;1af918bd-ec32-4802-bad5-4f631af54133;3;0
79d6c79b-c77e-4dc8-a128-ec2d8a9255fa;84295db2-1e91-48de-9c8c-da77f961b366;2;0
79d6c79b-c77e-4dc8-a128-ec2d8a9255fa;63ca3b21-8ae6-4694-b5d9-847f594847ca;2;1
79d6c79b-c77e-4dc8-a128-ec2d8a9255fa;b16dc9f2-3dd6-4477-950f-33306996710f;0;2
79d6c79b-c77e-4dc8-a128-ec2d8a9255fa;417bb761-fee7-4064-91c1-c0ac7f067f27;0;3
79d6c79b-c77e-4dc8-a128-ec2d8a9255fa;39a3507d-d9d6-496f-b1d2-1b17699bdcff;1;2
79d6c79b-c77e-4dc8-a128-ec2d8a9255fa;c5b846f6-0e5f-488f-8db9-903cf600effb;2;0
79d6c79b-c77e-4dc8-a128-ec2d8a9255fa;05922653-dbb1-4d88-9481-81d45a2a89d4;1;2
79d6c79b-c77e-4dc8-a128-ec2d8a9255fa;99412f67-a0f5-4a96-a16c-8d79249bbfef;3;0
79d6c79b-c77e-4dc8-a128-ec2d8a9255fa;fc1a59d4-4b43-412c-a8cf-df27888531b1;2;0
79d6c79b-c77e-4dc8-a128-ec2d8a9255fa;0a1b2929-b031-4c05-9f44-eb05cc63e024;1;1
79d6c79b-c77e-4dc8-a128-ec2d8a9255fa;9fa9c061-bbc6-494a-a0b1-3b04e740478e;1;2
79d6c79b-c77e-4dc8-a128-ec2d8a9255fa;c4fdc0dc-d354-4607-bf5d-9663d8ffcb63;2;1
79d6c79b-c77e-4dc8-a128-ec2d8a9255fa;75669d9e-deb8-4a01-8f82-efcafd8e3cad;1;0
79d6c79b-c77e-4dc8-a128-ec2d8a9255fa;214de929-fd81-4d39-9c4a-8833663e4fe1;2;0
79d6c79b-c77e-4dc8-a128-ec2d8a9255fa;0aa2ebcd-70de-412a-9441-b8b8075500f9;0;3
79d6c79b-c77e-4dc8-a128-ec2d8a9255fa;3bce09a8-fe18-493f-bba3-75b418219afc;0;3
79d6c79b-c77e-4dc8-a128-ec2d8a9255fa;c69858fe-95a6-4da7-b0ed-a1c58b2d06b3;2;1
2a1e8f85-afc9-49c0-9667-1ec650bb2f7a;00804107-d265-4ce0-8fa0-ddbe68e8163d;1;1
2a1e8f85-afc9-49c0-9667-1ec650bb2f7a;eeb974eb-67fc-4260-a4ea-0a9450cd4bc7;2;1
2a1e8f85-afc9-49c0-9667-1ec650bb2f7a;51f0ff44-15d4-4669-a082-050405194406;0;1
2a1e8f85-afc9-49c0-9667-1ec650bb2f7a;e5044fff-3542-4b24-9331-b3c3bd84692d;2;2
2a1e8f85-afc9-49c0-9667-1ec650bb2f7a;f2e46b5c-6866-492b-b8b3-f6cae34f7ec7;2;3
2a1e8f85-afc9-49c0-9667-1ec650bb2f7a;f0e9ba93-8a74-429c-be82-31adef64970b;2;2
2a1e8f85-afc9-49c0-9667-1ec650bb2f7a;2c237b79-380c-4474-b377-275e67b9c3a4;1;1
2a1e8f85-afc9-49c0-9667-1ec650bb2f7a;1dc15474-5c90-41fd-833a-5bf953fc1a62;3;2
2a1e8f85-afc9-49c0-9667-1ec650bb2f7a;ed124ab7-1f57-4c61-ae5b-85f327355a54;1;0
2a1e8f85-afc9-49c0-9667-1ec650bb2f7a;bed268f0-cf7e-405c-a096-7cf8a582c7e2;1;2
2a1e8f85-afc9-49c0-9667-1ec650bb2f7a;b6ed7065-a307-4e7d-b9f8-f454cdbdf5a8;0;1
2a1e8f85-afc9-49c0-9667-1ec650bb2f7a;72b48638-ef0f-4645-92c8-51ec6218ed9a;1;1
2a1e8f85-afc9-49c0-9667-1ec650bb2f7a;c6d40e5f-a57d-49c7-8a85-c6524e5629b6;1;1
2a1e8f85-afc9-49c0-9667-1ec650bb2f7a;02f0c2c3-b0ec-4dc8-9286-274dc62d85b7;1;0
2a1e8f85-afc9-49c0-9667-1ec650bb2f7a;46507557-7c9f-4c02-a1a1-6e23f971e923;1;3
2a1e8f85-afc9-49c0-9667-1ec650bb2f7a;3e2e3c77-f016-493b-bf16-07e31fe91466;2;0
2a1e8f85-afc9-49c0-9667-1ec650bb2f7a;558195d2-5afb-439d-b3ff-bd8aaa0d05ad;1;2
2a1e8f85-afc9-49c0-9667-1ec650bb2f7a;790cc44b-d80a-4fa0-9dff-60a47c367dcc;3;1
2a1e8f85-afc9-49c0-9667-1ec650bb2f7a;d15617ab-21a0-4233-b0c7-d81e9c4fe168;1;1
2a1e8f85-afc9-49c0-9667-1ec650bb2f7a;8d6f9e88-4f45-4613-bed8-1104fed67e81;0;1
2a1e8f85-afc9-49c0-9667-1ec650bb2f7a;38e77705-c9dd-4340-b07b-1a602079c785;2;1
2a1e8f85-afc9-49c0-9667-1ec650bb2f7a;7029238d-800f-474c-a1a1-6e39f6426826;2;0
2a1e8f85-afc9-49c0-9667-1ec650bb2f7a;b9fe6496-64c2-44a6-9e68-7faa1dbabf94;3;1
2a1e8f85-afc9-49c0-9667-1ec650bb2f7a;e7c8da36-b6ff-47fa-9904-06af82e7ade4;2;0
2a1e8f85-afc9-49c0-9667-1ec650bb2f7a;35f389be-886f-421b-a0da-6244a230cfc3;3;1
2a1e8f85-afc9-49c0-9667-1ec650bb2f7a;9976821a-b7c4-45e4-90e1-4718a8ea498d;2;0
2a1e8f85-afc9-49c0-9667-1ec650bb2f7a;4a3ff2cf-924a-40b2-8540-6213eacd2460;2;1
2a1e8f85-afc9-49c0-9667-1ec650bb2f7a;bc757dba-eae9-449c-8986-3a7423db361b;1;1
2a1e8f85-afc9-49c0-9667-1ec650bb2f7a;4a6a222f-45d8-46dc-a479-9e2862c5ec04;0;2
2a1e8f85-afc9-49c0-9667-1ec650bb2f7a;ac7f16c1-b9ac-4471-bbc1-d224f3dea0eb;1;1
2a1e8f85-afc9-49c0-9667-1ec650bb2f7a;720ea640-677c-40ea-b0f0-2349c14f43e9;1;2
2a1e8f85-afc9-49c0-9667-1ec650bb2f7a;221524df-de81-4c62-b5fc-07692a7a6701;1;1
2a1e8f85-afc9-49c0-9667-1ec650bb2f7a;7401aacf-a513-4899-add1-9020af17c085;2;3
2a1e8f85-afc9-49c0-9667-1ec650bb2f7a;eb71238e-8f11-4b6c-b3d8-4f073dde25cb;1;3
2a1e8f85-afc9-49c0-9667-1ec650bb2f7a;15ccd2e2-ff62-44af-9cdc-4ba734802b4c;0;0
2a1e8f85-afc9-49c0-9667-1ec650bb2f7a;b89d061b-211b-468d-8df1-00be0ad11e3b;1;0
2a1e8f85-afc9-49c0-9667-1ec650bb2f7a;cc216780-5af6-48e5-ba90-40b2b5095f6f;2;2
2a1e8f85-afc9-49c0-9667-1ec650bb2f7a;23c37287-e2a9-46bd-8462-d93e552f7f02;2;1
2a1e8f85-afc9-49c0-9667-1ec650bb2f7a;d1baa0fe-6f5b-4c77-ab18-cf3879a35202;1;2
2a1e8f85-afc9-49c0-9667-1ec650bb2f7a;48233635-63c8-4c8e-9e24-f5fea034d578;1;1
2a1e8f85-afc9-49c0-9667-1ec650bb2f7a;a0ed30bf-d2ba-4f20-b3ff-9235725a2828;1;2
2a1e8f85-afc9-49c0-9667-1ec650bb2f7a;dbe94e5e-1ac1-483b-b3e3-b1837bd07b69;2;2
2a1e8f85-afc9-49c0-9667-1ec650bb2f7a;b4c8645f-7fda-4983-9b85-79c70621e255;3;1
2a1e8f85-afc9-49c0-9667-1ec650bb2f7a;fbafc025-bbef-4e8f-8c24-3168b7c94609;1;1
2a1e8f85-afc9-49c0-9667-1ec650bb2f7a;577621d7-41f9-42e9-bc72-7cd5eb642329;2;2
2a1e8f85-afc9-49c0-9667-1ec650bb2f7a;2e780d25-f1f5-4e6b-bed3-a2c17e245885;0;0
2a1e8f85-afc9-49c0-9667-1ec650bb2f7a;c9bb33fd-91e7-4fba-b13a-32c8f574bac9;1;3
2a1e8f85-afc9-49c0-9667-1ec650bb2f7a;4ed786d2-f903-4cfc-8bad-0b1c03757811;1;2
2a1e8f85-afc9-49c0-9667-1ec650bb2f7a;ec8fa0cd-da44-4bb1-8124-94c0f54837cf;3;1
2a1e8f85-afc9-49c0-9667-1ec650bb2f7a;4fbf144a-faa9-4928-aa94-424246daf5c2;2;1
2a1e8f85-afc9-49c0-9667-1ec650bb2f7a;aefa3302-baf2-4aa1-84f3-c1b37212b1fd;2;2
2a1e8f85-afc9-49c0-9667-1ec650bb2f7a;ffa9e78d-d28b-4f50-8147-10d459414ece;1;0
2a1e8f85-afc9-49c0-9667-1ec650bb2f7a;e234852c-1749-439a-81a0-9714c2de6884;0;3
2a1e8f85-afc9-49c0-9667-1ec650bb2f7a;617b2750-c295-4c2c-8947-16e4dfe3e4c3;1;1
2a1e8f85-afc9-49c0-9667-1ec650bb2f7a;1af918bd-ec32-4802-bad5-4f631af54133;2;2
2a1e8f85-afc9-49c0-9667-1ec650bb2f7a;84295db2-1e91-48de-9c8c-da77f961b366;1;1
2a1e8f85-afc9-49c0-9667-1ec650bb2f7a;63ca3b21-8ae6-4694-b5d9-847f594847ca;2;1
2a1e8f85-afc9-49c0-9667-1ec650bb2f7a;b16dc9f2-3dd6-4477-950f-33306996710f;2;2
2a1e8f85-afc9-49c0-9667-1ec650bb2f7a;417bb761-fee7-4064-91c1-c0ac7f067f27;1;3
2a1e8f85-afc9-49c0-9667-1ec650bb2f7a;39a3507d-d9d6-496f-b1d2-1b17699bdcff;1;1
2a1e8f85-afc9-49c0-9667-1ec650bb2f7a;c5b846f6-0e5f-488f-8db9-903cf600effb;2;1
2a1e8f85-afc9-49c0-9667-1ec650bb2f7a;05922653-dbb1-4d88-9481-81d45a2a89d4;2;2
2a1e8f85-afc9-49c0-9667-1ec650bb2f7a;99412f67-a0f5-4a96-a16c-8d79249bbfef;1;1
2a1e8f85-afc9-49c0-9667-1ec650bb2f7a;fc1a59d4-4b43-412c-a8cf-df27888531b1;3;1
2a1e8f85-afc9-49c0-9667-1ec650bb2f7a;0a1b2929-b031-4c05-9f44-eb05cc63e024;1;4
2a1e8f85-afc9-49c0-9667-1ec650bb2f7a;9fa9c061-bbc6-494a-a0b1-3b04e740478e;1;1
2a1e8f85-afc9-49c0-9667-1ec650bb2f7a;c4fdc0dc-d354-4607-bf5d-9663d8ffcb63;3;3
2a1e8f85-afc9-49c0-9667-1ec650bb2f7a;75669d9e-deb8-4a01-8f82-efcafd8e3cad;1;3
2a1e8f85-afc9-49c0-9667-1ec650bb2f7a;214de929-fd81-4d39-9c4a-8833663e4fe1;4;2
2a1e8f85-afc9-49c0-9667-1ec650bb2f7a;0aa2ebcd-70de-412a-9441-b8b8075500f9;2;2
2a1e8f85-afc9-49c0-9667-1ec650bb2f7a;3bce09a8-fe18-493f-bba3-75b418219afc;2;2
2a1e8f85-afc9-49c0-9667-1ec650bb2f7a;c69858fe-95a6-4da7-b0ed-a1c58b2d06b3;1;1
e36c981d-ac33-4802-ae07-c2e07a8132c5;00804107-d265-4ce0-8fa0-ddbe68e8163d;2;0
e36c981d-ac33-4802-ae07-c2e07a8132c5;eeb974eb-67fc-4260-a4ea-0a9450cd4bc7;1;1
e36c981d-ac33-4802-ae07-c2e07a8132c5;51f0ff44-15d4-4669-a082-050405194406;2;1
e36c981d-ac33-4802-ae07-c2e07a8132c5;e5044fff-3542-4b24-9331-b3c3bd84692d;2;1
e36c981d-ac33-4802-ae07-c2e07a8132c5;f2e46b5c-6866-492b-b8b3-f6cae34f7ec7;1;2
e36c981d-ac33-4802-ae07-c2e07a8132c5;f0e9ba93-8a74-429c-be82-31adef64970b;1;2
e36c981d-ac33-4802-ae07-c2e07a8132c5;2c237b79-380c-4474-b377-275e67b9c3a4;2;1
e36c981d-ac33-4802-ae07-c2e07a8132c5;1dc15474-5c90-41fd-833a-5bf953fc1a62;0;2
e36c981d-ac33-4802-ae07-c2e07a8132c5;ed124ab7-1f57-4c61-ae5b-85f327355a54;2;1
e36c981d-ac33-4802-ae07-c2e07a8132c5;bed268f0-cf7e-405c-a096-7cf8a582c7e2;2;0
e36c981d-ac33-4802-ae07-c2e07a8132c5;b6ed7065-a307-4e7d-b9f8-f454cdbdf5a8;1;1
e36c981d-ac33-4802-ae07-c2e07a8132c5;72b48638-ef0f-4645-92c8-51ec6218ed9a;1;0
e36c981d-ac33-4802-ae07-c2e07a8132c5;c6d40e5f-a57d-49c7-8a85-c6524e5629b6;2;0
e36c981d-ac33-4802-ae07-c2e07a8132c5;02f0c2c3-b0ec-4dc8-9286-274dc62d85b7;1;1
e36c981d-ac33-4802-ae07-c2e07a8132c5;46507557-7c9f-4c02-a1a1-6e23f971e923;0;2
e36c981d-ac33-4802-ae07-c2e07a8132c5;3e2e3c77-f016-493b-bf16-07e31fe91466;3;0
e36c981d-ac33-4802-ae07-c2e07a8132c5;558195d2-5afb-439d-b3ff-bd8aaa0d05ad;0;3
e36c981d-ac33-4802-ae07-c2e07a8132c5;790cc44b-d80a-4fa0-9dff-60a47c367dcc;2;0
e36c981d-ac33-4802-ae07-c2e07a8132c5;d15617ab-21a0-4233-b0c7-d81e9c4fe168;1;1
e36c981d-ac33-4802-ae07-c2e07a8132c5;8d6f9e88-4f45-4613-bed8-1104fed67e81;1;1
e36c981d-ac33-4802-ae07-c2e07a8132c5;38e77705-c9dd-4340-b07b-1a602079c785;1;1
e36c981d-ac33-4802-ae07-c2e07a8132c5;7029238d-800f-474c-a1a1-6e39f6426826;1;1
e36c981d-ac33-4802-ae07-c2e07a8132c5;b9fe6496-64c2-44a6-9e68-7faa1dbabf94;1;1
e36c981d-ac33-4802-ae07-c2e07a8132c5;e7c8da36-b6ff-47fa-9904-06af82e7ade4;1;1
e36c981d-ac33-4802-ae07-c2e07a8132c5;35f389be-886f-421b-a0da-6244a230cfc3;3;0
e36c981d-ac33-4802-ae07-c2e07a8132c5;9976821a-b7c4-45e4-90e1-4718a8ea498d;1;1
e36c981d-ac33-4802-ae07-c2e07a8132c5;4a3ff2cf-924a-40b2-8540-6213eacd2460;3;0
e36c981d-ac33-4802-ae07-c2e07a8132c5;bc757dba-eae9-449c-8986-3a7423db361b;1;1
e36c981d-ac33-4802-ae07-c2e07a8132c5;4a6a222f-45d8-46dc-a479-9e2862c5ec04;0;3
e36c981d-ac33-4802-ae07-c2e07a8132c5;ac7f16c1-b9ac-4471-bbc1-d224f3dea0eb;1;1
e36c981d-ac33-4802-ae07-c2e07a8132c5;720ea640-677c-40ea-b0f0-2349c14f43e9;2;0
e36c981d-ac33-4802-ae07-c2e07a8132c5;221524df-de81-4c62-b5fc-07692a7a6701;1;1
e36c981d-ac33-4802-ae07-c2e07a8132c5;7401aacf-a513-4899-add1-9020af17c085;3;0
e36c981d-ac33-4802-ae07-c2e07a8132c5;eb71238e-8f11-4b6c-b3d8-4f073dde25cb;1;2
e36c981d-ac33-4802-ae07-c2e07a8132c5;15ccd2e2-ff62-44af-9cdc-4ba734802b4c;0;3
e36c981d-ac33-4802-ae07-c2e07a8132c5;b89d061b-211b-468d-8df1-00be0ad11e3b;2;1
e36c981d-ac33-4802-ae07-c2e07a8132c5;cc216780-5af6-48e5-ba90-40b2b5095f6f;1;1
e36c981d-ac33-4802-ae07-c2e07a8132c5;23c37287-e2a9-46bd-8462-d93e552f7f02;1;1
e36c981d-ac33-4802-ae07-c2e07a8132c5;d1baa0fe-6f5b-4c77-ab18-cf3879a35202;1;1
e36c981d-ac33-4802-ae07-c2e07a8132c5;48233635-63c8-4c8e-9e24-f5fea034d578;1;1
e36c981d-ac33-4802-ae07-c2e07a8132c5;a0ed30bf-d2ba-4f20-b3ff-9235725a2828;1;1
e36c981d-ac33-4802-ae07-c2e07a8132c5;dbe94e5e-1ac1-483b-b3e3-b1837bd07b69;1;1
e36c981d-ac33-4802-ae07-c2e07a8132c5;b4c8645f-7fda-4983-9b85-79c70621e255;3;0
e36c981d-ac33-4802-ae07-c2e07a8132c5;fbafc025-bbef-4e8f-8c24-3168b7c94609;0;2
e36c981d-ac33-4802-ae07-c2e07a8132c5;577621d7-41f9-42e9-bc72-7cd5eb642329;3;0
e36c981d-ac33-4802-ae07-c2e07a8132c5;2e780d25-f1f5-4e6b-bed3-a2c17e245885;2;0
e36c981d-ac33-4802-ae07-c2e07a8132c5;c9bb33fd-91e7-4fba-b13a-32c8f574bac9;1;2
e36c981d-ac33-4802-ae07-c2e07a8132c5;4ed786d2-f903-4cfc-8bad-0b1c03757811;1;1
e36c981d-ac33-4802-ae07-c2e07a8132c5;ec8fa0cd-da44-4bb1-8124-94c0f54837cf;3;0
e36c981d-ac33-4802-ae07-c2e07a8132c5;4fbf144a-faa9-4928-aa94-424246daf5c2;1;1
e36c981d-ac33-4802-ae07-c2e07a8132c5;aefa3302-baf2-4aa1-84f3-c1b37212b1fd;3;0
e36c981d-ac33-4802-ae07-c2e07a8132c5;ffa9e78d-d28b-4f50-8147-10d459414ece;1;2
e36c981d-ac33-4802-ae07-c2e07a8132c5;e234852c-1749-439a-81a0-9714c2de6884;0;3
e36c981d-ac33-4802-ae07-c2e07a8132c5;617b2750-c295-4c2c-8947-16e4dfe3e4c3;2;1
e36c981d-ac33-4802-ae07-c2e07a8132c5;1af918bd-ec32-4802-bad5-4f631af54133;3;0
e36c981d-ac33-4802-ae07-c2e07a8132c5;84295db2-1e91-48de-9c8c-da77f961b366;1;1
e36c981d-ac33-4802-ae07-c2e07a8132c5;63ca3b21-8ae6-4694-b5d9-847f594847ca;3;0
e36c981d-ac33-4802-ae07-c2e07a8132c5;b16dc9f2-3dd6-4477-950f-33306996710f;1;1
e36c981d-ac33-4802-ae07-c2e07a8132c5;417bb761-fee7-4064-91c1-c0ac7f067f27;0;3
e36c981d-ac33-4802-ae07-c2e07a8132c5;39a3507d-d9d6-496f-b1d2-1b17699bdcff;1;1
e36c981d-ac33-4802-ae07-c2e07a8132c5;c5b846f6-0e5f-488f-8db9-903cf600effb;3;0
e36c981d-ac33-4802-ae07-c2e07a8132c5;05922653-dbb1-4d88-9481-81d45a2a89d4;0;3
e36c981d-ac33-4802-ae07-c2e07a8132c5;99412f67-a0f5-4a96-a16c-8d79249bbfef;3;0
e36c981d-ac33-4802-ae07-c2e07a8132c5;fc1a59d4-4b43-412c-a8cf-df27888531b1;3;0
e36c981d-ac33-4802-ae07-c2e07a8132c5;0a1b2929-b031-4c05-9f44-eb05cc63e024;1;2
e36c981d-ac33-4802-ae07-c2e07a8132c5;9fa9c061-bbc6-494a-a0b1-3b04e740478e;1;2
e36c981d-ac33-4802-ae07-c2e07a8132c5;c4fdc0dc-d354-4607-bf5d-9663d8ffcb63;2;1
e36c981d-ac33-4802-ae07-c2e07a8132c5;75669d9e-deb8-4a01-8f82-efcafd8e3cad;2;1
e36c981d-ac33-4802-ae07-c2e07a8132c5;214de929-fd81-4d39-9c4a-8833663e4fe1;3;0
e36c981d-ac33-4802-ae07-c2e07a8132c5;0aa2ebcd-70de-412a-9441-b8b8075500f9;0;3
e36c981d-ac33-4802-ae07-c2e07a8132c5;3bce09a8-fe18-493f-bba3-75b418219afc;0;3
e36c981d-ac33-4802-ae07-c2e07a8132c5;c69858fe-95a6-4da7-b0ed-a1c58b2d06b3;2;0
17363436-2ba1-454a-af2d-7428190fdc74;00804107-d265-4ce0-8fa0-ddbe68e8163d;2;1
17363436-2ba1-454a-af2d-7428190fdc74;eeb974eb-67fc-4260-a4ea-0a9450cd4bc7;1;2
17363436-2ba1-454a-af2d-7428190fdc74;51f0ff44-15d4-4669-a082-050405194406;2;1
17363436-2ba1-454a-af2d-7428190fdc74;e5044fff-3542-4b24-9331-b3c3bd84692d;2;0
17363436-2ba1-454a-af2d-7428190fdc74;f2e46b5c-6866-492b-b8b3-f6cae34f7ec7;1;1
17363436-2ba1-454a-af2d-7428190fdc74;f0e9ba93-8a74-429c-be82-31adef64970b;2;1
17363436-2ba1-454a-af2d-7428190fdc74;2c237b79-380c-4474-b377-275e67b9c3a4;1;0
17363436-2ba1-454a-af2d-7428190fdc74;1dc15474-5c90-41fd-833a-5bf953fc1a62;0;2
17363436-2ba1-454a-af2d-7428190fdc74;ed124ab7-1f57-4c61-ae5b-85f327355a54;2;1
17363436-2ba1-454a-af2d-7428190fdc74;bed268f0-cf7e-405c-a096-7cf8a582c7e2;1;0
17363436-2ba1-454a-af2d-7428190fdc74;b6ed7065-a307-4e7d-b9f8-f454cdbdf5a8;2;1
17363436-2ba1-454a-af2d-7428190fdc74;72b48638-ef0f-4645-92c8-51ec6218ed9a;1;1
17363436-2ba1-454a-af2d-7428190fdc74;c6d40e5f-a57d-49c7-8a85-c6524e5629b6;2;1
17363436-2ba1-454a-af2d-7428190fdc74;02f0c2c3-b0ec-4dc8-9286-274dc62d85b7;0;1
17363436-2ba1-454a-af2d-7428190fdc74;46507557-7c9f-4c02-a1a1-6e23f971e923;2;1
17363436-2ba1-454a-af2d-7428190fdc74;3e2e3c77-f016-493b-bf16-07e31fe91466;2;0
17363436-2ba1-454a-af2d-7428190fdc74;558195d2-5afb-439d-b3ff-bd8aaa0d05ad;1;2
17363436-2ba1-454a-af2d-7428190fdc74;790cc44b-d80a-4fa0-9dff-60a47c367dcc;2;1
17363436-2ba1-454a-af2d-7428190fdc74;d15617ab-21a0-4233-b0c7-d81e9c4fe168;1;2
17363436-2ba1-454a-af2d-7428190fdc74;8d6f9e88-4f45-4613-bed8-1104fed67e81;1;1
17363436-2ba1-454a-af2d-7428190fdc74;38e77705-c9dd-4340-b07b-1a602079c785;2;1
17363436-2ba1-454a-af2d-7428190fdc74;7029238d-800f-474c-a1a1-6e39f6426826;1;2
17363436-2ba1-454a-af2d-7428190fdc74;b9fe6496-64c2-44a6-9e68-7faa1dbabf94;1;2
17363436-2ba1-454a-af2d-7428190fdc74;e7c8da36-b6ff-47fa-9904-06af82e7ade4;2;1
17363436-2ba1-454a-af2d-7428190fdc74;35f389be-886f-421b-a0da-6244a230cfc3;3;0
17363436-2ba1-454a-af2d-7428190fdc74;9976821a-b7c4-45e4-90e1-4718a8ea498d;1;2
17363436-2ba1-454a-af2d-7428190fdc74;4a3ff2cf-924a-40b2-8540-6213eacd2460;2;0
17363436-2ba1-454a-af2d-7428190fdc74;bc757dba-eae9-449c-8986-3a7423db361b;2;1
17363436-2ba1-454a-af2d-7428190fdc74;4a6a222f-45d8-46dc-a479-9e2862c5ec04;1;2
17363436-2ba1-454a-af2d-7428190fdc74;ac7f16c1-b9ac-4471-bbc1-d224f3dea0eb;0;1
17363436-2ba1-454a-af2d-7428190fdc74;720ea640-677c-40ea-b0f0-2349c14f43e9;3;1
17363436-2ba1-454a-af2d-7428190fdc74;221524df-de81-4c62-b5fc-07692a7a6701;2;0
17363436-2ba1-454a-af2d-7428190fdc74;7401aacf-a513-4899-add1-9020af17c085;1;2
17363436-2ba1-454a-af2d-7428190fdc74;eb71238e-8f11-4b6c-b3d8-4f073dde25cb;1;0
17363436-2ba1-454a-af2d-7428190fdc74;15ccd2e2-ff62-44af-9cdc-4ba734802b4c;1;2
17363436-2ba1-454a-af2d-7428190fdc74;b89d061b-211b-468d-8df1-00be0ad11e3b;1;2
17363436-2ba1-454a-af2d-7428190fdc74;cc216780-5af6-48e5-ba90-40b2b5095f6f;2;1
17363436-2ba1-454a-af2d-7428190fdc74;23c37287-e2a9-46bd-8462-d93e552f7f02;1;1
17363436-2ba1-454a-af2d-7428190fdc74;d1baa0fe-6f5b-4c77-ab18-cf3879a35202;3;0
17363436-2ba1-454a-af2d-7428190fdc74;48233635-63c8-4c8e-9e24-f5fea034d578;1;1
17363436-2ba1-454a-af2d-7428190fdc74;a0ed30bf-d2ba-4f20-b3ff-9235725a2828;1;3
17363436-2ba1-454a-af2d-7428190fdc74;dbe94e5e-1ac1-483b-b3e3-b1837bd07b69;1;0
17363436-2ba1-454a-af2d-7428190fdc74;b4c8645f-7fda-4983-9b85-79c70621e255;3;0
17363436-2ba1-454a-af2d-7428190fdc74;fbafc025-bbef-4e8f-8c24-3168b7c94609;0;2
17363436-2ba1-454a-af2d-7428190fdc74;577621d7-41f9-42e9-bc72-7cd5eb642329;3;1
17363436-2ba1-454a-af2d-7428190fdc74;2e780d25-f1f5-4e6b-bed3-a2c17e245885;2;0
17363436-2ba1-454a-af2d-7428190fdc74;c9bb33fd-91e7-4fba-b13a-32c8f574bac9;1;2
17363436-2ba1-454a-af2d-7428190fdc74;4ed786d2-f903-4cfc-8bad-0b1c03757811;1;1
17363436-2ba1-454a-af2d-7428190fdc74;ec8fa0cd-da44-4bb1-8124-94c0f54837cf;2;0
17363436-2ba1-454a-af2d-7428190fdc74;4fbf144a-faa9-4928-aa94-424246daf5c2;1;3
17363436-2ba1-454a-af2d-7428190fdc74;aefa3302-baf2-4aa1-84f3-c1b37212b1fd;3;0
17363436-2ba1-454a-af2d-7428190fdc74;ffa9e78d-d28b-4f50-8147-10d459414ece;2;1
17363436-2ba1-454a-af2d-7428190fdc74;e234852c-1749-439a-81a0-9714c2de6884;1;2
17363436-2ba1-454a-af2d-7428190fdc74;617b2750-c295-4c2c-8947-16e4dfe3e4c3;1;0
17363436-2ba1-454a-af2d-7428190fdc74;1af918bd-ec32-4802-bad5-4f631af54133;2;1
17363436-2ba1-454a-af2d-7428190fdc74;84295db2-1e91-48de-9c8c-da77f961b366;1;0
17363436-2ba1-454a-af2d-7428190fdc74;63ca3b21-8ae6-4694-b5d9-847f594847ca;2;0
17363436-2ba1-454a-af2d-7428190fdc74;b16dc9f2-3dd6-4477-950f-33306996710f;0;1
17363436-2ba1-454a-af2d-7428190fdc74;417bb761-fee7-4064-91c1-c0ac7f067f27;0;2
17363436-2ba1-454a-af2d-7428190fdc74;39a3507d-d9d6-496f-b1d2-1b17699bdcff;1;1
17363436-2ba1-454a-af2d-7428190fdc74;c5b846f6-0e5f-488f-8db9-903cf600effb;2;0
17363436-2ba1-454a-af2d-7428190fdc74;05922653-dbb1-4d88-9481-81d45a2a89d4;1;3
17363436-2ba1-454a-af2d-7428190fdc74;99412f67-a0f5-4a96-a16c-8d79249bbfef;3;0
17363436-2ba1-454a-af2d-7428190fdc74;fc1a59d4-4b43-412c-a8cf-df27888531b1;2;0
17363436-2ba1-454a-af2d-7428190fdc74;0a1b2929-b031-4c05-9f44-eb05cc63e024;1;2
17363436-2ba1-454a-af2d-7428190fdc74;9fa9c061-bbc6-494a-a0b1-3b04e740478e;1;1
17363436-2ba1-454a-af2d-7428190fdc74;c4fdc0dc-d354-4607-bf5d-9663d8ffcb63;2;1
17363436-2ba1-454a-af2d-7428190fdc74;75669d9e-deb8-4a01-8f82-efcafd8e3cad;2;0
17363436-2ba1-454a-af2d-7428190fdc74;214de929-fd81-4d39-9c4a-8833663e4fe1;2;1
17363436-2ba1-454a-af2d-7428190fdc74;0aa2ebcd-70de-412a-9441-b8b8075500f9;1;3
17363436-2ba1-454a-af2d-7428190fdc74;3bce09a8-fe18-493f-bba3-75b418219afc;0;3
17363436-2ba1-454a-af2d-7428190fdc74;c69858fe-95a6-4da7-b0ed-a1c58b2d06b3;2;1
a6c4e8cc-1bcb-4a16-b108-c7c89d642512;00804107-d265-4ce0-8fa0-ddbe68e8163d;2;1
a6c4e8cc-1bcb-4a16-b108-c7c89d642512;eeb974eb-67fc-4260-a4ea-0a9450cd4bc7;1;1
a6c4e8cc-1bcb-4a16-b108-c7c89d642512;51f0ff44-15d4-4669-a082-050405194406;1;1
a6c4e8cc-1bcb-4a16-b108-c7c89d642512;e5044fff-3542-4b24-9331-b3c3bd84692d;3;1
a6c4e8cc-1bcb-4a16-b108-c7c89d642512;f2e46b5c-6866-492b-b8b3-f6cae34f7ec7;2;2
a6c4e8cc-1bcb-4a16-b108-c7c89d642512;f0e9ba93-8a74-429c-be82-31adef64970b;2;2
a6c4e8cc-1bcb-4a16-b108-c7c89d642512;2c237b79-380c-4474-b377-275e67b9c3a4;2;0
a6c4e8cc-1bcb-4a16-b108-c7c89d642512;1dc15474-5c90-41fd-833a-5bf953fc1a62;0;2
a6c4e8cc-1bcb-4a16-b108-c7c89d642512;ed124ab7-1f57-4c61-ae5b-85f327355a54;2;1
a6c4e8cc-1bcb-4a16-b108-c7c89d642512;bed268f0-cf7e-405c-a096-7cf8a582c7e2;2;0
a6c4e8cc-1bcb-4a16-b108-c7c89d642512;b6ed7065-a307-4e7d-b9f8-f454cdbdf5a8;2;1
a6c4e8cc-1bcb-4a16-b108-c7c89d642512;72b48638-ef0f-4645-92c8-51ec6218ed9a;1;1
a6c4e8cc-1bcb-4a16-b108-c7c89d642512;c6d40e5f-a57d-49c7-8a85-c6524e5629b6;2;1
a6c4e8cc-1bcb-4a16-b108-c7c89d642512;02f0c2c3-b0ec-4dc8-9286-274dc62d85b7;1;1
a6c4e8cc-1bcb-4a16-b108-c7c89d642512;46507557-7c9f-4c02-a1a1-6e23f971e923;2;2
a6c4e8cc-1bcb-4a16-b108-c7c89d642512;3e2e3c77-f016-493b-bf16-07e31fe91466;3;0
a6c4e8cc-1bcb-4a16-b108-c7c89d642512;558195d2-5afb-439d-b3ff-bd8aaa0d05ad;1;3
a6c4e8cc-1bcb-4a16-b108-c7c89d642512;790cc44b-d80a-4fa0-9dff-60a47c367dcc;3;1
a6c4e8cc-1bcb-4a16-b108-c7c89d642512;d15617ab-21a0-4233-b0c7-d81e9c4fe168;1;2
a6c4e8cc-1bcb-4a16-b108-c7c89d642512;8d6f9e88-4f45-4613-bed8-1104fed67e81;1;1
a6c4e8cc-1bcb-4a16-b108-c7c89d642512;38e77705-c9dd-4340-b07b-1a602079c785;3;1
a6c4e8cc-1bcb-4a16-b108-c7c89d642512;7029238d-800f-474c-a1a1-6e39f6426826;1;2
a6c4e8cc-1bcb-4a16-b108-c7c89d642512;b9fe6496-64c2-44a6-9e68-7faa1dbabf94;2;2
a6c4e8cc-1bcb-4a16-b108-c7c89d642512;e7c8da36-b6ff-47fa-9904-06af82e7ade4;2;1
a6c4e8cc-1bcb-4a16-b108-c7c89d642512;35f389be-886f-421b-a0da-6244a230cfc3;4;0
a6c4e8cc-1bcb-4a16-b108-c7c89d642512;9976821a-b7c4-45e4-90e1-4718a8ea498d;1;2
a6c4e8cc-1bcb-4a16-b108-c7c89d642512;4a3ff2cf-924a-40b2-8540-6213eacd2460;4;1
a6c4e8cc-1bcb-4a16-b108-c7c89d642512;bc757dba-eae9-449c-8986-3a7423db361b;2;1
a6c4e8cc-1bcb-4a16-b108-c7c89d642512;4a6a222f-45d8-46dc-a479-9e2862c5ec04;1;3
a6c4e8cc-1bcb-4a16-b108-c7c89d642512;ac7f16c1-b9ac-4471-bbc1-d224f3dea0eb;0;1
a6c4e8cc-1bcb-4a16-b108-c7c89d642512;720ea640-677c-40ea-b0f0-2349c14f43e9;3;1
a6c4e8cc-1bcb-4a16-b108-c7c89d642512;221524df-de81-4c62-b5fc-07692a7a6701;2;0
a6c4e8cc-1bcb-4a16-b108-c7c89d642512;7401aacf-a513-4899-add1-9020af17c085;2;1
a6c4e8cc-1bcb-4a16-b108-c7c89d642512;eb71238e-8f11-4b6c-b3d8-4f073dde25cb;1;1
a6c4e8cc-1bcb-4a16-b108-c7c89d642512;15ccd2e2-ff62-44af-9cdc-4ba734802b4c;1;3
a6c4e8cc-1bcb-4a16-b108-c7c89d642512;b89d061b-211b-468d-8df1-00be0ad11e3b;1;2
a6c4e8cc-1bcb-4a16-b108-c7c89d642512;cc216780-5af6-48e5-ba90-40b2b5095f6f;3;1
a6c4e8cc-1bcb-4a16-b108-c7c89d642512;23c37287-e2a9-46bd-8462-d93e552f7f02;2;1
a6c4e8cc-1bcb-4a16-b108-c7c89d642512;d1baa0fe-6f5b-4c77-ab18-cf3879a35202;3;1
a6c4e8cc-1bcb-4a16-b108-c7c89d642512;48233635-63c8-4c8e-9e24-f5fea034d578;1;2
a6c4e8cc-1bcb-4a16-b108-c7c89d642512;a0ed30bf-d2ba-4f20-b3ff-9235725a2828;1;3
a6c4e8cc-1bcb-4a16-b108-c7c89d642512;dbe94e5e-1ac1-483b-b3e3-b1837bd07b69;1;1
a6c4e8cc-1bcb-4a16-b108-c7c89d642512;b4c8645f-7fda-4983-9b85-79c70621e255;3;0
a6c4e8cc-1bcb-4a16-b108-c7c89d642512;fbafc025-bbef-4e8f-8c24-3168b7c94609;0;2
a6c4e8cc-1bcb-4a16-b108-c7c89d642512;577621d7-41f9-42e9-bc72-7cd5eb642329;3;1
a6c4e8cc-1bcb-4a16-b108-c7c89d642512;2e780d25-f1f5-4e6b-bed3-a2c17e245885;2;0
a6c4e8cc-1bcb-4a16-b108-c7c89d642512;c9bb33fd-91e7-4fba-b13a-32c8f574bac9;2;2
a6c4e8cc-1bcb-4a16-b108-c7c89d642512;4ed786d2-f903-4cfc-8bad-0b1c03757811;1;1
a6c4e8cc-1bcb-4a16-b108-c7c89d642512;ec8fa0cd-da44-4bb1-8124-94c0f54837cf;2;0
a6c4e8cc-1bcb-4a16-b108-c7c89d642512;4fbf144a-faa9-4928-aa94-424246daf5c2;1;2
a6c4e8cc-1bcb-4a16-b108-c7c89d642512;aefa3302-baf2-4aa1-84f3-c1b37212b1fd;3;0
a6c4e8cc-1bcb-4a16-b108-c7c89d642512;ffa9e78d-d28b-4f50-8147-10d459414ece;2;1
a6c4e8cc-1bcb-4a16-b108-c7c89d642512;e234852c-1749-439a-81a0-9714c2de6884;1;3
a6c4e8cc-1bcb-4a16-b108-c7c89d642512;617b2750-c295-4c2c-8947-16e4dfe3e4c3;1;1
a6c4e8cc-1bcb-4a16-b108-c7c89d642512;1af918bd-ec32-4802-bad5-4f631af54133;3;1
a6c4e8cc-1bcb-4a16-b108-c7c89d642512;84295db2-1e91-48de-9c8c-da77f961b366;1;0
a6c4e8cc-1bcb-4a16-b108-c7c89d642512;63ca3b21-8ae6-4694-b5d9-847f594847ca;2;0
a6c4e8cc-1bcb-4a16-b108-c7c89d642512;b16dc9f2-3dd6-4477-950f-33306996710f;0;1
a6c4e8cc-1bcb-4a16-b108-c7c89d642512;417bb761-fee7-4064-91c1-c0ac7f067f27;0;2
a6c4e8cc-1bcb-4a16-b108-c7c89d642512;39a3507d-d9d6-496f-b1d2-1b17699bdcff;1;1
a6c4e8cc-1bcb-4a16-b108-c7c89d642512;c5b846f6-0e5f-488f-8db9-903cf600effb;3;0
a6c4e8cc-1bcb-4a16-b108-c7c89d642512;05922653-dbb1-4d88-9481-81d45a2a89d4;1;3
a6c4e8cc-1bcb-4a16-b108-c7c89d642512;99412f67-a0f5-4a96-a16c-8d79249bbfef;3;0
a6c4e8cc-1bcb-4a16-b108-c7c89d642512;fc1a59d4-4b43-412c-a8cf-df27888531b1;2;0
a6c4e8cc-1bcb-4a16-b108-c7c89d642512;0a1b2929-b031-4c05-9f44-eb05cc63e024;1;3
a6c4e8cc-1bcb-4a16-b108-c7c89d642512;9fa9c061-bbc6-494a-a0b1-3b04e740478e;1;1
a6c4e8cc-1bcb-4a16-b108-c7c89d642512;c4fdc0dc-d354-4607-bf5d-9663d8ffcb63;3;1
a6c4e8cc-1bcb-4a16-b108-c7c89d642512;75669d9e-deb8-4a01-8f82-efcafd8e3cad;1;1
a6c4e8cc-1bcb-4a16-b108-c7c89d642512;214de929-fd81-4d39-9c4a-8833663e4fe1;3;1
a6c4e8cc-1bcb-4a16-b108-c7c89d642512;0aa2ebcd-70de-412a-9441-b8b8075500f9;1;2
a6c4e8cc-1bcb-4a16-b108-c7c89d642512;3bce09a8-fe18-493f-bba3-75b418219afc;0;3
a6c4e8cc-1bcb-4a16-b108-c7c89d642512;c69858fe-95a6-4da7-b0ed-a1c58b2d06b3;2;1
7003770c-7095-4179-9f2a-4b4a374682e7;00804107-d265-4ce0-8fa0-ddbe68e8163d;0;0
7003770c-7095-4179-9f2a-4b4a374682e7;eeb974eb-67fc-4260-a4ea-0a9450cd4bc7;1;0
7003770c-7095-4179-9f2a-4b4a374682e7;51f0ff44-15d4-4669-a082-050405194406;0;2
7003770c-7095-4179-9f2a-4b4a374682e7;e5044fff-3542-4b24-9331-b3c3bd84692d;1;1
7003770c-7095-4179-9f2a-4b4a374682e7;f2e46b5c-6866-492b-b8b3-f6cae34f7ec7;1;2
7003770c-7095-4179-9f2a-4b4a374682e7;f0e9ba93-8a74-429c-be82-31adef64970b;2;2
7003770c-7095-4179-9f2a-4b4a374682e7;2c237b79-380c-4474-b377-275e67b9c3a4;0;0
7003770c-7095-4179-9f2a-4b4a374682e7;1dc15474-5c90-41fd-833a-5bf953fc1a62;1;2
7003770c-7095-4179-9f2a-4b4a374682e7;ed124ab7-1f57-4c61-ae5b-85f327355a54;1;0
7003770c-7095-4179-9f2a-4b4a374682e7;bed268f0-cf7e-405c-a096-7cf8a582c7e2;2;1
7003770c-7095-4179-9f2a-4b4a374682e7;b6ed7065-a307-4e7d-b9f8-f454cdbdf5a8;3;1
7003770c-7095-4179-9f2a-4b4a374682e7;72b48638-ef0f-4645-92c8-51ec6218ed9a;0;1
7003770c-7095-4179-9f2a-4b4a374682e7;c6d40e5f-a57d-49c7-8a85-c6524e5629b6;2;0
7003770c-7095-4179-9f2a-4b4a374682e7;02f0c2c3-b0ec-4dc8-9286-274dc62d85b7;0;2
7003770c-7095-4179-9f2a-4b4a374682e7;46507557-7c9f-4c02-a1a1-6e23f971e923;0;1
7003770c-7095-4179-9f2a-4b4a374682e7;3e2e3c77-f016-493b-bf16-07e31fe91466;3;1
7003770c-7095-4179-9f2a-4b4a374682e7;558195d2-5afb-439d-b3ff-bd8aaa0d05ad;1;2
7003770c-7095-4179-9f2a-4b4a374682e7;790cc44b-d80a-4fa0-9dff-60a47c367dcc;1;0
7003770c-7095-4179-9f2a-4b4a374682e7;d15617ab-21a0-4233-b0c7-d81e9c4fe168;1;2
7003770c-7095-4179-9f2a-4b4a374682e7;8d6f9e88-4f45-4613-bed8-1104fed67e81;0;0
7003770c-7095-4179-9f2a-4b4a374682e7;38e77705-c9dd-4340-b07b-1a602079c785;1;0
7003770c-7095-4179-9f2a-4b4a374682e7;7029238d-800f-474c-a1a1-6e39f6426826;0;2
7003770c-7095-4179-9f2a-4b4a374682e7;b9fe6496-64c2-44a6-9e68-7faa1dbabf94;0;2
7003770c-7095-4179-9f2a-4b4a374682e7;e7c8da36-b6ff-47fa-9904-06af82e7ade4;1;0
7003770c-7095-4179-9f2a-4b4a374682e7;35f389be-886f-421b-a0da-6244a230cfc3;3;0
7003770c-7095-4179-9f2a-4b4a374682e7;9976821a-b7c4-45e4-90e1-4718a8ea498d;1;2
7003770c-7095-4179-9f2a-4b4a374682e7;4a3ff2cf-924a-40b2-8540-6213eacd2460;2;0
7003770c-7095-4179-9f2a-4b4a374682e7;bc757dba-eae9-449c-8986-3a7423db361b;1;0
7003770c-7095-4179-9f2a-4b4a374682e7;4a6a222f-45d8-46dc-a479-9e2862c5ec04;0;1
7003770c-7095-4179-9f2a-4b4a374682e7;ac7f16c1-b9ac-4471-bbc1-d224f3dea0eb;2;2
7003770c-7095-4179-9f2a-4b4a374682e7;720ea640-677c-40ea-b0f0-2349c14f43e9;2;1
7003770c-7095-4179-9f2a-4b4a374682e7;221524df-de81-4c62-b5fc-07692a7a6701;1;0
7003770c-7095-4179-9f2a-4b4a374682e7;7401aacf-a513-4899-add1-9020af17c085;2;1
7003770c-7095-4179-9f2a-4b4a374682e7;eb71238e-8f11-4b6c-b3d8-4f073dde25cb;0;2
7003770c-7095-4179-9f2a-4b4a374682e7;15ccd2e2-ff62-44af-9cdc-4ba734802b4c;1;3
7003770c-7095-4179-9f2a-4b4a374682e7;b89d061b-211b-468d-8df1-00be0ad11e3b;2;2
7003770c-7095-4179-9f2a-4b4a374682e7;cc216780-5af6-48e5-ba90-40b2b5095f6f;2;0
7003770c-7095-4179-9f2a-4b4a374682e7;23c37287-e2a9-46bd-8462-d93e552f7f02;0;0
7003770c-7095-4179-9f2a-4b4a374682e7;d1baa0fe-6f5b-4c77-ab18-cf3879a35202;1;0
7003770c-7095-4179-9f2a-4b4a374682e7;48233635-63c8-4c8e-9e24-f5fea034d578;0;1
7003770c-7095-4179-9f2a-4b4a374682e7;a0ed30bf-d2ba-4f20-b3ff-9235725a2828;0;1
7003770c-7095-4179-9f2a-4b4a374682e7;dbe94e5e-1ac1-483b-b3e3-b1837bd07b69;1;0
7003770c-7095-4179-9f2a-4b4a374682e7;b4c8645f-7fda-4983-9b85-79c70621e255;3;1
7003770c-7095-4179-9f2a-4b4a374682e7;fbafc025-bbef-4e8f-8c24-3168b7c94609;0;2
7003770c-7095-4179-9f2a-4b4a374682e7;577621d7-41f9-42e9-bc72-7cd5eb642329;2;0
7003770c-7095-4179-9f2a-4b4a374682e7;2e780d25-f1f5-4e6b-bed3-a2c17e245885;2;0
7003770c-7095-4179-9f2a-4b4a374682e7;c9bb33fd-91e7-4fba-b13a-32c8f574bac9;1;2
7003770c-7095-4179-9f2a-4b4a374682e7;4ed786d2-f903-4cfc-8bad-0b1c03757811;1;1
7003770c-7095-4179-9f2a-4b4a374682e7;ec8fa0cd-da44-4bb1-8124-94c0f54837cf;3;0
7003770c-7095-4179-9f2a-4b4a374682e7;4fbf144a-faa9-4928-aa94-424246daf5c2;1;1
7003770c-7095-4179-9f2a-4b4a374682e7;aefa3302-baf2-4aa1-84f3-c1b37212b1fd;2;0
7003770c-7095-4179-9f2a-4b4a374682e7;ffa9e78d-d28b-4f50-8147-10d459414ece;0;0
7003770c-7095-4179-9f2a-4b4a374682e7;e234852c-1749-439a-81a0-9714c2de6884;0;3
7003770c-7095-4179-9f2a-4b4a374682e7;617b2750-c295-4c2c-8947-16e4dfe3e4c3;1;1
7003770c-7095-4179-9f2a-4b4a374682e7;1af918bd-ec32-4802-bad5-4f631af54133;2;0
7003770c-7095-4179-9f2a-4b4a374682e7;84295db2-1e91-48de-9c8c-da77f961b366;1;0
7003770c-7095-4179-9f2a-4b4a374682e7;63ca3b21-8ae6-4694-b5d9-847f594847ca;2;0
7003770c-7095-4179-9f2a-4b4a374682e7;b16dc9f2-3dd6-4477-950f-33306996710f;1;1
7003770c-7095-4179-9f2a-4b4a374682e7;417bb761-fee7-4064-91c1-c0ac7f067f27;1;2
7003770c-7095-4179-9f2a-4b4a374682e7;39a3507d-d9d6-496f-b1d2-1b17699bdcff;0;1
7003770c-7095-4179-9f2a-4b4a374682e7;c5b846f6-0e5f-488f-8db9-903cf600effb;2;0
7003770c-7095-4179-9f2a-4b4a374682e7;05922653-dbb1-4d88-9481-81d45a2a89d4;0;1
7003770c-7095-4179-9f2a-4b4a374682e7;99412f67-a0f5-4a96-a16c-8d79249bbfef;2;0
7003770c-7095-4179-9f2a-4b4a374682e7;fc1a59d4-4b43-412c-a8cf-df27888531b1;1;0
7003770c-7095-4179-9f2a-4b4a374682e7;0a1b2929-b031-4c05-9f44-eb05cc63e024;1;1
7003770c-7095-4179-9f2a-4b4a374682e7;9fa9c061-bbc6-494a-a0b1-3b04e740478e;2;2
7003770c-7095-4179-9f2a-4b4a374682e7;c4fdc0dc-d354-4607-bf5d-9663d8ffcb63;1;1
7003770c-7095-4179-9f2a-4b4a374682e7;75669d9e-deb8-4a01-8f82-efcafd8e3cad;0;1
7003770c-7095-4179-9f2a-4b4a374682e7;214de929-fd81-4d39-9c4a-8833663e4fe1;2;0
7003770c-7095-4179-9f2a-4b4a374682e7;0aa2ebcd-70de-412a-9441-b8b8075500f9;0;2
7003770c-7095-4179-9f2a-4b4a374682e7;3bce09a8-fe18-493f-bba3-75b418219afc;0;2
7003770c-7095-4179-9f2a-4b4a374682e7;c69858fe-95a6-4da7-b0ed-a1c58b2d06b3;2;0
72cfa4f4-2839-40b9-a100-210a194ce98d;00804107-d265-4ce0-8fa0-ddbe68e8163d;2;0
72cfa4f4-2839-40b9-a100-210a194ce98d;eeb974eb-67fc-4260-a4ea-0a9450cd4bc7;2;2
72cfa4f4-2839-40b9-a100-210a194ce98d;51f0ff44-15d4-4669-a082-050405194406;1;2
72cfa4f4-2839-40b9-a100-210a194ce98d;e5044fff-3542-4b24-9331-b3c3bd84692d;2;1
72cfa4f4-2839-40b9-a100-210a194ce98d;f2e46b5c-6866-492b-b8b3-f6cae34f7ec7;1;3
72cfa4f4-2839-40b9-a100-210a194ce98d;f0e9ba93-8a74-429c-be82-31adef64970b;3;1
72cfa4f4-2839-40b9-a100-210a194ce98d;2c237b79-380c-4474-b377-275e67b9c3a4;2;0
72cfa4f4-2839-40b9-a100-210a194ce98d;1dc15474-5c90-41fd-833a-5bf953fc1a62;1;2
72cfa4f4-2839-40b9-a100-210a194ce98d;ed124ab7-1f57-4c61-ae5b-85f327355a54;1;1
72cfa4f4-2839-40b9-a100-210a194ce98d;bed268f0-cf7e-405c-a096-7cf8a582c7e2;3;1
72cfa4f4-2839-40b9-a100-210a194ce98d;b6ed7065-a307-4e7d-b9f8-f454cdbdf5a8;2;2
72cfa4f4-2839-40b9-a100-210a194ce98d;72b48638-ef0f-4645-92c8-51ec6218ed9a;0;0
72cfa4f4-2839-40b9-a100-210a194ce98d;c6d40e5f-a57d-49c7-8a85-c6524e5629b6;2;1
72cfa4f4-2839-40b9-a100-210a194ce98d;02f0c2c3-b0ec-4dc8-9286-274dc62d85b7;1;2
72cfa4f4-2839-40b9-a100-210a194ce98d;46507557-7c9f-4c02-a1a1-6e23f971e923;1;2
72cfa4f4-2839-40b9-a100-210a194ce98d;3e2e3c77-f016-493b-bf16-07e31fe91466;4;0
72cfa4f4-2839-40b9-a100-210a194ce98d;558195d2-5afb-439d-b3ff-bd8aaa0d05ad;1;2
72cfa4f4-2839-40b9-a100-210a194ce98d;790cc44b-d80a-4fa0-9dff-60a47c367dcc;3;0
72cfa4f4-2839-40b9-a100-210a194ce98d;d15617ab-21a0-4233-b0c7-d81e9c4fe168;2;2
72cfa4f4-2839-40b9-a100-210a194ce98d;8d6f9e88-4f45-4613-bed8-1104fed67e81;2;2
72cfa4f4-2839-40b9-a100-210a194ce98d;38e77705-c9dd-4340-b07b-1a602079c785;2;1
72cfa4f4-2839-40b9-a100-210a194ce98d;7029238d-800f-474c-a1a1-6e39f6426826;2;3
72cfa4f4-2839-40b9-a100-210a194ce98d;b9fe6496-64c2-44a6-9e68-7faa1dbabf94;1;3
72cfa4f4-2839-40b9-a100-210a194ce98d;e7c8da36-b6ff-47fa-9904-06af82e7ade4;3;1
72cfa4f4-2839-40b9-a100-210a194ce98d;35f389be-886f-421b-a0da-6244a230cfc3;5;1
72cfa4f4-2839-40b9-a100-210a194ce98d;9976821a-b7c4-45e4-90e1-4718a8ea498d;1;3
72cfa4f4-2839-40b9-a100-210a194ce98d;4a3ff2cf-924a-40b2-8540-6213eacd2460;3;1
72cfa4f4-2839-40b9-a100-210a194ce98d;bc757dba-eae9-449c-8986-3a7423db361b;3;0
72cfa4f4-2839-40b9-a100-210a194ce98d;4a6a222f-45d8-46dc-a479-9e2862c5ec04;1;2
72cfa4f4-2839-40b9-a100-210a194ce98d;ac7f16c1-b9ac-4471-bbc1-d224f3dea0eb;2;2
72cfa4f4-2839-40b9-a100-210a194ce98d;720ea640-677c-40ea-b0f0-2349c14f43e9;1;2
72cfa4f4-2839-40b9-a100-210a194ce98d;221524df-de81-4c62-b5fc-07692a7a6701;2;2
72cfa4f4-2839-40b9-a100-210a194ce98d;7401aacf-a513-4899-add1-9020af17c085;2;2
72cfa4f4-2839-40b9-a100-210a194ce98d;eb71238e-8f11-4b6c-b3d8-4f073dde25cb;2;1
72cfa4f4-2839-40b9-a100-210a194ce98d;15ccd2e2-ff62-44af-9cdc-4ba734802b4c;2;2
72cfa4f4-2839-40b9-a100-210a194ce98d;b89d061b-211b-468d-8df1-00be0ad11e3b;3;1
72cfa4f4-2839-40b9-a100-210a194ce98d;cc216780-5af6-48e5-ba90-40b2b5095f6f;2;3
72cfa4f4-2839-40b9-a100-210a194ce98d;23c37287-e2a9-46bd-8462-d93e552f7f02;0;1
72cfa4f4-2839-40b9-a100-210a194ce98d;d1baa0fe-6f5b-4c77-ab18-cf3879a35202;1;1
72cfa4f4-2839-40b9-a100-210a194ce98d;48233635-63c8-4c8e-9e24-f5fea034d578;1;2
72cfa4f4-2839-40b9-a100-210a194ce98d;a0ed30bf-d2ba-4f20-b3ff-9235725a2828;1;3
72cfa4f4-2839-40b9-a100-210a194ce98d;dbe94e5e-1ac1-483b-b3e3-b1837bd07b69;3;1
72cfa4f4-2839-40b9-a100-210a194ce98d;b4c8645f-7fda-4983-9b85-79c70621e255;4;0
72cfa4f4-2839-40b9-a100-210a194ce98d;fbafc025-bbef-4e8f-8c24-3168b7c94609;2;3
72cfa4f4-2839-40b9-a100-210a194ce98d;577621d7-41f9-42e9-bc72-7cd5eb642329;3;1
72cfa4f4-2839-40b9-a100-210a194ce98d;2e780d25-f1f5-4e6b-bed3-a2c17e245885;4;1
72cfa4f4-2839-40b9-a100-210a194ce98d;c9bb33fd-91e7-4fba-b13a-32c8f574bac9;2;3
72cfa4f4-2839-40b9-a100-210a194ce98d;4ed786d2-f903-4cfc-8bad-0b1c03757811;1;2
72cfa4f4-2839-40b9-a100-210a194ce98d;ec8fa0cd-da44-4bb1-8124-94c0f54837cf;5;1
72cfa4f4-2839-40b9-a100-210a194ce98d;4fbf144a-faa9-4928-aa94-424246daf5c2;1;2
72cfa4f4-2839-40b9-a100-210a194ce98d;aefa3302-baf2-4aa1-84f3-c1b37212b1fd;3;0
72cfa4f4-2839-40b9-a100-210a194ce98d;ffa9e78d-d28b-4f50-8147-10d459414ece;2;0
72cfa4f4-2839-40b9-a100-210a194ce98d;e234852c-1749-439a-81a0-9714c2de6884;2;4
72cfa4f4-2839-40b9-a100-210a194ce98d;617b2750-c295-4c2c-8947-16e4dfe3e4c3;1;1
72cfa4f4-2839-40b9-a100-210a194ce98d;1af918bd-ec32-4802-bad5-4f631af54133;3;0
72cfa4f4-2839-40b9-a100-210a194ce98d;84295db2-1e91-48de-9c8c-da77f961b366;1;1
72cfa4f4-2839-40b9-a100-210a194ce98d;63ca3b21-8ae6-4694-b5d9-847f594847ca;2;1
72cfa4f4-2839-40b9-a100-210a194ce98d;b16dc9f2-3dd6-4477-950f-33306996710f;2;3
72cfa4f4-2839-40b9-a100-210a194ce98d;417bb761-fee7-4064-91c1-c0ac7f067f27;1;4
72cfa4f4-2839-40b9-a100-210a194ce98d;39a3507d-d9d6-496f-b1d2-1b17699bdcff;2;3
72cfa4f4-2839-40b9-a100-210a194ce98d;c5b846f6-0e5f-488f-8db9-903cf600effb;4;1
72cfa4f4-2839-40b9-a100-210a194ce98d;05922653-dbb1-4d88-9481-81d45a2a89d4;1;3
72cfa4f4-2839-40b9-a100-210a194ce98d;99412f67-a0f5-4a96-a16c-8d79249bbfef;3;0
72cfa4f4-2839-40b9-a100-210a194ce98d;fc1a59d4-4b43-412c-a8cf-df27888531b1;3;1
72cfa4f4-2839-40b9-a100-210a194ce98d;0a1b2929-b031-4c05-9f44-eb05cc63e024;3;3
72cfa4f4-2839-40b9-a100-210a194ce98d;9fa9c061-bbc6-494a-a0b1-3b04e740478e;1;1
72cfa4f4-2839-40b9-a100-210a194ce98d;c4fdc0dc-d354-4607-bf5d-9663d8ffcb63;2;1
72cfa4f4-2839-40b9-a100-210a194ce98d;75669d9e-deb8-4a01-8f82-efcafd8e3cad;1;1
72cfa4f4-2839-40b9-a100-210a194ce98d;214de929-fd81-4d39-9c4a-8833663e4fe1;3;1
72cfa4f4-2839-40b9-a100-210a194ce98d;0aa2ebcd-70de-412a-9441-b8b8075500f9;1;3
72cfa4f4-2839-40b9-a100-210a194ce98d;3bce09a8-fe18-493f-bba3-75b418219afc;1;3
72cfa4f4-2839-40b9-a100-210a194ce98d;c69858fe-95a6-4da7-b0ed-a1c58b2d06b3;2;0
4307ed24-98de-48ac-bc27-975ae8957718;00804107-d265-4ce0-8fa0-ddbe68e8163d;2;1
4307ed24-98de-48ac-bc27-975ae8957718;eeb974eb-67fc-4260-a4ea-0a9450cd4bc7;1;1
4307ed24-98de-48ac-bc27-975ae8957718;51f0ff44-15d4-4669-a082-050405194406;2;0
4307ed24-98de-48ac-bc27-975ae8957718;e5044fff-3542-4b24-9331-b3c3bd84692d;1;1
4307ed24-98de-48ac-bc27-975ae8957718;f2e46b5c-6866-492b-b8b3-f6cae34f7ec7;0;1
4307ed24-98de-48ac-bc27-975ae8957718;f0e9ba93-8a74-429c-be82-31adef64970b;1;1
4307ed24-98de-48ac-bc27-975ae8957718;2c237b79-380c-4474-b377-275e67b9c3a4;1;2
4307ed24-98de-48ac-bc27-975ae8957718;1dc15474-5c90-41fd-833a-5bf953fc1a62;0;2
4307ed24-98de-48ac-bc27-975ae8957718;ed124ab7-1f57-4c61-ae5b-85f327355a54;1;1
4307ed24-98de-48ac-bc27-975ae8957718;bed268f0-cf7e-405c-a096-7cf8a582c7e2;2;0
4307ed24-98de-48ac-bc27-975ae8957718;b6ed7065-a307-4e7d-b9f8-f454cdbdf5a8;1;1
4307ed24-98de-48ac-bc27-975ae8957718;72b48638-ef0f-4645-92c8-51ec6218ed9a;1;0
4307ed24-98de-48ac-bc27-975ae8957718;c6d40e5f-a57d-49c7-8a85-c6524e5629b6;2;1
4307ed24-98de-48ac-bc27-975ae8957718;02f0c2c3-b0ec-4dc8-9286-274dc62d85b7;0;2
4307ed24-98de-48ac-bc27-975ae8957718;46507557-7c9f-4c02-a1a1-6e23f971e923;1;2
4307ed24-98de-48ac-bc27-975ae8957718;3e2e3c77-f016-493b-bf16-07e31fe91466;5;0
4307ed24-98de-48ac-bc27-975ae8957718;558195d2-5afb-439d-b3ff-bd8aaa0d05ad;1;1
4307ed24-98de-48ac-bc27-975ae8957718;790cc44b-d80a-4fa0-9dff-60a47c367dcc;2;0
4307ed24-98de-48ac-bc27-975ae8957718;d15617ab-21a0-4233-b0c7-d81e9c4fe168;2;1
4307ed24-98de-48ac-bc27-975ae8957718;8d6f9e88-4f45-4613-bed8-1104fed67e81;0;2
4307ed24-98de-48ac-bc27-975ae8957718;38e77705-c9dd-4340-b07b-1a602079c785;2;0
4307ed24-98de-48ac-bc27-975ae8957718;7029238d-800f-474c-a1a1-6e39f6426826;1;1
4307ed24-98de-48ac-bc27-975ae8957718;b9fe6496-64c2-44a6-9e68-7faa1dbabf94;2;1
4307ed24-98de-48ac-bc27-975ae8957718;e7c8da36-b6ff-47fa-9904-06af82e7ade4;1;1
4307ed24-98de-48ac-bc27-975ae8957718;35f389be-886f-421b-a0da-6244a230cfc3;5;0
4307ed24-98de-48ac-bc27-975ae8957718;9976821a-b7c4-45e4-90e1-4718a8ea498d;1;1
4307ed24-98de-48ac-bc27-975ae8957718;4a3ff2cf-924a-40b2-8540-6213eacd2460;2;2
4307ed24-98de-48ac-bc27-975ae8957718;bc757dba-eae9-449c-8986-3a7423db361b;2;0
4307ed24-98de-48ac-bc27-975ae8957718;4a6a222f-45d8-46dc-a479-9e2862c5ec04;1;2
4307ed24-98de-48ac-bc27-975ae8957718;ac7f16c1-b9ac-4471-bbc1-d224f3dea0eb;0;3
4307ed24-98de-48ac-bc27-975ae8957718;720ea640-677c-40ea-b0f0-2349c14f43e9;1;1
4307ed24-98de-48ac-bc27-975ae8957718;221524df-de81-4c62-b5fc-07692a7a6701;2;0
4307ed24-98de-48ac-bc27-975ae8957718;7401aacf-a513-4899-add1-9020af17c085;2;1
4307ed24-98de-48ac-bc27-975ae8957718;eb71238e-8f11-4b6c-b3d8-4f073dde25cb;1;2
4307ed24-98de-48ac-bc27-975ae8957718;15ccd2e2-ff62-44af-9cdc-4ba734802b4c;1;3
4307ed24-98de-48ac-bc27-975ae8957718;b89d061b-211b-468d-8df1-00be0ad11e3b;1;1
4307ed24-98de-48ac-bc27-975ae8957718;cc216780-5af6-48e5-ba90-40b2b5095f6f;2;0
4307ed24-98de-48ac-bc27-975ae8957718;23c37287-e2a9-46bd-8462-d93e552f7f02;1;0
4307ed24-98de-48ac-bc27-975ae8957718;d1baa0fe-6f5b-4c77-ab18-cf3879a35202;2;1
4307ed24-98de-48ac-bc27-975ae8957718;48233635-63c8-4c8e-9e24-f5fea034d578;1;2
4307ed24-98de-48ac-bc27-975ae8957718;a0ed30bf-d2ba-4f20-b3ff-9235725a2828;0;3
4307ed24-98de-48ac-bc27-975ae8957718;dbe94e5e-1ac1-483b-b3e3-b1837bd07b69;1;1
4307ed24-98de-48ac-bc27-975ae8957718;b4c8645f-7fda-4983-9b85-79c70621e255;6;0
4307ed24-98de-48ac-bc27-975ae8957718;fbafc025-bbef-4e8f-8c24-3168b7c94609;1;3
4307ed24-98de-48ac-bc27-975ae8957718;577621d7-41f9-42e9-bc72-7cd5eb642329;3;0
4307ed24-98de-48ac-bc27-975ae8957718;2e780d25-f1f5-4e6b-bed3-a2c17e245885;2;0
4307ed24-98de-48ac-bc27-975ae8957718;c9bb33fd-91e7-4fba-b13a-32c8f574bac9;2;2
4307ed24-98de-48ac-bc27-975ae8957718;4ed786d2-f903-4cfc-8bad-0b1c03757811;1;1
4307ed24-98de-48ac-bc27-975ae8957718;ec8fa0cd-da44-4bb1-8124-94c0f54837cf;3;1
4307ed24-98de-48ac-bc27-975ae8957718;4fbf144a-faa9-4928-aa94-424246daf5c2;0;2
4307ed24-98de-48ac-bc27-975ae8957718;aefa3302-baf2-4aa1-84f3-c1b37212b1fd;4;0
4307ed24-98de-48ac-bc27-975ae8957718;ffa9e78d-d28b-4f50-8147-10d459414ece;2;1
4307ed24-98de-48ac-bc27-975ae8957718;e234852c-1749-439a-81a0-9714c2de6884;1;1
4307ed24-98de-48ac-bc27-975ae8957718;617b2750-c295-4c2c-8947-16e4dfe3e4c3;3;1
4307ed24-98de-48ac-bc27-975ae8957718;1af918bd-ec32-4802-bad5-4f631af54133;2;1
4307ed24-98de-48ac-bc27-975ae8957718;84295db2-1e91-48de-9c8c-da77f961b366;2;0
4307ed24-98de-48ac-bc27-975ae8957718;63ca3b21-8ae6-4694-b5d9-847f594847ca;1;0
4307ed24-98de-48ac-bc27-975ae8957718;b16dc9f2-3dd6-4477-950f-33306996710f;1;2
4307ed24-98de-48ac-bc27-975ae8957718;417bb761-fee7-4064-91c1-c0ac7f067f27;0;3
4307ed24-98de-48ac-bc27-975ae8957718;39a3507d-d9d6-496f-b1d2-1b17699bdcff;1;1
4307ed24-98de-48ac-bc27-975ae8957718;c5b846f6-0e5f-488f-8db9-903cf600effb;3;1
4307ed24-98de-48ac-bc27-975ae8957718;05922653-dbb1-4d88-9481-81d45a2a89d4;0;2
4307ed24-98de-48ac-bc27-975ae8957718;99412f67-a0f5-4a96-a16c-8d79249bbfef;3;0
4307ed24-98de-48ac-bc27-975ae8957718;fc1a59d4-4b43-412c-a8cf-df27888531b1;2;1
4307ed24-98de-48ac-bc27-975ae8957718;0a1b2929-b031-4c05-9f44-eb05cc63e024;1;1
4307ed24-98de-48ac-bc27-975ae8957718;9fa9c061-bbc6-494a-a0b1-3b04e740478e;2;1
4307ed24-98de-48ac-bc27-975ae8957718;c4fdc0dc-d354-4607-bf5d-9663d8ffcb63;2;1
4307ed24-98de-48ac-bc27-975ae8957718;75669d9e-deb8-4a01-8f82-efcafd8e3cad;2;0
4307ed24-98de-48ac-bc27-975ae8957718;214de929-fd81-4d39-9c4a-8833663e4fe1;1;0
4307ed24-98de-48ac-bc27-975ae8957718;0aa2ebcd-70de-412a-9441-b8b8075500f9;0;1
4307ed24-98de-48ac-bc27-975ae8957718;3bce09a8-fe18-493f-bba3-75b418219afc;0;3
4307ed24-98de-48ac-bc27-975ae8957718;c69858fe-95a6-4da7-b0ed-a1c58b2d06b3;1;2
cd6ba485-7ac7-40c7-8f9f-79aef7d904ae;00804107-d265-4ce0-8fa0-ddbe68e8163d;3;1
cd6ba485-7ac7-40c7-8f9f-79aef7d904ae;eeb974eb-67fc-4260-a4ea-0a9450cd4bc7;3;1
cd6ba485-7ac7-40c7-8f9f-79aef7d904ae;51f0ff44-15d4-4669-a082-050405194406;2;1
cd6ba485-7ac7-40c7-8f9f-79aef7d904ae;e5044fff-3542-4b24-9331-b3c3bd84692d;2;2
cd6ba485-7ac7-40c7-8f9f-79aef7d904ae;f2e46b5c-6866-492b-b8b3-f6cae34f7ec7;1;2
cd6ba485-7ac7-40c7-8f9f-79aef7d904ae;f0e9ba93-8a74-429c-be82-31adef64970b;1;4
cd6ba485-7ac7-40c7-8f9f-79aef7d904ae;2c237b79-380c-4474-b377-275e67b9c3a4;2;0
cd6ba485-7ac7-40c7-8f9f-79aef7d904ae;1dc15474-5c90-41fd-833a-5bf953fc1a62;1;1
cd6ba485-7ac7-40c7-8f9f-79aef7d904ae;ed124ab7-1f57-4c61-ae5b-85f327355a54;2;1
cd6ba485-7ac7-40c7-8f9f-79aef7d904ae;bed268f0-cf7e-405c-a096-7cf8a582c7e2;2;2
cd6ba485-7ac7-40c7-8f9f-79aef7d904ae;b6ed7065-a307-4e7d-b9f8-f454cdbdf5a8;2;2
cd6ba485-7ac7-40c7-8f9f-79aef7d904ae;72b48638-ef0f-4645-92c8-51ec6218ed9a;1;1
cd6ba485-7ac7-40c7-8f9f-79aef7d904ae;c6d40e5f-a57d-49c7-8a85-c6524e5629b6;2;0
cd6ba485-7ac7-40c7-8f9f-79aef7d904ae;02f0c2c3-b0ec-4dc8-9286-274dc62d85b7;0;4
cd6ba485-7ac7-40c7-8f9f-79aef7d904ae;46507557-7c9f-4c02-a1a1-6e23f971e923;3;1
cd6ba485-7ac7-40c7-8f9f-79aef7d904ae;3e2e3c77-f016-493b-bf16-07e31fe91466;3;1
cd6ba485-7ac7-40c7-8f9f-79aef7d904ae;558195d2-5afb-439d-b3ff-bd8aaa0d05ad;1;2
cd6ba485-7ac7-40c7-8f9f-79aef7d904ae;790cc44b-d80a-4fa0-9dff-60a47c367dcc;1;1
cd6ba485-7ac7-40c7-8f9f-79aef7d904ae;d15617ab-21a0-4233-b0c7-d81e9c4fe168;2;1
cd6ba485-7ac7-40c7-8f9f-79aef7d904ae;8d6f9e88-4f45-4613-bed8-1104fed67e81;2;2
cd6ba485-7ac7-40c7-8f9f-79aef7d904ae;38e77705-c9dd-4340-b07b-1a602079c785;2;1
cd6ba485-7ac7-40c7-8f9f-79aef7d904ae;7029238d-800f-474c-a1a1-6e39f6426826;1;3
cd6ba485-7ac7-40c7-8f9f-79aef7d904ae;b9fe6496-64c2-44a6-9e68-7faa1dbabf94;2;3
cd6ba485-7ac7-40c7-8f9f-79aef7d904ae;e7c8da36-b6ff-47fa-9904-06af82e7ade4;1;2
cd6ba485-7ac7-40c7-8f9f-79aef7d904ae;35f389be-886f-421b-a0da-6244a230cfc3;4;0
cd6ba485-7ac7-40c7-8f9f-79aef7d904ae;9976821a-b7c4-45e4-90e1-4718a8ea498d;0;1
cd6ba485-7ac7-40c7-8f9f-79aef7d904ae;4a3ff2cf-924a-40b2-8540-6213eacd2460;3;0
cd6ba485-7ac7-40c7-8f9f-79aef7d904ae;bc757dba-eae9-449c-8986-3a7423db361b;1;1
cd6ba485-7ac7-40c7-8f9f-79aef7d904ae;4a6a222f-45d8-46dc-a479-9e2862c5ec04;1;2
cd6ba485-7ac7-40c7-8f9f-79aef7d904ae;ac7f16c1-b9ac-4471-bbc1-d224f3dea0eb;1;1
cd6ba485-7ac7-40c7-8f9f-79aef7d904ae;720ea640-677c-40ea-b0f0-2349c14f43e9;4;2
cd6ba485-7ac7-40c7-8f9f-79aef7d904ae;221524df-de81-4c62-b5fc-07692a7a6701;2;1
cd6ba485-7ac7-40c7-8f9f-79aef7d904ae;7401aacf-a513-4899-add1-9020af17c085;3;2
cd6ba485-7ac7-40c7-8f9f-79aef7d904ae;eb71238e-8f11-4b6c-b3d8-4f073dde25cb;1;1
cd6ba485-7ac7-40c7-8f9f-79aef7d904ae;15ccd2e2-ff62-44af-9cdc-4ba734802b4c;0;3
cd6ba485-7ac7-40c7-8f9f-79aef7d904ae;b89d061b-211b-468d-8df1-00be0ad11e3b;1;1
cd6ba485-7ac7-40c7-8f9f-79aef7d904ae;cc216780-5af6-48e5-ba90-40b2b5095f6f;2;1
cd6ba485-7ac7-40c7-8f9f-79aef7d904ae;23c37287-e2a9-46bd-8462-d93e552f7f02;1;2
cd6ba485-7ac7-40c7-8f9f-79aef7d904ae;d1baa0fe-6f5b-4c77-ab18-cf3879a35202;3;1
cd6ba485-7ac7-40c7-8f9f-79aef7d904ae;48233635-63c8-4c8e-9e24-f5fea034d578;2;2
cd6ba485-7ac7-40c7-8f9f-79aef7d904ae;a0ed30bf-d2ba-4f20-b3ff-9235725a2828;1;2
cd6ba485-7ac7-40c7-8f9f-79aef7d904ae;dbe94e5e-1ac1-483b-b3e3-b1837bd07b69;1;1
cd6ba485-7ac7-40c7-8f9f-79aef7d904ae;b4c8645f-7fda-4983-9b85-79c70621e255;3;0
cd6ba485-7ac7-40c7-8f9f-79aef7d904ae;fbafc025-bbef-4e8f-8c24-3168b7c94609;1;3
cd6ba485-7ac7-40c7-8f9f-79aef7d904ae;577621d7-41f9-42e9-bc72-7cd5eb642329;3;1
cd6ba485-7ac7-40c7-8f9f-79aef7d904ae;2e780d25-f1f5-4e6b-bed3-a2c17e245885;2;1
cd6ba485-7ac7-40c7-8f9f-79aef7d904ae;c9bb33fd-91e7-4fba-b13a-32c8f574bac9;2;2
cd6ba485-7ac7-40c7-8f9f-79aef7d904ae;4ed786d2-f903-4cfc-8bad-0b1c03757811;1;0
cd6ba485-7ac7-40c7-8f9f-79aef7d904ae;ec8fa0cd-da44-4bb1-8124-94c0f54837cf;4;0
cd6ba485-7ac7-40c7-8f9f-79aef7d904ae;4fbf144a-faa9-4928-aa94-424246daf5c2;0;0
cd6ba485-7ac7-40c7-8f9f-79aef7d904ae;aefa3302-baf2-4aa1-84f3-c1b37212b1fd;2;0
cd6ba485-7ac7-40c7-8f9f-79aef7d904ae;ffa9e78d-d28b-4f50-8147-10d459414ece;1;1
cd6ba485-7ac7-40c7-8f9f-79aef7d904ae;e234852c-1749-439a-81a0-9714c2de6884;1;3
cd6ba485-7ac7-40c7-8f9f-79aef7d904ae;617b2750-c295-4c2c-8947-16e4dfe3e4c3;1;1
cd6ba485-7ac7-40c7-8f9f-79aef7d904ae;1af918bd-ec32-4802-bad5-4f631af54133;2;0
cd6ba485-7ac7-40c7-8f9f-79aef7d904ae;84295db2-1e91-48de-9c8c-da77f961b366;1;0
cd6ba485-7ac7-40c7-8f9f-79aef7d904ae;63ca3b21-8ae6-4694-b5d9-847f594847ca;2;0
cd6ba485-7ac7-40c7-8f9f-79aef7d904ae;b16dc9f2-3dd6-4477-950f-33306996710f;1;1
cd6ba485-7ac7-40c7-8f9f-79aef7d904ae;417bb761-fee7-4064-91c1-c0ac7f067f27;0;3
cd6ba485-7ac7-40c7-8f9f-79aef7d904ae;39a3507d-d9d6-496f-b1d2-1b17699bdcff;0;0
cd6ba485-7ac7-40c7-8f9f-79aef7d904ae;c5b846f6-0e5f-488f-8db9-903cf600effb;2;1
cd6ba485-7ac7-40c7-8f9f-79aef7d904ae;05922653-dbb1-4d88-9481-81d45a2a89d4;1;3
cd6ba485-7ac7-40c7-8f9f-79aef7d904ae;99412f67-a0f5-4a96-a16c-8d79249bbfef;3;0
cd6ba485-7ac7-40c7-8f9f-79aef7d904ae;fc1a59d4-4b43-412c-a8cf-df27888531b1;3;1
cd6ba485-7ac7-40c7-8f9f-79aef7d904ae;0a1b2929-b031-4c05-9f44-eb05cc63e024;1;3
cd6ba485-7ac7-40c7-8f9f-79aef7d904ae;9fa9c061-bbc6-494a-a0b1-3b04e740478e;1;0
cd6ba485-7ac7-40c7-8f9f-79aef7d904ae;c4fdc0dc-d354-4607-bf5d-9663d8ffcb63;2;3
cd6ba485-7ac7-40c7-8f9f-79aef7d904ae;75669d9e-deb8-4a01-8f82-efcafd8e3cad;2;2
cd6ba485-7ac7-40c7-8f9f-79aef7d904ae;214de929-fd81-4d39-9c4a-8833663e4fe1;2;0
cd6ba485-7ac7-40c7-8f9f-79aef7d904ae;0aa2ebcd-70de-412a-9441-b8b8075500f9;0;3
cd6ba485-7ac7-40c7-8f9f-79aef7d904ae;3bce09a8-fe18-493f-bba3-75b418219afc;1;4
cd6ba485-7ac7-40c7-8f9f-79aef7d904ae;c69858fe-95a6-4da7-b0ed-a1c58b2d06b3;4;0
71b6e3d6-a43c-42b2-ac85-84d4aae55091;00804107-d265-4ce0-8fa0-ddbe68e8163d;2;0
71b6e3d6-a43c-42b2-ac85-84d4aae55091;eeb974eb-67fc-4260-a4ea-0a9450cd4bc7;1;1
71b6e3d6-a43c-42b2-ac85-84d4aae55091;51f0ff44-15d4-4669-a082-050405194406;1;0
71b6e3d6-a43c-42b2-ac85-84d4aae55091;e5044fff-3542-4b24-9331-b3c3bd84692d;2;1
71b6e3d6-a43c-42b2-ac85-84d4aae55091;f2e46b5c-6866-492b-b8b3-f6cae34f7ec7;1;1
71b6e3d6-a43c-42b2-ac85-84d4aae55091;f0e9ba93-8a74-429c-be82-31adef64970b;1;1
71b6e3d6-a43c-42b2-ac85-84d4aae55091;2c237b79-380c-4474-b377-275e67b9c3a4;2;0
71b6e3d6-a43c-42b2-ac85-84d4aae55091;1dc15474-5c90-41fd-833a-5bf953fc1a62;0;2
71b6e3d6-a43c-42b2-ac85-84d4aae55091;ed124ab7-1f57-4c61-ae5b-85f327355a54;2;1
71b6e3d6-a43c-42b2-ac85-84d4aae55091;bed268f0-cf7e-405c-a096-7cf8a582c7e2;2;0
71b6e3d6-a43c-42b2-ac85-84d4aae55091;b6ed7065-a307-4e7d-b9f8-f454cdbdf5a8;1;1
71b6e3d6-a43c-42b2-ac85-84d4aae55091;72b48638-ef0f-4645-92c8-51ec6218ed9a;1;0
71b6e3d6-a43c-42b2-ac85-84d4aae55091;c6d40e5f-a57d-49c7-8a85-c6524e5629b6;1;1
71b6e3d6-a43c-42b2-ac85-84d4aae55091;02f0c2c3-b0ec-4dc8-9286-274dc62d85b7;0;2
71b6e3d6-a43c-42b2-ac85-84d4aae55091;46507557-7c9f-4c02-a1a1-6e23f971e923;0;1
71b6e3d6-a43c-42b2-ac85-84d4aae55091;3e2e3c77-f016-493b-bf16-07e31fe91466;3;0
71b6e3d6-a43c-42b2-ac85-84d4aae55091;558195d2-5afb-439d-b3ff-bd8aaa0d05ad;0;2
71b6e3d6-a43c-42b2-ac85-84d4aae55091;790cc44b-d80a-4fa0-9dff-60a47c367dcc;2;0
71b6e3d6-a43c-42b2-ac85-84d4aae55091;d15617ab-21a0-4233-b0c7-d81e9c4fe168;1;0
71b6e3d6-a43c-42b2-ac85-84d4aae55091;8d6f9e88-4f45-4613-bed8-1104fed67e81;1;1
71b6e3d6-a43c-42b2-ac85-84d4aae55091;38e77705-c9dd-4340-b07b-1a602079c785;2;0
71b6e3d6-a43c-42b2-ac85-84d4aae55091;7029238d-800f-474c-a1a1-6e39f6426826;2;1
71b6e3d6-a43c-42b2-ac85-84d4aae55091;b9fe6496-64c2-44a6-9e68-7faa1dbabf94;1;1
71b6e3d6-a43c-42b2-ac85-84d4aae55091;e7c8da36-b6ff-47fa-9904-06af82e7ade4;1;0
71b6e3d6-a43c-42b2-ac85-84d4aae55091;35f389be-886f-421b-a0da-6244a230cfc3;4;0
71b6e3d6-a43c-42b2-ac85-84d4aae55091;9976821a-b7c4-45e4-90e1-4718a8ea498d;1;1
71b6e3d6-a43c-42b2-ac85-84d4aae55091;4a3ff2cf-924a-40b2-8540-6213eacd2460;2;1
71b6e3d6-a43c-42b2-ac85-84d4aae55091;bc757dba-eae9-449c-8986-3a7423db361b;3;0
71b6e3d6-a43c-42b2-ac85-84d4aae55091;4a6a222f-45d8-46dc-a479-9e2862c5ec04;1;2
71b6e3d6-a43c-42b2-ac85-84d4aae55091;ac7f16c1-b9ac-4471-bbc1-d224f3dea0eb;1;1
71b6e3d6-a43c-42b2-ac85-84d4aae55091;720ea640-677c-40ea-b0f0-2349c14f43e9;2;1
71b6e3d6-a43c-42b2-ac85-84d4aae55091;221524df-de81-4c62-b5fc-07692a7a6701;1;0
71b6e3d6-a43c-42b2-ac85-84d4aae55091;7401aacf-a513-4899-add1-9020af17c085;2;0
71b6e3d6-a43c-42b2-ac85-84d4aae55091;eb71238e-8f11-4b6c-b3d8-4f073dde25cb;0;1
71b6e3d6-a43c-42b2-ac85-84d4aae55091;15ccd2e2-ff62-44af-9cdc-4ba734802b4c;0;2
71b6e3d6-a43c-42b2-ac85-84d4aae55091;b89d061b-211b-468d-8df1-00be0ad11e3b;1;1
71b6e3d6-a43c-42b2-ac85-84d4aae55091;cc216780-5af6-48e5-ba90-40b2b5095f6f;2;0
71b6e3d6-a43c-42b2-ac85-84d4aae55091;23c37287-e2a9-46bd-8462-d93e552f7f02;2;0
71b6e3d6-a43c-42b2-ac85-84d4aae55091;d1baa0fe-6f5b-4c77-ab18-cf3879a35202;2;1
71b6e3d6-a43c-42b2-ac85-84d4aae55091;48233635-63c8-4c8e-9e24-f5fea034d578;1;1
71b6e3d6-a43c-42b2-ac85-84d4aae55091;a0ed30bf-d2ba-4f20-b3ff-9235725a2828;0;3
71b6e3d6-a43c-42b2-ac85-84d4aae55091;dbe94e5e-1ac1-483b-b3e3-b1837bd07b69;1;1
71b6e3d6-a43c-42b2-ac85-84d4aae55091;b4c8645f-7fda-4983-9b85-79c70621e255;3;0
71b6e3d6-a43c-42b2-ac85-84d4aae55091;fbafc025-bbef-4e8f-8c24-3168b7c94609;0;2
71b6e3d6-a43c-42b2-ac85-84d4aae55091;577621d7-41f9-42e9-bc72-7cd5eb642329;2;0
71b6e3d6-a43c-42b2-ac85-84d4aae55091;2e780d25-f1f5-4e6b-bed3-a2c17e245885;2;0
71b6e3d6-a43c-42b2-ac85-84d4aae55091;c9bb33fd-91e7-4fba-b13a-32c8f574bac9;0;2
71b6e3d6-a43c-42b2-ac85-84d4aae55091;4ed786d2-f903-4cfc-8bad-0b1c03757811;1;0
71b6e3d6-a43c-42b2-ac85-84d4aae55091;ec8fa0cd-da44-4bb1-8124-94c0f54837cf;1;1
71b6e3d6-a43c-42b2-ac85-84d4aae55091;4fbf144a-faa9-4928-aa94-424246daf5c2;0;2
71b6e3d6-a43c-42b2-ac85-84d4aae55091;aefa3302-baf2-4aa1-84f3-c1b37212b1fd;3;0
71b6e3d6-a43c-42b2-ac85-84d4aae55091;ffa9e78d-d28b-4f50-8147-10d459414ece;2;1
71b6e3d6-a43c-42b2-ac85-84d4aae55091;e234852c-1749-439a-81a0-9714c2de6884;1;2
71b6e3d6-a43c-42b2-ac85-84d4aae55091;617b2750-c295-4c2c-8947-16e4dfe3e4c3;2;0
71b6e3d6-a43c-42b2-ac85-84d4aae55091;1af918bd-ec32-4802-bad5-4f631af54133;2;0
71b6e3d6-a43c-42b2-ac85-84d4aae55091;84295db2-1e91-48de-9c8c-da77f961b366;2;1
71b6e3d6-a43c-42b2-ac85-84d4aae55091;63ca3b21-8ae6-4694-b5d9-847f594847ca;2;1
71b6e3d6-a43c-42b2-ac85-84d4aae55091;b16dc9f2-3dd6-4477-950f-33306996710f;1;1
71b6e3d6-a43c-42b2-ac85-84d4aae55091;417bb761-fee7-4064-91c1-c0ac7f067f27;0;2
71b6e3d6-a43c-42b2-ac85-84d4aae55091;39a3507d-d9d6-496f-b1d2-1b17699bdcff;1;1
71b6e3d6-a43c-42b2-ac85-84d4aae55091;c5b846f6-0e5f-488f-8db9-903cf600effb;3;0
71b6e3d6-a43c-42b2-ac85-84d4aae55091;05922653-dbb1-4d88-9481-81d45a2a89d4;0;2
71b6e3d6-a43c-42b2-ac85-84d4aae55091;99412f67-a0f5-4a96-a16c-8d79249bbfef;2;0
71b6e3d6-a43c-42b2-ac85-84d4aae55091;fc1a59d4-4b43-412c-a8cf-df27888531b1;2;1
71b6e3d6-a43c-42b2-ac85-84d4aae55091;0a1b2929-b031-4c05-9f44-eb05cc63e024;1;1
71b6e3d6-a43c-42b2-ac85-84d4aae55091;9fa9c061-bbc6-494a-a0b1-3b04e740478e;1;0
71b6e3d6-a43c-42b2-ac85-84d4aae55091;c4fdc0dc-d354-4607-bf5d-9663d8ffcb63;1;1
71b6e3d6-a43c-42b2-ac85-84d4aae55091;75669d9e-deb8-4a01-8f82-efcafd8e3cad;1;1
71b6e3d6-a43c-42b2-ac85-84d4aae55091;214de929-fd81-4d39-9c4a-8833663e4fe1;2;0
71b6e3d6-a43c-42b2-ac85-84d4aae55091;0aa2ebcd-70de-412a-9441-b8b8075500f9;0;2
71b6e3d6-a43c-42b2-ac85-84d4aae55091;3bce09a8-fe18-493f-bba3-75b418219afc;0;2
71b6e3d6-a43c-42b2-ac85-84d4aae55091;c69858fe-95a6-4da7-b0ed-a1c58b2d06b3;2;1
833a68b1-ec0a-41f7-9cfd-88dc1ca46c6c;00804107-d265-4ce0-8fa0-ddbe68e8163d;3;1
833a68b1-ec0a-41f7-9cfd-88dc1ca46c6c;eeb974eb-67fc-4260-a4ea-0a9450cd4bc7;2;1
833a68b1-ec0a-41f7-9cfd-88dc1ca46c6c;51f0ff44-15d4-4669-a082-050405194406;3;1
833a68b1-ec0a-41f7-9cfd-88dc1ca46c6c;e5044fff-3542-4b24-9331-b3c3bd84692d;2;1
833a68b1-ec0a-41f7-9cfd-88dc1ca46c6c;f2e46b5c-6866-492b-b8b3-f6cae34f7ec7;2;3
833a68b1-ec0a-41f7-9cfd-88dc1ca46c6c;f0e9ba93-8a74-429c-be82-31adef64970b;3;1
833a68b1-ec0a-41f7-9cfd-88dc1ca46c6c;2c237b79-380c-4474-b377-275e67b9c3a4;1;1
833a68b1-ec0a-41f7-9cfd-88dc1ca46c6c;1dc15474-5c90-41fd-833a-5bf953fc1a62;0;2
833a68b1-ec0a-41f7-9cfd-88dc1ca46c6c;ed124ab7-1f57-4c61-ae5b-85f327355a54;1;0
833a68b1-ec0a-41f7-9cfd-88dc1ca46c6c;bed268f0-cf7e-405c-a096-7cf8a582c7e2;2;1
833a68b1-ec0a-41f7-9cfd-88dc1ca46c6c;b6ed7065-a307-4e7d-b9f8-f454cdbdf5a8;3;2
833a68b1-ec0a-41f7-9cfd-88dc1ca46c6c;72b48638-ef0f-4645-92c8-51ec6218ed9a;2;0
833a68b1-ec0a-41f7-9cfd-88dc1ca46c6c;c6d40e5f-a57d-49c7-8a85-c6524e5629b6;3;0
833a68b1-ec0a-41f7-9cfd-88dc1ca46c6c;02f0c2c3-b0ec-4dc8-9286-274dc62d85b7;1;3
833a68b1-ec0a-41f7-9cfd-88dc1ca46c6c;46507557-7c9f-4c02-a1a1-6e23f971e923;0;1
833a68b1-ec0a-41f7-9cfd-88dc1ca46c6c;3e2e3c77-f016-493b-bf16-07e31fe91466;4;0
833a68b1-ec0a-41f7-9cfd-88dc1ca46c6c;558195d2-5afb-439d-b3ff-bd8aaa0d05ad;1;2
833a68b1-ec0a-41f7-9cfd-88dc1ca46c6c;790cc44b-d80a-4fa0-9dff-60a47c367dcc;2;0
833a68b1-ec0a-41f7-9cfd-88dc1ca46c6c;d15617ab-21a0-4233-b0c7-d81e9c4fe168;2;3
833a68b1-ec0a-41f7-9cfd-88dc1ca46c6c;8d6f9e88-4f45-4613-bed8-1104fed67e81;1;2
833a68b1-ec0a-41f7-9cfd-88dc1ca46c6c;38e77705-c9dd-4340-b07b-1a602079c785;2;2
833a68b1-ec0a-41f7-9cfd-88dc1ca46c6c;7029238d-800f-474c-a1a1-6e39f6426826;1;3
833a68b1-ec0a-41f7-9cfd-88dc1ca46c6c;b9fe6496-64c2-44a6-9e68-7faa1dbabf94;1;2
833a68b1-ec0a-41f7-9cfd-88dc1ca46c6c;e7c8da36-b6ff-47fa-9904-06af82e7ade4;2;1
833a68b1-ec0a-41f7-9cfd-88dc1ca46c6c;35f389be-886f-421b-a0da-6244a230cfc3;3;1
833a68b1-ec0a-41f7-9cfd-88dc1ca46c6c;9976821a-b7c4-45e4-90e1-4718a8ea498d;1;2
833a68b1-ec0a-41f7-9cfd-88dc1ca46c6c;4a3ff2cf-924a-40b2-8540-6213eacd2460;3;0
833a68b1-ec0a-41f7-9cfd-88dc1ca46c6c;bc757dba-eae9-449c-8986-3a7423db361b;4;1
833a68b1-ec0a-41f7-9cfd-88dc1ca46c6c;4a6a222f-45d8-46dc-a479-9e2862c5ec04;1;3
833a68b1-ec0a-41f7-9cfd-88dc1ca46c6c;ac7f16c1-b9ac-4471-bbc1-d224f3dea0eb;0;2
833a68b1-ec0a-41f7-9cfd-88dc1ca46c6c;720ea640-677c-40ea-b0f0-2349c14f43e9;2;1
833a68b1-ec0a-41f7-9cfd-88dc1ca46c6c;221524df-de81-4c62-b5fc-07692a7a6701;2;0
833a68b1-ec0a-41f7-9cfd-88dc1ca46c6c;7401aacf-a513-4899-add1-9020af17c085;3;2
833a68b1-ec0a-41f7-9cfd-88dc1ca46c6c;eb71238e-8f11-4b6c-b3d8-4f073dde25cb;0;1
833a68b1-ec0a-41f7-9cfd-88dc1ca46c6c;15ccd2e2-ff62-44af-9cdc-4ba734802b4c;0;3
833a68b1-ec0a-41f7-9cfd-88dc1ca46c6c;b89d061b-211b-468d-8df1-00be0ad11e3b;2;2
833a68b1-ec0a-41f7-9cfd-88dc1ca46c6c;cc216780-5af6-48e5-ba90-40b2b5095f6f;4;1
833a68b1-ec0a-41f7-9cfd-88dc1ca46c6c;23c37287-e2a9-46bd-8462-d93e552f7f02;2;1
833a68b1-ec0a-41f7-9cfd-88dc1ca46c6c;d1baa0fe-6f5b-4c77-ab18-cf3879a35202;2;0
833a68b1-ec0a-41f7-9cfd-88dc1ca46c6c;48233635-63c8-4c8e-9e24-f5fea034d578;1;1
833a68b1-ec0a-41f7-9cfd-88dc1ca46c6c;a0ed30bf-d2ba-4f20-b3ff-9235725a2828;1;3
833a68b1-ec0a-41f7-9cfd-88dc1ca46c6c;dbe94e5e-1ac1-483b-b3e3-b1837bd07b69;2;1
833a68b1-ec0a-41f7-9cfd-88dc1ca46c6c;b4c8645f-7fda-4983-9b85-79c70621e255;5;0
833a68b1-ec0a-41f7-9cfd-88dc1ca46c6c;fbafc025-bbef-4e8f-8c24-3168b7c94609;1;3
833a68b1-ec0a-41f7-9cfd-88dc1ca46c6c;577621d7-41f9-42e9-bc72-7cd5eb642329;3;1
833a68b1-ec0a-41f7-9cfd-88dc1ca46c6c;2e780d25-f1f5-4e6b-bed3-a2c17e245885;2;1
833a68b1-ec0a-41f7-9cfd-88dc1ca46c6c;c9bb33fd-91e7-4fba-b13a-32c8f574bac9;1;2
833a68b1-ec0a-41f7-9cfd-88dc1ca46c6c;4ed786d2-f903-4cfc-8bad-0b1c03757811;0;1
833a68b1-ec0a-41f7-9cfd-88dc1ca46c6c;ec8fa0cd-da44-4bb1-8124-94c0f54837cf;4;0
833a68b1-ec0a-41f7-9cfd-88dc1ca46c6c;4fbf144a-faa9-4928-aa94-424246daf5c2;0;2
833a68b1-ec0a-41f7-9cfd-88dc1ca46c6c;aefa3302-baf2-4aa1-84f3-c1b37212b1fd;3;0
833a68b1-ec0a-41f7-9cfd-88dc1ca46c6c;ffa9e78d-d28b-4f50-8147-10d459414ece;2;1
833a68b1-ec0a-41f7-9cfd-88dc1ca46c6c;e234852c-1749-439a-81a0-9714c2de6884;1;3
833a68b1-ec0a-41f7-9cfd-88dc1ca46c6c;617b2750-c295-4c2c-8947-16e4dfe3e4c3;3;1
833a68b1-ec0a-41f7-9cfd-88dc1ca46c6c;1af918bd-ec32-4802-bad5-4f631af54133;3;0
833a68b1-ec0a-41f7-9cfd-88dc1ca46c6c;84295db2-1e91-48de-9c8c-da77f961b366;2;1
833a68b1-ec0a-41f7-9cfd-88dc1ca46c6c;63ca3b21-8ae6-4694-b5d9-847f594847ca;1;1
833a68b1-ec0a-41f7-9cfd-88dc1ca46c6c;b16dc9f2-3dd6-4477-950f-33306996710f;1;1
833a68b1-ec0a-41f7-9cfd-88dc1ca46c6c;417bb761-fee7-4064-91c1-c0ac7f067f27;0;3
833a68b1-ec0a-41f7-9cfd-88dc1ca46c6c;39a3507d-d9d6-496f-b1d2-1b17699bdcff;0;2
833a68b1-ec0a-41f7-9cfd-88dc1ca46c6c;c5b846f6-0e5f-488f-8db9-903cf600effb;3;1
833a68b1-ec0a-41f7-9cfd-88dc1ca46c6c;05922653-dbb1-4d88-9481-81d45a2a89d4;0;2
833a68b1-ec0a-41f7-9cfd-88dc1ca46c6c;99412f67-a0f5-4a96-a16c-8d79249bbfef;2;0
833a68b1-ec0a-41f7-9cfd-88dc1ca46c6c;fc1a59d4-4b43-412c-a8cf-df27888531b1;3;1
833a68b1-ec0a-41f7-9cfd-88dc1ca46c6c;0a1b2929-b031-4c05-9f44-eb05cc63e024;1;3
833a68b1-ec0a-41f7-9cfd-88dc1ca46c6c;9fa9c061-bbc6-494a-a0b1-3b04e740478e;1;3
833a68b1-ec0a-41f7-9cfd-88dc1ca46c6c;c4fdc0dc-d354-4607-bf5d-9663d8ffcb63;1;0
833a68b1-ec0a-41f7-9cfd-88dc1ca46c6c;75669d9e-deb8-4a01-8f82-efcafd8e3cad;2;0
833a68b1-ec0a-41f7-9cfd-88dc1ca46c6c;214de929-fd81-4d39-9c4a-8833663e4fe1;3;0
833a68b1-ec0a-41f7-9cfd-88dc1ca46c6c;0aa2ebcd-70de-412a-9441-b8b8075500f9;0;3
833a68b1-ec0a-41f7-9cfd-88dc1ca46c6c;3bce09a8-fe18-493f-bba3-75b418219afc;0;2
833a68b1-ec0a-41f7-9cfd-88dc1ca46c6c;c69858fe-95a6-4da7-b0ed-a1c58b2d06b3;2;1
b933c529-1fd2-4e31-a675-1b59f3a64b42;00804107-d265-4ce0-8fa0-ddbe68e8163d;2;1
b933c529-1fd2-4e31-a675-1b59f3a64b42;eeb974eb-67fc-4260-a4ea-0a9450cd4bc7;1;1
b933c529-1fd2-4e31-a675-1b59f3a64b42;51f0ff44-15d4-4669-a082-050405194406;1;0
b933c529-1fd2-4e31-a675-1b59f3a64b42;e5044fff-3542-4b24-9331-b3c3bd84692d;2;1
b933c529-1fd2-4e31-a675-1b59f3a64b42;f2e46b5c-6866-492b-b8b3-f6cae34f7ec7;0;1
b933c529-1fd2-4e31-a675-1b59f3a64b42;f0e9ba93-8a74-429c-be82-31adef64970b;1;2
b933c529-1fd2-4e31-a675-1b59f3a64b42;2c237b79-380c-4474-b377-275e67b9c3a4;1;1
b933c529-1fd2-4e31-a675-1b59f3a64b42;1dc15474-5c90-41fd-833a-5bf953fc1a62;0;2
b933c529-1fd2-4e31-a675-1b59f3a64b42;ed124ab7-1f57-4c61-ae5b-85f327355a54;1;0
b933c529-1fd2-4e31-a675-1b59f3a64b42;bed268f0-cf7e-405c-a096-7cf8a582c7e2;2;1
b933c529-1fd2-4e31-a675-1b59f3a64b42;b6ed7065-a307-4e7d-b9f8-f454cdbdf5a8;1;1
b933c529-1fd2-4e31-a675-1b59f3a64b42;72b48638-ef0f-4645-92c8-51ec6218ed9a;1;1
b933c529-1fd2-4e31-a675-1b59f3a64b42;c6d40e5f-a57d-49c7-8a85-c6524e5629b6;2;1
b933c529-1fd2-4e31-a675-1b59f3a64b42;02f0c2c3-b0ec-4dc8-9286-274dc62d85b7;0;3
b933c529-1fd2-4e31-a675-1b59f3a64b42;46507557-7c9f-4c02-a1a1-6e23f971e923;0;1
b933c529-1fd2-4e31-a675-1b59f3a64b42;3e2e3c77-f016-493b-bf16-07e31fe91466;4;0
b933c529-1fd2-4e31-a675-1b59f3a64b42;558195d2-5afb-439d-b3ff-bd8aaa0d05ad;0;2
b933c529-1fd2-4e31-a675-1b59f3a64b42;790cc44b-d80a-4fa0-9dff-60a47c367dcc;2;0
b933c529-1fd2-4e31-a675-1b59f3a64b42;d15617ab-21a0-4233-b0c7-d81e9c4fe168;1;1
b933c529-1fd2-4e31-a675-1b59f3a64b42;8d6f9e88-4f45-4613-bed8-1104fed67e81;1;2
b933c529-1fd2-4e31-a675-1b59f3a64b42;38e77705-c9dd-4340-b07b-1a602079c785;2;1
b933c529-1fd2-4e31-a675-1b59f3a64b42;7029238d-800f-474c-a1a1-6e39f6426826;1;2
b933c529-1fd2-4e31-a675-1b59f3a64b42;b9fe6496-64c2-44a6-9e68-7faa1dbabf94;1;1
b933c529-1fd2-4e31-a675-1b59f3a64b42;e7c8da36-b6ff-47fa-9904-06af82e7ade4;2;0
b933c529-1fd2-4e31-a675-1b59f3a64b42;35f389be-886f-421b-a0da-6244a230cfc3;5;0
b933c529-1fd2-4e31-a675-1b59f3a64b42;9976821a-b7c4-45e4-90e1-4718a8ea498d;2;1
b933c529-1fd2-4e31-a675-1b59f3a64b42;4a3ff2cf-924a-40b2-8540-6213eacd2460;2;0
b933c529-1fd2-4e31-a675-1b59f3a64b42;bc757dba-eae9-449c-8986-3a7423db361b;3;0
b933c529-1fd2-4e31-a675-1b59f3a64b42;4a6a222f-45d8-46dc-a479-9e2862c5ec04;0;3
b933c529-1fd2-4e31-a675-1b59f3a64b42;ac7f16c1-b9ac-4471-bbc1-d224f3dea0eb;0;2
b933c529-1fd2-4e31-a675-1b59f3a64b42;720ea640-677c-40ea-b0f0-2349c14f43e9;1;1
b933c529-1fd2-4e31-a675-1b59f3a64b42;221524df-de81-4c62-b5fc-07692a7a6701;1;1
b933c529-1fd2-4e31-a675-1b59f3a64b42;7401aacf-a513-4899-add1-9020af17c085;2;1
b933c529-1fd2-4e31-a675-1b59f3a64b42;eb71238e-8f11-4b6c-b3d8-4f073dde25cb;1;2
b933c529-1fd2-4e31-a675-1b59f3a64b42;15ccd2e2-ff62-44af-9cdc-4ba734802b4c;0;2
b933c529-1fd2-4e31-a675-1b59f3a64b42;b89d061b-211b-468d-8df1-00be0ad11e3b;1;0
b933c529-1fd2-4e31-a675-1b59f3a64b42;cc216780-5af6-48e5-ba90-40b2b5095f6f;2;1
b933c529-1fd2-4e31-a675-1b59f3a64b42;23c37287-e2a9-46bd-8462-d93e552f7f02;2;0
b933c529-1fd2-4e31-a675-1b59f3a64b42;d1baa0fe-6f5b-4c77-ab18-cf3879a35202;2;1
b933c529-1fd2-4e31-a675-1b59f3a64b42;48233635-63c8-4c8e-9e24-f5fea034d578;0;2
b933c529-1fd2-4e31-a675-1b59f3a64b42;a0ed30bf-d2ba-4f20-b3ff-9235725a2828;0;3
b933c529-1fd2-4e31-a675-1b59f3a64b42;dbe94e5e-1ac1-483b-b3e3-b1837bd07b69;1;1
b933c529-1fd2-4e31-a675-1b59f3a64b42;b4c8645f-7fda-4983-9b85-79c70621e255;4;0
b933c529-1fd2-4e31-a675-1b59f3a64b42;fbafc025-bbef-4e8f-8c24-3168b7c94609;0;2
b933c529-1fd2-4e31-a675-1b59f3a64b42;577621d7-41f9-42e9-bc72-7cd5eb642329;3;0
b933c529-1fd2-4e31-a675-1b59f3a64b42;2e780d25-f1f5-4e6b-bed3-a2c17e245885;2;1
b933c529-1fd2-4e31-a675-1b59f3a64b42;c9bb33fd-91e7-4fba-b13a-32c8f574bac9;1;2
b933c529-1fd2-4e31-a675-1b59f3a64b42;4ed786d2-f903-4cfc-8bad-0b1c03757811;1;1
b933c529-1fd2-4e31-a675-1b59f3a64b42;ec8fa0cd-da44-4bb1-8124-94c0f54837cf;2;1
b933c529-1fd2-4e31-a675-1b59f3a64b42;4fbf144a-faa9-4928-aa94-424246daf5c2;1;2
b933c529-1fd2-4e31-a675-1b59f3a64b42;aefa3302-baf2-4aa1-84f3-c1b37212b1fd;3;0
b933c529-1fd2-4e31-a675-1b59f3a64b42;ffa9e78d-d28b-4f50-8147-10d459414ece;1;1
b933c529-1fd2-4e31-a675-1b59f3a64b42;e234852c-1749-439a-81a0-9714c2de6884;1;2
b933c529-1fd2-4e31-a675-1b59f3a64b42;617b2750-c295-4c2c-8947-16e4dfe3e4c3;2;1
b933c529-1fd2-4e31-a675-1b59f3a64b42;1af918bd-ec32-4802-bad5-4f631af54133;1;0
b933c529-1fd2-4e31-a675-1b59f3a64b42;84295db2-1e91-48de-9c8c-da77f961b366;2;1
b933c529-1fd2-4e31-a675-1b59f3a64b42;63ca3b21-8ae6-4694-b5d9-847f594847ca;2;1
b933c529-1fd2-4e31-a675-1b59f3a64b42;b16dc9f2-3dd6-4477-950f-33306996710f;1;2
b933c529-1fd2-4e31-a675-1b59f3a64b42;417bb761-fee7-4064-91c1-c0ac7f067f27;0;3
b933c529-1fd2-4e31-a675-1b59f3a64b42;39a3507d-d9d6-496f-b1d2-1b17699bdcff;1;1
b933c529-1fd2-4e31-a675-1b59f3a64b42;c5b846f6-0e5f-488f-8db9-903cf600effb;2;0
b933c529-1fd2-4e31-a675-1b59f3a64b42;05922653-dbb1-4d88-9481-81d45a2a89d4;0;2
b933c529-1fd2-4e31-a675-1b59f3a64b42;99412f67-a0f5-4a96-a16c-8d79249bbfef;2;1
b933c529-1fd2-4e31-a675-1b59f3a64b42;fc1a59d4-4b43-412c-a8cf-df27888531b1;2;1
b933c529-1fd2-4e31-a675-1b59f3a64b42;0a1b2929-b031-4c05-9f44-eb05cc63e024;2;1
b933c529-1fd2-4e31-a675-1b59f3a64b42;9fa9c061-bbc6-494a-a0b1-3b04e740478e;1;1
b933c529-1fd2-4e31-a675-1b59f3a64b42;c4fdc0dc-d354-4607-bf5d-9663d8ffcb63;2;1
b933c529-1fd2-4e31-a675-1b59f3a64b42;75669d9e-deb8-4a01-8f82-efcafd8e3cad;2;1
b933c529-1fd2-4e31-a675-1b59f3a64b42;214de929-fd81-4d39-9c4a-8833663e4fe1;1;0
b933c529-1fd2-4e31-a675-1b59f3a64b42;0aa2ebcd-70de-412a-9441-b8b8075500f9;0;2
b933c529-1fd2-4e31-a675-1b59f3a64b42;3bce09a8-fe18-493f-bba3-75b418219afc;0;3
b933c529-1fd2-4e31-a675-1b59f3a64b42;c69858fe-95a6-4da7-b0ed-a1c58b2d06b3;1;1
43bac235-4854-4e4c-bcef-483f13f20f5d;00804107-d265-4ce0-8fa0-ddbe68e8163d;3;1
43bac235-4854-4e4c-bcef-483f13f20f5d;eeb974eb-67fc-4260-a4ea-0a9450cd4bc7;2;1
43bac235-4854-4e4c-bcef-483f13f20f5d;51f0ff44-15d4-4669-a082-050405194406;1;1
43bac235-4854-4e4c-bcef-483f13f20f5d;e5044fff-3542-4b24-9331-b3c3bd84692d;2;2
43bac235-4854-4e4c-bcef-483f13f20f5d;f2e46b5c-6866-492b-b8b3-f6cae34f7ec7;0;2
43bac235-4854-4e4c-bcef-483f13f20f5d;f0e9ba93-8a74-429c-be82-31adef64970b;0;3
43bac235-4854-4e4c-bcef-483f13f20f5d;2c237b79-380c-4474-b377-275e67b9c3a4;2;1
43bac235-4854-4e4c-bcef-483f13f20f5d;1dc15474-5c90-41fd-833a-5bf953fc1a62;2;2
43bac235-4854-4e4c-bcef-483f13f20f5d;ed124ab7-1f57-4c61-ae5b-85f327355a54;2;1
43bac235-4854-4e4c-bcef-483f13f20f5d;bed268f0-cf7e-405c-a096-7cf8a582c7e2;3;1
43bac235-4854-4e4c-bcef-483f13f20f5d;b6ed7065-a307-4e7d-b9f8-f454cdbdf5a8;2;3
43bac235-4854-4e4c-bcef-483f13f20f5d;72b48638-ef0f-4645-92c8-51ec6218ed9a;2;2
43bac235-4854-4e4c-bcef-483f13f20f5d;c6d40e5f-a57d-49c7-8a85-c6524e5629b6;2;2
43bac235-4854-4e4c-bcef-483f13f20f5d;02f0c2c3-b0ec-4dc8-9286-274dc62d85b7;0;1
43bac235-4854-4e4c-bcef-483f13f20f5d;46507557-7c9f-4c02-a1a1-6e23f971e923;1;4
43bac235-4854-4e4c-bcef-483f13f20f5d;3e2e3c77-f016-493b-bf16-07e31fe91466;5;0
43bac235-4854-4e4c-bcef-483f13f20f5d;558195d2-5afb-439d-b3ff-bd8aaa0d05ad;2;3
43bac235-4854-4e4c-bcef-483f13f20f5d;790cc44b-d80a-4fa0-9dff-60a47c367dcc;2;0
43bac235-4854-4e4c-bcef-483f13f20f5d;d15617ab-21a0-4233-b0c7-d81e9c4fe168;1;0
43bac235-4854-4e4c-bcef-483f13f20f5d;8d6f9e88-4f45-4613-bed8-1104fed67e81;1;1
43bac235-4854-4e4c-bcef-483f13f20f5d;38e77705-c9dd-4340-b07b-1a602079c785;3;2
43bac235-4854-4e4c-bcef-483f13f20f5d;7029238d-800f-474c-a1a1-6e39f6426826;1;0
43bac235-4854-4e4c-bcef-483f13f20f5d;b9fe6496-64c2-44a6-9e68-7faa1dbabf94;0;0
43bac235-4854-4e4c-bcef-483f13f20f5d;e7c8da36-b6ff-47fa-9904-06af82e7ade4;1;2
43bac235-4854-4e4c-bcef-483f13f20f5d;35f389be-886f-421b-a0da-6244a230cfc3;4;0
43bac235-4854-4e4c-bcef-483f13f20f5d;9976821a-b7c4-45e4-90e1-4718a8ea498d;0;2
43bac235-4854-4e4c-bcef-483f13f20f5d;4a3ff2cf-924a-40b2-8540-6213eacd2460;3;1
43bac235-4854-4e4c-bcef-483f13f20f5d;bc757dba-eae9-449c-8986-3a7423db361b;3;2
43bac235-4854-4e4c-bcef-483f13f20f5d;4a6a222f-45d8-46dc-a479-9e2862c5ec04;2;4
43bac235-4854-4e4c-bcef-483f13f20f5d;ac7f16c1-b9ac-4471-bbc1-d224f3dea0eb;0;0
43bac235-4854-4e4c-bcef-483f13f20f5d;720ea640-677c-40ea-b0f0-2349c14f43e9;3;2
43bac235-4854-4e4c-bcef-483f13f20f5d;221524df-de81-4c62-b5fc-07692a7a6701;2;0
43bac235-4854-4e4c-bcef-483f13f20f5d;7401aacf-a513-4899-add1-9020af17c085;2;2
43bac235-4854-4e4c-bcef-483f13f20f5d;eb71238e-8f11-4b6c-b3d8-4f073dde25cb;0;1
43bac235-4854-4e4c-bcef-483f13f20f5d;15ccd2e2-ff62-44af-9cdc-4ba734802b4c;1;1
43bac235-4854-4e4c-bcef-483f13f20f5d;b89d061b-211b-468d-8df1-00be0ad11e3b;0;2
43bac235-4854-4e4c-bcef-483f13f20f5d;cc216780-5af6-48e5-ba90-40b2b5095f6f;3;1
43bac235-4854-4e4c-bcef-483f13f20f5d;23c37287-e2a9-46bd-8462-d93e552f7f02;1;1
43bac235-4854-4e4c-bcef-483f13f20f5d;d1baa0fe-6f5b-4c77-ab18-cf3879a35202;3;0
43bac235-4854-4e4c-bcef-483f13f20f5d;48233635-63c8-4c8e-9e24-f5fea034d578;2;3
43bac235-4854-4e4c-bcef-483f13f20f5d;a0ed30bf-d2ba-4f20-b3ff-9235725a2828;1;1
43bac235-4854-4e4c-bcef-483f13f20f5d;dbe94e5e-1ac1-483b-b3e3-b1837bd07b69;2;1
43bac235-4854-4e4c-bcef-483f13f20f5d;b4c8645f-7fda-4983-9b85-79c70621e255;2;0
43bac235-4854-4e4c-bcef-483f13f20f5d;fbafc025-bbef-4e8f-8c24-3168b7c94609;1;1
43bac235-4854-4e4c-bcef-483f13f20f5d;577621d7-41f9-42e9-bc72-7cd5eb642329;2;2
43bac235-4854-4e4c-bcef-483f13f20f5d;2e780d25-f1f5-4e6b-bed3-a2c17e245885;2;0
43bac235-4854-4e4c-bcef-483f13f20f5d;c9bb33fd-91e7-4fba-b13a-32c8f574bac9;3;3
43bac235-4854-4e4c-bcef-483f13f20f5d;4ed786d2-f903-4cfc-8bad-0b1c03757811;0;0
43bac235-4854-4e4c-bcef-483f13f20f5d;ec8fa0cd-da44-4bb1-8124-94c0f54837cf;3;1
43bac235-4854-4e4c-bcef-483f13f20f5d;4fbf144a-faa9-4928-aa94-424246daf5c2;0;2
43bac235-4854-4e4c-bcef-483f13f20f5d;aefa3302-baf2-4aa1-84f3-c1b37212b1fd;4;1
43bac235-4854-4e4c-bcef-483f13f20f5d;ffa9e78d-d28b-4f50-8147-10d459414ece;2;1
43bac235-4854-4e4c-bcef-483f13f20f5d;e234852c-1749-439a-81a0-9714c2de6884;2;0
43bac235-4854-4e4c-bcef-483f13f20f5d;617b2750-c295-4c2c-8947-16e4dfe3e4c3;1;1
43bac235-4854-4e4c-bcef-483f13f20f5d;1af918bd-ec32-4802-bad5-4f631af54133;4;0
43bac235-4854-4e4c-bcef-483f13f20f5d;84295db2-1e91-48de-9c8c-da77f961b366;2;2
43bac235-4854-4e4c-bcef-483f13f20f5d;63ca3b21-8ae6-4694-b5d9-847f594847ca;3;2
43bac235-4854-4e4c-bcef-483f13f20f5d;b16dc9f2-3dd6-4477-950f-33306996710f;2;3
43bac235-4854-4e4c-bcef-483f13f20f5d;417bb761-fee7-4064-91c1-c0ac7f067f27;2;2
43bac235-4854-4e4c-bcef-483f13f20f5d;39a3507d-d9d6-496f-b1d2-1b17699bdcff;2;0
43bac235-4854-4e4c-bcef-483f13f20f5d;c5b846f6-0e5f-488f-8db9-903cf600effb;2;0
43bac235-4854-4e4c-bcef-483f13f20f5d;05922653-dbb1-4d88-9481-81d45a2a89d4;1;1
43bac235-4854-4e4c-bcef-483f13f20f5d;99412f67-a0f5-4a96-a16c-8d79249bbfef;3;1
43bac235-4854-4e4c-bcef-483f13f20f5d;fc1a59d4-4b43-412c-a8cf-df27888531b1;1;1
43bac235-4854-4e4c-bcef-483f13f20f5d;0a1b2929-b031-4c05-9f44-eb05cc63e024;2;2
43bac235-4854-4e4c-bcef-483f13f20f5d;9fa9c061-bbc6-494a-a0b1-3b04e740478e;1;3
43bac235-4854-4e4c-bcef-483f13f20f5d;c4fdc0dc-d354-4607-bf5d-9663d8ffcb63;2;4
43bac235-4854-4e4c-bcef-483f13f20f5d;75669d9e-deb8-4a01-8f82-efcafd8e3cad;1;1
43bac235-4854-4e4c-bcef-483f13f20f5d;214de929-fd81-4d39-9c4a-8833663e4fe1;3;0
43bac235-4854-4e4c-bcef-483f13f20f5d;0aa2ebcd-70de-412a-9441-b8b8075500f9;1;2
43bac235-4854-4e4c-bcef-483f13f20f5d;3bce09a8-fe18-493f-bba3-75b418219afc;0;1
43bac235-4854-4e4c-bcef-483f13f20f5d;c69858fe-95a6-4da7-b0ed-a1c58b2d06b3;1;1
